기준년월,행정동코드,월유동인구수
202307,4111156000,241011.94
202308,4111156000,241268.02
202309,4111156000,236580.4
202310,4111156000,268762.16
202311,4111156000,253510.66
202312,4111156000,254986.72
202401,4111156000,244673.23
202402,4111156000,211774.66
202403,4111156000,251475.44
202404,4111156000,251709.61
202405,4111156000,256072.52
202406,4111156000,245236.31
202407,4111156000,247601.48
202408,4111156000,243807.16
202409,4111156000,256290.52
202410,4111156000,246609.88
202411,4111156000,248006.6
202412,4111156000,247004.08
202501,4111156000,246766.48
202502,4111156000,231349.88
202503,4111156000,260782.53
202504,4111156000,248881.2
202505,4111156000,243738.14
202506,4111156000,239134.22
202307,4111156600,511438.1
202308,4111156600,520708.84
202309,4111156600,553485.3
202310,4111156600,553091.2
202311,4111156600,526834.5
202312,4111156600,515815.22
202401,4111156600,507592.44
202402,4111156600,471971.53
202403,4111156600,614724.5
202404,4111156600,552811.1
202405,4111156600,552327.44
202406,4111156600,509329.88
202407,4111156600,490253.38
202408,4111156600,485605.28
202409,4111156600,571141.4
202410,4111156600,542466.8
202411,4111156600,515726.25
202412,4111156600,514471.8
202501,4111156600,510537.3
202502,4111156600,495038.2
202503,4111156600,621300.75
202504,4111156600,535143.75
202505,4111156600,520269.78
202506,4111156600,496883.78
202307,4111157100,283397.62
202308,4111157100,278846.78
202309,4111157100,279775.44
202310,4111157100,305058.1
202311,4111157100,294267.75
202312,4111157100,299993.44
202401,4111157100,298206.1
202402,4111157100,257224.52
202403,4111157100,283947.66
202404,4111157100,339032.66
202405,4111157100,341624.44
202406,4111157100,362086.53
202407,4111157100,362148.4
202408,4111157100,379243.3
202409,4111157100,412522.56
202410,4111157100,413647.66
202411,4111157100,424518.56
202412,4111157100,425891.47
202501,4111157100,454565.4
202502,4111157100,410626.38
202503,4111157100,427531.4
202504,4111157100,413347.88
202505,4111157100,411251.5
202506,4111157100,409920.94
202307,4111157200,1102608.0
202308,4111157200,1094405.8
202309,4111157200,1084687.1
202310,4111157200,1257053.9
202311,4111157200,1153873.4
202312,4111157200,1191879.8
202401,4111157200,1220887.8
202402,4111157200,1176296.1
202403,4111157200,1258167.2
202404,4111157200,1208464.6
202405,4111157200,1232758.8
202406,4111157200,1189128.2
202407,4111157200,1202402.0
202408,4111157200,1310900.2
202409,4111157200,1696663.4
202410,4111157200,1542272.6
202411,4111157200,1476222.6
202412,4111157200,1571226.2
202501,4111157200,1659030.2
202502,4111157200,1417313.1
202503,4111157200,1526050.8
202504,4111157200,1400493.1
202505,4111157200,1497756.5
202506,4111157200,1448488.8
202307,4111157300,694316.4
202308,4111157300,695759.25
202309,4111157300,705658.1
202310,4111157300,714892.1
202311,4111157300,682493.06
202312,4111157300,673174.0
202401,4111157300,678063.6
202402,4111157300,610088.0
202403,4111157300,714748.0
202404,4111157300,716657.44
202405,4111157300,695419.0
202406,4111157300,674474.06
202407,4111157300,680891.0
202408,4111157300,673080.25
202409,4111157300,761922.44
202410,4111157300,743955.3
202411,4111157300,698878.1
202412,4111157300,716734.4
202501,4111157300,729724.94
202502,4111157300,643428.1
202503,4111157300,732644.75
202504,4111157300,734593.8
202505,4111157300,717949.6
202506,4111157300,690842.0
202307,4111158000,260519.95
202308,4111158000,286291.47
202309,4111158000,312358.84
202310,4111158000,282059.5
202311,4111158000,280167.38
202312,4111158000,297870.88
202401,4111158000,364333.03
202402,4111158000,418246.4
202403,4111158000,409675.75
202404,4111158000,397945.88
202405,4111158000,405274.1
202406,4111158000,385433.62
202407,4111158000,389617.62
202408,4111158000,347939.38
202409,4111158000,281557.47
202410,4111158000,261649.7
202411,4111158000,253658.0
202412,4111158000,248775.19
202501,4111158000,266393.03
202502,4111158000,246640.73
202503,4111158000,253870.88
202504,4111158000,254349.06
202505,4111158000,262221.75
202506,4111158000,254437.98
202307,4111159100,253406.31
202308,4111159100,249653.62
202309,4111159100,251946.78
202310,4111159100,256666.03
202311,4111159100,252347.7
202312,4111159100,256436.7
202401,4111159100,265794.7
202402,4111159100,237357.45
202403,4111159100,267814.28
202404,4111159100,261085.89
202405,4111159100,257802.66
202406,4111159100,243657.8
202407,4111159100,253780.16
202408,4111159100,244893.98
202409,4111159100,274949.22
202410,4111159100,245738.69
202411,4111159100,230312.1
202412,4111159100,233704.1
202501,4111159100,242062.27
202502,4111159100,222151.4
202503,4111159100,263012.2
202504,4111159100,254101.86
202505,4111159100,248375.22
202506,4111159100,250241.12
202307,4111159700,2143133.8
202308,4111159700,2075926.6
202309,4111159700,1972160.0
202310,4111159700,2161495.8
202311,4111159700,1912156.6
202312,4111159700,1877019.1
202401,4111159700,1878525.6
202402,4111159700,1653856.8
202403,4111159700,1990642.0
202404,4111159700,2019254.1
202405,4111159700,2022668.5
202406,4111159700,2024990.5
202407,4111159700,1975126.8
202408,4111159700,2047987.9
202409,4111159700,2161225.2
202410,4111159700,1935142.0
202411,4111159700,1827794.1
202412,4111159700,1838583.5
202501,4111159700,1871183.6
202502,4111159700,1718619.4
202503,4111159700,2005715.4
202504,4111159700,1859049.8
202505,4111159700,2057455.5
202506,4111159700,1905094.1
202307,4111159800,820993.6
202308,4111159800,862638.6
202309,4111159800,831141.1
202310,4111159800,905063.1
202311,4111159800,855165.5
202312,4111159800,905291.94
202401,4111159800,900560.8
202402,4111159800,826841.25
202403,4111159800,859345.5
202404,4111159800,767931.1
202405,4111159800,799763.6
202406,4111159800,764215.0
202407,4111159800,825028.25
202408,4111159800,1158670.0
202409,4111159800,1200995.2
202410,4111159800,1029730.2
202411,4111159800,1127132.9
202412,4111159800,1058299.5
202501,4111159800,1120276.1
202502,4111159800,1002251.25
202503,4111159800,1057704.6
202504,4111159800,1000793.25
202505,4111159800,1021266.1
202506,4111159800,990795.94
202307,4111160000,148065.7
202308,4111160000,145461.55
202309,4111160000,152097.31
202310,4111160000,161017.6
202311,4111160000,136371.03
202312,4111160000,131684.31
202401,4111160000,133827.53
202402,4111160000,138670.94
202403,4111160000,162276.53
202404,4111160000,161832.31
202405,4111160000,151239.11
202406,4111160000,146842.27
202407,4111160000,146857.88
202408,4111160000,145529.02
202409,4111160000,167118.95
202410,4111160000,167148.81
202411,4111160000,149460.69
202412,4111160000,138658.75
202501,4111160000,142977.19
202502,4111160000,134715.25
202503,4111160000,165499.38
202504,4111160000,158809.44
202505,4111160000,165324.28
202506,4111160000,150103.3
202307,4111352000,102697.42
202308,4111352000,107743.15
202309,4111352000,102596.9
202310,4111352000,99549.79
202311,4111352000,97515.2
202312,4111352000,102136.01
202401,4111352000,109384.55
202402,4111352000,105707.97
202403,4111352000,106803.38
202404,4111352000,106115.64
202405,4111352000,105216.19
202406,4111352000,100468.5
202407,4111352000,99991.26
202408,4111352000,102187.86
202409,4111352000,123856.76
202410,4111352000,100823.35
202411,4111352000,97133.11
202412,4111352000,97985.12
202501,4111352000,120477.76
202502,4111352000,105889.06
202503,4111352000,107136.54
202504,4111352000,100265.86
202505,4111352000,105382.23
202506,4111352000,96119.74
202307,4111353000,551305.3
202308,4111353000,541477.5
202309,4111353000,516027.12
202310,4111353000,557446.06
202311,4111353000,520636.2
202312,4111353000,527175.7
202401,4111353000,541264.7
202402,4111353000,494426.97
202403,4111353000,535308.4
202404,4111353000,546358.06
202405,4111353000,540090.9
202406,4111353000,525138.25
202407,4111353000,527411.94
202408,4111353000,524504.94
202409,4111353000,613829.8
202410,4111353000,507545.22
202411,4111353000,502484.5
202412,4111353000,517435.38
202501,4111353000,594111.7
202502,4111353000,549948.94
202503,4111353000,525906.1
202504,4111353000,510391.28
202505,4111353000,518811.56
202506,4111353000,490116.2
202307,4111354000,341589.38
202308,4111354000,326714.8
202309,4111354000,332953.53
202310,4111354000,349780.44
202311,4111354000,325102.8
202312,4111354000,351218.5
202401,4111354000,365539.06
202402,4111354000,309927.9
202403,4111354000,333081.62
202404,4111354000,341109.6
202405,4111354000,311812.44
202406,4111354000,297292.44
202407,4111354000,307307.34
202408,4111354000,291211.38
202409,4111354000,335381.53
202410,4111354000,308060.06
202411,4111354000,295831.84
202412,4111354000,299825.5
202501,4111354000,352311.12
202502,4111354000,323258.78
202503,4111354000,310641.12
202504,4111354000,296034.94
202505,4111354000,318028.16
202506,4111354000,318651.9
202307,4111355000,143585.67
202308,4111355000,140886.1
202309,4111355000,139221.38
202310,4111355000,148239.06
202311,4111355000,143937.02
202312,4111355000,141193.02
202401,4111355000,146171.4
202402,4111355000,130829.38
202403,4111355000,144154.45
202404,4111355000,146461.05
202405,4111355000,147091.72
202406,4111355000,152238.45
202407,4111355000,144623.73
202408,4111355000,141783.6
202409,4111355000,146309.27
202410,4111355000,143549.69
202411,4111355000,144032.75
202412,4111355000,142018.7
202501,4111355000,140195.31
202502,4111355000,139126.12
202503,4111355000,147826.66
202504,4111355000,149115.88
202505,4111355000,144405.05
202506,4111355000,140478.27
202307,4111356000,438076.0
202308,4111356000,426756.2
202309,4111356000,418656.0
202310,4111356000,439673.28
202311,4111356000,405875.53
202312,4111356000,422738.78
202401,4111356000,413485.25
202402,4111356000,364476.44
202403,4111356000,407955.38
202404,4111356000,412920.06
202405,4111356000,413950.12
202406,4111356000,405621.62
202407,4111356000,411136.28
202408,4111356000,404636.88
202409,4111356000,432329.6
202410,4111356000,418494.03
202411,4111356000,420714.22
202412,4111356000,410953.44
202501,4111356000,416373.16
202502,4111356000,380014.3
202503,4111356000,413374.25
202504,4111356000,399288.22
202505,4111356000,413907.5
202506,4111356000,434078.25
202307,4111365000,373508.8
202308,4111365000,396743.78
202309,4111365000,387514.62
202310,4111365000,388942.06
202311,4111365000,374574.84
202312,4111365000,391574.75
202401,4111365000,389731.9
202402,4111365000,356614.3
202403,4111365000,384078.44
202404,4111365000,368357.44
202405,4111365000,375950.5
202406,4111365000,370703.66
202407,4111365000,381744.12
202408,4111365000,389955.44
202409,4111365000,400127.78
202410,4111365000,382991.62
202411,4111365000,385089.28
202412,4111365000,395165.6
202501,4111365000,398948.0
202502,4111365000,361539.53
202503,4111365000,389382.7
202504,4111365000,378197.06
202505,4111365000,391551.97
202506,4111365000,380344.3
202307,4111366200,803159.5
202308,4111366200,789903.2
202309,4111366200,784596.9
202310,4111366200,830735.3
202311,4111366200,770417.7
202312,4111366200,811214.3
202401,4111366200,814373.1
202402,4111366200,746486.94
202403,4111366200,826477.75
202404,4111366200,842342.7
202405,4111366200,826311.44
202406,4111366200,811249.8
202407,4111366200,813210.75
202408,4111366200,802416.25
202409,4111366200,868095.5
202410,4111366200,826253.0
202411,4111366200,802053.25
202412,4111366200,810061.8
202501,4111366200,826143.25
202502,4111366200,747205.75
202503,4111366200,816026.75
202504,4111366200,800169.8
202505,4111366200,792017.7
202506,4111366200,779390.5
202307,4111366400,250585.77
202308,4111366400,246252.89
202309,4111366400,246467.25
202310,4111366400,269226.78
202311,4111366400,260630.1
202312,4111366400,272231.38
202401,4111366400,268327.22
202402,4111366400,246436.73
202403,4111366400,250026.31
202404,4111366400,256439.67
202405,4111366400,257033.64
202406,4111366400,254028.97
202407,4111366400,264330.25
202408,4111366400,273870.8
202409,4111366400,271876.66
202410,4111366400,266257.4
202411,4111366400,262032.06
202412,4111366400,264968.62
202501,4111366400,269892.16
202502,4111366400,248693.97
202503,4111366400,268551.2
202504,4111366400,252666.36
202505,4111366400,262010.19
202506,4111366400,257809.6
202307,4111367000,1480385.8
202308,4111367000,1492788.9
202309,4111367000,1462384.8
202310,4111367000,1644049.0
202311,4111367000,1579876.5
202312,4111367000,1626215.9
202401,4111367000,1666580.1
202402,4111367000,1531126.6
202403,4111367000,1668855.8
202404,4111367000,1608897.5
202405,4111367000,1656357.2
202406,4111367000,1608443.0
202407,4111367000,1662192.9
202408,4111367000,1614611.8
202409,4111367000,1732168.5
202410,4111367000,1580379.0
202411,4111367000,1552318.8
202412,4111367000,1570621.0
202501,4111367000,1634640.1
202502,4111367000,1549985.2
202503,4111367000,1556825.9
202504,4111367000,1497388.6
202505,4111367000,1535243.9
202506,4111367000,1488121.2
202307,4111368000,1265785.2
202308,4111368000,1276778.0
202309,4111368000,1321102.9
202310,4111368000,1231299.5
202311,4111368000,1142205.1
202312,4111368000,1162975.9
202401,4111368000,1172418.0
202402,4111368000,1061563.5
202403,4111368000,1180089.9
202404,4111368000,1274839.2
202405,4111368000,1212861.5
202406,4111368000,1184181.9
202407,4111368000,1245337.8
202408,4111368000,1271680.0
202409,4111368000,1274738.0
202410,4111368000,1201771.8
202411,4111368000,1186629.1
202412,4111368000,1204578.0
202501,4111368000,1268247.4
202502,4111368000,1149466.5
202503,4111368000,1226335.9
202504,4111368000,1172027.8
202505,4111368000,1183585.0
202506,4111368000,1201970.8
202307,4111369000,488419.7
202308,4111369000,483330.97
202309,4111369000,471152.4
202310,4111369000,490849.2
202311,4111369000,453983.22
202312,4111369000,464454.25
202401,4111369000,471158.84
202402,4111369000,417746.44
202403,4111369000,463629.44
202404,4111369000,466033.22
202405,4111369000,456306.22
202406,4111369000,447309.9
202407,4111369000,450209.78
202408,4111369000,437761.28
202409,4111369000,491587.28
202410,4111369000,480547.9
202411,4111369000,466815.9
202412,4111369000,473029.5
202501,4111369000,484790.44
202502,4111369000,454199.78
202503,4111369000,526145.1
202504,4111369000,467597.6
202505,4111369000,480021.53
202506,4111369000,463084.7
202307,4111370000,98122.59
202308,4111370000,96925.17
202309,4111370000,98605.32
202310,4111370000,115595.21
202311,4111370000,100290.07
202312,4111370000,100370.77
202401,4111370000,101298.33
202402,4111370000,93940.51
202403,4111370000,101787.89
202404,4111370000,100357.52
202405,4111370000,100201.43
202406,4111370000,93070.3
202407,4111370000,102514.19
202408,4111370000,101543.7
202409,4111370000,111038.85
202410,4111370000,106564.38
202411,4111370000,102857.23
202412,4111370000,101636.3
202501,4111370000,104657.25
202502,4111370000,95589.48
202503,4111370000,101874.43
202504,4111370000,100375.47
202505,4111370000,102454.77
202506,4111370000,102974.13
202307,4111565000,328689.38
202308,4111565000,319816.3
202309,4111565000,326209.38
202310,4111565000,351391.2
202311,4111565000,323310.44
202312,4111565000,329967.56
202401,4111565000,328576.88
202402,4111565000,288864.06
202403,4111565000,339688.84
202404,4111565000,336734.7
202405,4111565000,353517.97
202406,4111565000,331394.75
202407,4111565000,344809.8
202408,4111565000,337455.22
202409,4111565000,377631.22
202410,4111565000,351024.78
202411,4111565000,340092.66
202412,4111565000,344334.9
202501,4111565000,361967.7
202502,4111565000,349058.88
202503,4111565000,367665.44
202504,4111565000,350780.66
202505,4111565000,395162.78
202506,4111565000,393035.38
202307,4111566000,889571.6
202308,4111566000,884962.94
202309,4111566000,882758.5
202310,4111566000,897591.94
202311,4111566000,841857.7
202312,4111566000,928300.44
202401,4111566000,892048.1
202402,4111566000,879141.7
202403,4111566000,923364.56
202404,4111566000,862664.7
202405,4111566000,924797.06
202406,4111566000,864754.25
202407,4111566000,891534.5
202408,4111566000,884125.25
202409,4111566000,983024.0
202410,4111566000,863751.3
202411,4111566000,850650.06
202412,4111566000,909324.5
202501,4111566000,1039625.9
202502,4111566000,958203.0
202503,4111566000,986207.8
202504,4111566000,848998.8
202505,4111566000,901068.94
202506,4111566000,821666.25
202307,4111567000,144970.89
202308,4111567000,149088.64
202309,4111567000,141680.97
202310,4111567000,155022.23
202311,4111567000,150475.12
202312,4111567000,167925.47
202401,4111567000,168781.94
202402,4111567000,164693.62
202403,4111567000,170159.84
202404,4111567000,172003.61
202405,4111567000,172253.34
202406,4111567000,158801.73
202407,4111567000,156283.52
202408,4111567000,160856.84
202409,4111567000,193024.6
202410,4111567000,173322.48
202411,4111567000,162723.06
202412,4111567000,163753.39
202501,4111567000,184593.48
202502,4111567000,167494.34
202503,4111567000,169185.12
202504,4111567000,166745.56
202505,4111567000,168091.73
202506,4111567000,137038.4
202307,4111568000,1154071.0
202308,4111568000,1133009.1
202309,4111568000,1185434.8
202310,4111568000,1206591.6
202311,4111568000,1129985.6
202312,4111568000,1156862.2
202401,4111568000,1168694.2
202402,4111568000,1080788.5
202403,4111568000,1143139.5
202404,4111568000,1181329.6
202405,4111568000,1153257.4
202406,4111568000,1109766.2
202407,4111568000,1152296.8
202408,4111568000,1126133.1
202409,4111568000,1323687.9
202410,4111568000,1158682.8
202411,4111568000,1122186.2
202412,4111568000,1134149.4
202501,4111568000,1291670.0
202502,4111568000,1152448.1
202503,4111568000,1151229.2
202504,4111568000,1154909.1
202505,4111568000,1130076.0
202506,4111568000,1124934.2
202307,4111569000,494371.84
202308,4111569000,493171.25
202309,4111569000,499326.38
202310,4111569000,545274.7
202311,4111569000,506095.5
202312,4111569000,507338.44
202401,4111569000,482836.6
202402,4111569000,452515.84
202403,4111569000,494523.44
202404,4111569000,506251.12
202405,4111569000,494009.0
202406,4111569000,479578.4
202407,4111569000,481345.75
202408,4111569000,471984.94
202409,4111569000,514272.44
202410,4111569000,491736.66
202411,4111569000,481619.97
202412,4111569000,489796.84
202501,4111569000,494644.12
202502,4111569000,459389.3
202503,4111569000,501163.56
202504,4111569000,521194.4
202505,4111569000,494115.16
202506,4111569000,474251.22
202307,4111570000,486128.47
202308,4111570000,474607.25
202309,4111570000,486459.56
202310,4111570000,609401.25
202311,4111570000,563191.94
202312,4111570000,566836.0
202401,4111570000,610699.1
202402,4111570000,528112.2
202403,4111570000,580388.3
202404,4111570000,560507.1
202405,4111570000,562371.2
202406,4111570000,544363.4
202407,4111570000,569337.44
202408,4111570000,571328.06
202409,4111570000,661155.0
202410,4111570000,601781.8
202411,4111570000,579835.8
202412,4111570000,594628.75
202501,4111570000,657383.56
202502,4111570000,624156.5
202503,4111570000,614768.9
202504,4111570000,597920.3
202505,4111570000,603670.7
202506,4111570000,572877.56
202307,4111571000,238985.94
202308,4111571000,227505.6
202309,4111571000,236025.67
202310,4111571000,253227.69
202311,4111571000,221930.42
202312,4111571000,224870.16
202401,4111571000,210609.7
202402,4111571000,187881.3
202403,4111571000,219576.12
202404,4111571000,216982.31
202405,4111571000,224086.31
202406,4111571000,215365.42
202407,4111571000,209248.84
202408,4111571000,222721.95
202409,4111571000,222555.4
202410,4111571000,226389.66
202411,4111571000,199610.8
202412,4111571000,198170.39
202501,4111571000,198585.5
202502,4111571000,188978.38
202503,4111571000,221992.14
202504,4111571000,208867.05
202505,4111571000,217694.28
202506,4111571000,199950.94
202307,4111572000,226589.97
202308,4111572000,230706.34
202309,4111572000,238920.84
202310,4111572000,252630.52
202311,4111572000,235273.33
202312,4111572000,237433.1
202401,4111572000,227973.36
202402,4111572000,203506.05
202403,4111572000,250756.39
202404,4111572000,247279.75
202405,4111572000,244437.86
202406,4111572000,230824.86
202407,4111572000,229523.94
202408,4111572000,230064.2
202409,4111572000,245508.62
202410,4111572000,237623.31
202411,4111572000,278590.44
202412,4111572000,239075.17
202501,4111572000,233132.52
202502,4111572000,217040.36
202503,4111572000,258546.31
202504,4111572000,237263.38
202505,4111572000,234985.61
202506,4111572000,220102.2
202307,4111573000,3046060.8
202308,4111573000,3189001.0
202309,4111573000,3147429.2
202310,4111573000,3260470.5
202311,4111573000,3053533.8
202312,4111573000,3291750.0
202401,4111573000,3180811.8
202402,4111573000,2838977.5
202403,4111573000,3154963.8
202404,4111573000,3185218.0
202405,4111573000,3226354.0
202406,4111573000,3106496.5
202407,4111573000,3209388.5
202408,4111573000,3125025.5
202409,4111573000,3260343.2
202410,4111573000,3169124.8
202411,4111573000,3127645.0
202412,4111573000,3218694.0
202501,4111573000,3317778.2
202502,4111573000,3124919.0
202503,4111573000,3248059.5
202504,4111573000,3111070.5
202505,4111573000,3162034.0
202506,4111573000,2998553.2
202307,4111574000,253864.88
202308,4111574000,254539.06
202309,4111574000,279825.0
202310,4111574000,336630.0
202311,4111574000,257358.86
202312,4111574000,262510.5
202401,4111574000,242355.69
202402,4111574000,222434.66
202403,4111574000,284114.0
202404,4111574000,297742.97
202405,4111574000,289509.72
202406,4111574000,269072.84
202407,4111574000,251080.72
202408,4111574000,253328.22
202409,4111574000,290720.44
202410,4111574000,326162.3
202411,4111574000,266145.7
202412,4111574000,258936.69
202501,4111574000,256809.16
202502,4111574000,241298.66
202503,4111574000,286406.03
202504,4111574000,282767.56
202505,4111574000,292132.25
202506,4111574000,268657.06
202307,4111751000,365281.78
202308,4111751000,361609.2
202309,4111751000,367095.0
202310,4111751000,376961.97
202311,4111751000,354679.97
202312,4111751000,367131.53
202401,4111751000,388036.03
202402,4111751000,334943.0
202403,4111751000,359655.66
202404,4111751000,351106.4
202405,4111751000,356146.5
202406,4111751000,348582.53
202407,4111751000,360237.78
202408,4111751000,356208.34
202409,4111751000,393252.78
202410,4111751000,356380.28
202411,4111751000,352423.97
202412,4111751000,349806.9
202501,4111751000,378666.88
202502,4111751000,351962.47
202503,4111751000,386832.66
202504,4111751000,363396.6
202505,4111751000,367446.25
202506,4111751000,349851.44
202307,4111752000,730760.2
202308,4111752000,727884.8
202309,4111752000,730921.6
202310,4111752000,741618.5
202311,4111752000,718481.5
202312,4111752000,748395.4
202401,4111752000,761284.25
202402,4111752000,698211.75
202403,4111752000,808761.1
202404,4111752000,806085.06
202405,4111752000,807764.0
202406,4111752000,776650.25
202407,4111752000,830202.3
202408,4111752000,843401.1
202409,4111752000,869427.9
202410,4111752000,849489.2
202411,4111752000,819558.3
202412,4111752000,820351.4
202501,4111752000,795581.7
202502,4111752000,783866.5
202503,4111752000,837461.56
202504,4111752000,795183.0
202505,4111752000,749214.44
202506,4111752000,779776.1
202307,4111753000,2337482.2
202308,4111753000,2307649.0
202309,4111753000,2141366.2
202310,4111753000,2254926.8
202311,4111753000,2289168.0
202312,4111753000,2153592.2
202401,4111753000,2312177.8
202402,4111753000,1952916.1
202403,4111753000,2288626.2
202404,4111753000,2306066.8
202405,4111753000,2302955.5
202406,4111753000,2182452.8
202407,4111753000,2393206.8
202408,4111753000,2260035.5
202409,4111753000,2212760.2
202410,4111753000,2174503.5
202411,4111753000,2194046.8
202412,4111753000,2146781.2
202501,4111753000,2104885.2
202502,4111753000,2103175.8
202503,4111753000,2221730.0
202504,4111753000,2256457.2
202505,4111753000,2156046.5
202506,4111753000,2101477.5
202307,4111754000,508979.22
202308,4111754000,503821.88
202309,4111754000,511474.53
202310,4111754000,554627.44
202311,4111754000,538102.0
202312,4111754000,526196.56
202401,4111754000,534631.1
202402,4111754000,454025.47
202403,4111754000,522570.0
202404,4111754000,512640.53
202405,4111754000,510972.62
202406,4111754000,487684.12
202407,4111754000,507404.88
202408,4111754000,496338.06
202409,4111754000,528994.8
202410,4111754000,521825.88
202411,4111754000,512321.12
202412,4111754000,510371.38
202501,4111754000,521266.47
202502,4111754000,469541.12
202503,4111754000,493975.7
202504,4111754000,475820.7
202505,4111754000,486048.34
202506,4111754000,486900.12
202307,4111755000,635923.7
202308,4111755000,652750.3
202309,4111755000,667128.4
202310,4111755000,669529.0
202311,4111755000,673093.25
202312,4111755000,658725.1
202401,4111755000,652351.4
202402,4111755000,585951.2
202403,4111755000,712092.9
202404,4111755000,692772.6
202405,4111755000,691608.3
202406,4111755000,638527.0
202407,4111755000,645259.94
202408,4111755000,627865.0
202409,4111755000,697105.44
202410,4111755000,696309.5
202411,4111755000,657250.5
202412,4111755000,645093.94
202501,4111755000,633267.1
202502,4111755000,625601.7
202503,4111755000,726600.5
202504,4111755000,685510.94
202505,4111755000,677066.5
202506,4111755000,633287.25
202307,4111757000,485919.56
202308,4111757000,512603.9
202309,4111757000,499018.5
202310,4111757000,519029.16
202311,4111757000,490783.94
202312,4111757000,502543.2
202401,4111757000,509799.1
202402,4111757000,441518.88
202403,4111757000,512966.56
202404,4111757000,491791.12
202405,4111757000,506789.47
202406,4111757000,494613.62
202407,4111757000,505384.3
202408,4111757000,496634.75
202409,4111757000,520290.6
202410,4111757000,503136.6
202411,4111757000,482343.28
202412,4111757000,471121.75
202501,4111757000,489314.97
202502,4111757000,453187.12
202503,4111757000,498538.1
202504,4111757000,493801.66
202505,4111757000,469198.94
202506,4111757000,486060.38
202307,4111758000,753495.1
202308,4111758000,756256.75
202309,4111758000,719648.3
202310,4111758000,755859.1
202311,4111758000,741428.3
202312,4111758000,752048.56
202401,4111758000,757299.6
202402,4111758000,684536.0
202403,4111758000,791835.56
202404,4111758000,776940.7
202405,4111758000,775768.06
202406,4111758000,721500.7
202407,4111758000,751217.9
202408,4111758000,743846.2
202409,4111758000,763207.56
202410,4111758000,765207.7
202411,4111758000,752336.44
202412,4111758000,779095.1
202501,4111758000,780625.56
202502,4111758000,746374.5
202503,4111758000,765837.4
202504,4111758000,770073.2
202505,4111758000,746747.6
202506,4111758000,716774.7
202307,4111758500,1653786.2
202308,4111758500,1602779.2
202309,4111758500,1621202.2
202310,4111758500,1620613.2
202311,4111758500,1546757.6
202312,4111758500,1577288.6
202401,4111758500,1555198.1
202402,4111758500,1420076.2
202403,4111758500,1671986.1
202404,4111758500,1622742.2
202405,4111758500,1556001.9
202406,4111758500,1521919.2
202407,4111758500,1532819.1
202408,4111758500,1538146.5
202409,4111758500,1660175.6
202410,4111758500,1558563.8
202411,4111758500,1532046.4
202412,4111758500,1510844.6
202501,4111758500,1529992.4
202502,4111758500,1499134.8
202503,4111758500,1650404.4
202504,4111758500,1537655.8
202505,4111758500,1530170.1
202506,4111758500,1479328.6
202307,4111759300,797042.4
202308,4111759300,770190.4
202309,4111759300,738794.94
202310,4111759300,791895.2
202311,4111759300,753959.94
202312,4111759300,775964.44
202401,4111759300,788154.94
202402,4111759300,717607.0
202403,4111759300,773800.2
202404,4111759300,754078.3
202405,4111759300,775518.44
202406,4111759300,747909.9
202407,4111759300,912196.1
202408,4111759300,870800.94
202409,4111759300,882251.1
202410,4111759300,869991.6
202411,4111759300,802136.94
202412,4111759300,801725.56
202501,4111759300,830409.4
202502,4111759300,777408.25
202503,4111759300,786273.25
202504,4111759300,716981.2
202505,4111759300,711930.2
202506,4111759300,751898.3
202307,4111759600,299781.3
202308,4111759600,286972.62
202309,4111759600,277753.6
202310,4111759600,297335.72
202311,4111759600,284966.2
202312,4111759600,291106.66
202401,4111759600,311303.22
202402,4111759600,278834.6
202403,4111759600,297378.12
202404,4111759600,296244.28
202405,4111759600,295096.6
202406,4111759600,282284.94
202407,4111759600,295069.56
202408,4111759600,286647.4
202409,4111759600,305393.16
202410,4111759600,352489.94
202411,4111759600,323240.22
202412,4111759600,327615.75
202501,4111759600,352546.94
202502,4111759600,335592.03
202503,4111759600,354626.47
202504,4111759600,368436.28
202505,4111759600,382649.3
202506,4111759600,356820.34
202307,4111760000,762268.2
202308,4111760000,762451.56
202309,4111760000,782974.06
202310,4111760000,809151.1
202311,4111760000,789086.3
202312,4111760000,774020.94
202401,4111760000,764897.44
202402,4111760000,704034.3
202403,4111760000,834321.94
202404,4111760000,816990.44
202405,4111760000,803299.9
202406,4111760000,753429.0
202407,4111760000,765547.2
202408,4111760000,747271.9
202409,4111760000,837337.0
202410,4111760000,794776.4
202411,4111760000,815473.6
202412,4111760000,775955.94
202501,4111760000,751090.25
202502,4111760000,740260.2
202503,4111760000,840540.56
202504,4111760000,797865.3
202505,4111760000,764662.4
202506,4111760000,748533.44
202307,4111761000,471811.44
202308,4111761000,478297.03
202309,4111761000,457470.8
202310,4111761000,458771.88
202311,4111761000,413026.72
202312,4111761000,428706.06
202401,4111761000,411577.53
202402,4111761000,396336.06
202403,4111761000,433968.88
202404,4111761000,418442.2
202405,4111761000,448281.9
202406,4111761000,411256.72
202407,4111761000,426723.62
202408,4111761000,403097.2
202409,4111761000,418065.62
202410,4111761000,404199.53
202411,4111761000,390566.25
202412,4111761000,399195.72
202501,4111761000,422557.97
202502,4111761000,387538.5
202503,4111761000,406398.38
202504,4111761000,405294.72
202505,4111761000,430445.0
202506,4111761000,415795.72
202307,4113151000,452038.62
202308,4113151000,438283.25
202309,4113151000,448381.4
202310,4113151000,490129.44
202311,4113151000,455585.47
202312,4113151000,454755.75
202401,4113151000,465961.9
202402,4113151000,394007.38
202403,4113151000,414405.97
202404,4113151000,425240.84
202405,4113151000,473777.4
202406,4113151000,446446.78
202407,4113151000,461737.1
202408,4113151000,452961.0
202409,4113151000,504777.28
202410,4113151000,478329.12
202411,4113151000,471140.44
202412,4113151000,466512.84
202501,4113151000,523468.22
202502,4113151000,463811.62
202503,4113151000,494720.88
202504,4113151000,473292.4
202505,4113151000,497687.78
202506,4113151000,477342.97
202307,4113152000,582247.0
202308,4113152000,564149.7
202309,4113152000,550668.7
202310,4113152000,575954.56
202311,4113152000,746947.75
202312,4113152000,864176.1
202401,4113152000,827052.44
202402,4113152000,819493.06
202403,4113152000,819875.5
202404,4113152000,800318.4
202405,4113152000,809351.9
202406,4113152000,787454.06
202407,4113152000,819516.7
202408,4113152000,807018.0
202409,4113152000,861128.75
202410,4113152000,815487.06
202411,4113152000,801375.6
202412,4113152000,790737.75
202501,4113152000,872403.5
202502,4113152000,799245.75
202503,4113152000,816113.2
202504,4113152000,795688.7
202505,4113152000,823675.56
202506,4113152000,807870.25
202307,4113153000,1740786.4
202308,4113153000,1799706.1
202309,4113153000,1679581.0
202310,4113153000,1680742.2
202311,4113153000,1573862.4
202312,4113153000,1718505.5
202401,4113153000,1641631.9
202402,4113153000,1614169.6
202403,4113153000,1702671.4
202404,4113153000,1638168.4
202405,4113153000,1685774.8
202406,4113153000,1627811.1
202407,4113153000,1673846.0
202408,4113153000,1634066.0
202409,4113153000,1757670.1
202410,4113153000,1667237.1
202411,4113153000,1609594.1
202412,4113153000,1610433.8
202501,4113153000,1751716.1
202502,4113153000,1630838.2
202503,4113153000,1675546.4
202504,4113153000,1638709.2
202505,4113153000,1641292.2
202506,4113153000,1609916.4
202307,4113154000,449605.56
202308,4113154000,444645.5
202309,4113154000,513752.9
202310,4113154000,527424.56
202311,4113154000,499514.34
202312,4113154000,480915.4
202401,4113154000,441712.38
202402,4113154000,428363.4
202403,4113154000,538475.25
202404,4113154000,533066.44
202405,4113154000,506568.7
202406,4113154000,465921.4
202407,4113154000,442166.44
202408,4113154000,433320.16
202409,4113154000,561336.2
202410,4113154000,506597.16
202411,4113154000,484139.47
202412,4113154000,456659.53
202501,4113154000,464384.97
202502,4113154000,439232.0
202503,4113154000,589229.5
202504,4113154000,507297.72
202505,4113154000,513269.7
202506,4113154000,464289.12
202307,4113155000,349514.78
202308,4113155000,311020.06
202309,4113155000,320673.53
202310,4113155000,323990.56
202311,4113155000,313612.6
202312,4113155000,307441.16
202401,4113155000,319122.84
202402,4113155000,297863.7
202403,4113155000,364372.62
202404,4113155000,328600.8
202405,4113155000,328211.16
202406,4113155000,327029.56
202407,4113155000,338718.66
202408,4113155000,325841.94
202409,4113155000,391273.94
202410,4113155000,364060.9
202411,4113155000,351060.8
202412,4113155000,358241.12
202501,4113155000,380162.94
202502,4113155000,344143.0
202503,4113155000,405329.5
202504,4113155000,360085.53
202505,4113155000,346567.38
202506,4113155000,301411.2
202307,4113156000,485864.9
202308,4113156000,449073.6
202309,4113156000,490913.88
202310,4113156000,498708.0
202311,4113156000,460241.88
202312,4113156000,452438.06
202401,4113156000,449156.34
202402,4113156000,448581.25
202403,4113156000,462811.44
202404,4113156000,471202.22
202405,4113156000,448342.62
202406,4113156000,398438.03
202407,4113156000,418877.84
202408,4113156000,430780.5
202409,4113156000,507417.5
202410,4113156000,437364.38
202411,4113156000,419320.72
202412,4113156000,418288.1
202501,4113156000,473814.12
202502,4113156000,434117.5
202503,4113156000,465559.16
202504,4113156000,419493.4
202505,4113156000,457369.22
202506,4113156000,416914.03
202307,4113156100,947315.5
202308,4113156100,1055230.1
202309,4113156100,916641.94
202310,4113156100,951061.5
202311,4113156100,881112.4
202312,4113156100,881954.5
202401,4113156100,869884.5
202402,4113156100,911351.3
202403,4113156100,862457.0
202404,4113156100,881796.44
202405,4113156100,817937.75
202406,4113156100,768622.3
202407,4113156100,787982.5
202408,4113156100,776645.06
202409,4113156100,872554.75
202410,4113156100,796124.5
202411,4113156100,765430.5
202412,4113156100,737652.0
202501,4113156100,831490.4
202502,4113156100,777597.06
202503,4113156100,808545.75
202504,4113156100,752770.8
202505,4113156100,750789.06
202506,4113156100,747279.3
202307,4113157000,589652.3
202308,4113157000,582635.2
202309,4113157000,573759.8
202310,4113157000,581325.25
202311,4113157000,519432.53
202312,4113157000,544590.06
202401,4113157000,522439.25
202402,4113157000,544421.2
202403,4113157000,560442.2
202404,4113157000,554316.0
202405,4113157000,694023.2
202406,4113157000,635453.94
202407,4113157000,626987.5
202408,4113157000,613654.06
202409,4113157000,713679.9
202410,4113157000,646738.8
202411,4113157000,613638.56
202412,4113157000,631889.3
202501,4113157000,729106.6
202502,4113157000,668413.25
202503,4113157000,653785.9
202504,4113157000,631449.5
202505,4113157000,667102.5
202506,4113157000,616548.2
202307,4113158000,1150250.1
202308,4113158000,1188321.9
202309,4113158000,1237589.0
202310,4113158000,1277398.6
202311,4113158000,1221993.6
202312,4113158000,1208119.5
202401,4113158000,1217802.0
202402,4113158000,1211489.0
202403,4113158000,1173936.9
202404,4113158000,1186340.4
202405,4113158000,1212219.8
202406,4113158000,1158887.0
202407,4113158000,1206851.8
202408,4113158000,1209341.4
202409,4113158000,1404433.1
202410,4113158000,1256751.0
202411,4113158000,1230552.5
202412,4113158000,1192331.9
202501,4113158000,1282595.6
202502,4113158000,1186012.1
202503,4113158000,1191576.5
202504,4113158000,1164428.1
202505,4113158000,1259368.6
202506,4113158000,1186070.2
202307,4113159000,1190312.4
202308,4113159000,1136944.9
202309,4113159000,1169417.0
202310,4113159000,1231112.0
202311,4113159000,1150910.0
202312,4113159000,1170938.8
202401,4113159000,1125453.2
202402,4113159000,1074415.0
202403,4113159000,1125921.5
202404,4113159000,1122274.8
202405,4113159000,1159213.6
202406,4113159000,1083451.9
202407,4113159000,1092944.4
202408,4113159000,1076951.0
202409,4113159000,1143379.6
202410,4113159000,1076220.6
202411,4113159000,1061777.4
202412,4113159000,1146083.9
202501,4113159000,1105621.4
202502,4113159000,861369.25
202503,4113159000,929738.5
202504,4113159000,876886.1
202505,4113159000,1199325.2
202506,4113159000,1043109.44
202307,4113160000,436439.88
202308,4113160000,440207.97
202309,4113160000,433571.4
202310,4113160000,406050.62
202311,4113160000,438108.4
202312,4113160000,447149.97
202401,4113160000,453366.6
202402,4113160000,413869.4
202403,4113160000,503717.56
202404,4113160000,422061.75
202405,4113160000,446196.16
202406,4113160000,433552.84
202407,4113160000,436894.16
202408,4113160000,438065.56
202409,4113160000,474630.66
202410,4113160000,439591.72
202411,4113160000,442004.16
202412,4113160000,416217.4
202501,4113160000,435783.1
202502,4113160000,413848.75
202503,4113160000,498965.4
202504,4113160000,475568.6
202505,4113160000,484401.62
202506,4113160000,452668.22
202307,4113161000,361182.62
202308,4113161000,354861.66
202309,4113161000,368919.62
202310,4113161000,407044.94
202311,4113161000,355100.66
202312,4113161000,359871.78
202401,4113161000,345926.97
202402,4113161000,354975.62
202403,4113161000,378088.2
202404,4113161000,406321.44
202405,4113161000,438231.66
202406,4113161000,399731.38
202407,4113161000,385762.12
202408,4113161000,381341.16
202409,4113161000,425150.75
202410,4113161000,395289.9
202411,4113161000,379656.2
202412,4113161000,363788.4
202501,4113161000,385742.38
202502,4113161000,348730.8
202503,4113161000,385786.9
202504,4113161000,374383.2
202505,4113161000,407621.25
202506,4113161000,386095.6
202307,4113162000,316532.34
202308,4113162000,332838.78
202309,4113162000,443581.6
202310,4113162000,438286.06
202311,4113162000,424061.3
202312,4113162000,365890.22
202401,4113162000,319751.84
202402,4113162000,303832.56
202403,4113162000,509041.88
202404,4113162000,453356.12
202405,4113162000,452616.62
202406,4113162000,387970.4
202407,4113162000,317682.16
202408,4113162000,322370.97
202409,4113162000,470510.38
202410,4113162000,455300.12
202411,4113162000,425177.62
202412,4113162000,368813.3
202501,4113162000,313800.5
202502,4113162000,333952.94
202503,4113162000,521570.1
202504,4113162000,468179.28
202505,4113162000,444511.28
202506,4113162000,397688.56
202307,4113162500,1573645.2
202308,4113162500,1545033.6
202309,4113162500,1501041.5
202310,4113162500,1544129.5
202311,4113162500,1491489.8
202312,4113162500,1523324.1
202401,4113162500,1475653.2
202402,4113162500,1385224.5
202403,4113162500,1573891.5
202404,4113162500,1643137.2
202405,4113162500,1632467.2
202406,4113162500,1631693.9
202407,4113162500,1599976.2
202408,4113162500,1559131.2
202409,4113162500,1630594.9
202410,4113162500,1560303.8
202411,4113162500,1485499.8
202412,4113162500,1486071.6
202501,4113162500,1541002.5
202502,4113162500,1481987.0
202503,4113162500,1536001.8
202504,4113162500,1474318.4
202505,4113162500,1518017.6
202506,4113162500,1506803.9
202307,4113163000,73346.39
202308,4113163000,72559.62
202309,4113163000,72822.16
202310,4113163000,79185.09
202311,4113163000,70922.68
202312,4113163000,68452.57
202401,4113163000,62975.77
202402,4113163000,57760.35
202403,4113163000,69748.53
202404,4113163000,73622.8
202405,4113163000,75176.17
202406,4113163000,72466.11
202407,4113163000,72408.91
202408,4113163000,70959.09
202409,4113163000,84285.9
202410,4113163000,73826.32
202411,4113163000,67127.28
202412,4113163000,65626.99
202501,4113163000,70341.43
202502,4113163000,63996.57
202503,4113163000,71810.15
202504,4113163000,72796.8
202505,4113163000,70221.46
202506,4113163000,70022.01
202307,4113164000,34556.01
202308,4113164000,33646.23
202309,4113164000,34415.56
202310,4113164000,36664.61
202311,4113164000,32399.02
202312,4113164000,31448.2
202401,4113164000,31746.41
202402,4113164000,30222.92
202403,4113164000,36280.28
202404,4113164000,32984.13
202405,4113164000,33822.87
202406,4113164000,32703.62
202407,4113164000,33616.29
202408,4113164000,32235.38
202409,4113164000,36895.0
202410,4113164000,34294.14
202411,4113164000,32963.26
202412,4113164000,31183.56
202501,4113164000,36540.27
202502,4113164000,34552.66
202503,4113164000,36012.27
202504,4113164000,35674.96
202505,4113164000,34776.79
202506,4113164000,34777.85
202307,4113165000,117483.21
202308,4113165000,123540.43
202309,4113165000,114650.53
202310,4113165000,117441.58
202311,4113165000,129185.16
202312,4113165000,120755.6
202401,4113165000,135469.23
202402,4113165000,125838.27
202403,4113165000,142316.1
202404,4113165000,146979.44
202405,4113165000,147583.11
202406,4113165000,142998.78
202407,4113165000,160925.4
202408,4113165000,149691.97
202409,4113165000,147298.94
202410,4113165000,152541.19
202411,4113165000,157688.89
202412,4113165000,153681.31
202501,4113165000,150729.08
202502,4113165000,168091.84
202503,4113165000,160098.55
202504,4113165000,168153.42
202505,4113165000,152026.7
202506,4113165000,152963.58
202307,4113351000,552956.06
202308,4113351000,548509.1
202309,4113351000,559920.4
202310,4113351000,593585.25
202311,4113351000,530294.3
202312,4113351000,534095.44
202401,4113351000,520061.62
202402,4113351000,513448.16
202403,4113351000,574271.25
202404,4113351000,562406.0
202405,4113351000,560525.3
202406,4113351000,535307.2
202407,4113351000,544958.2
202408,4113351000,520904.06
202409,4113351000,594231.06
202410,4113351000,550587.94
202411,4113351000,533702.94
202412,4113351000,543187.8
202501,4113351000,549558.6
202502,4113351000,520104.25
202503,4113351000,555659.44
202504,4113351000,527541.9
202505,4113351000,540522.3
202506,4113351000,522804.5
202307,4113352500,360798.94
202308,4113352500,412032.8
202309,4113352500,410881.8
202310,4113352500,449290.06
202311,4113352500,434524.7
202312,4113352500,466217.44
202401,4113352500,444630.12
202402,4113352500,451106.72
202403,4113352500,462130.56
202404,4113352500,463890.97
202405,4113352500,439955.97
202406,4113352500,426479.7
202407,4113352500,436183.5
202408,4113352500,433358.12
202409,4113352500,471116.34
202410,4113352500,447340.1
202411,4113352500,519167.62
202412,4113352500,432797.3
202501,4113352500,520515.1
202502,4113352500,430181.2
202503,4113352500,460193.7
202504,4113352500,439554.94
202505,4113352500,445180.94
202506,4113352500,430753.03
202307,4113353000,75290.52
202308,4113353000,73312.98
202309,4113353000,72789.4
202310,4113353000,81317.38
202311,4113353000,82165.47
202312,4113353000,79478.85
202401,4113353000,79303.13
202402,4113353000,78038.99
202403,4113353000,79954.07
202404,4113353000,78915.14
202405,4113353000,78203.41
202406,4113353000,75129.18
202407,4113353000,77516.15
202408,4113353000,76709.87
202409,4113353000,83334.69
202410,4113353000,78278.5
202411,4113353000,83261.82
202412,4113353000,75687.52
202501,4113353000,86206.96
202502,4113353000,76798.05
202503,4113353000,78423.06
202504,4113353000,75293.91
202505,4113353000,77617.11
202506,4113353000,74407.42
202307,4113354000,1364978.4
202308,4113354000,1358021.1
202309,4113354000,1461199.6
202310,4113354000,1467386.0
202311,4113354000,1395041.6
202312,4113354000,1345002.5
202401,4113354000,1285032.0
202402,4113354000,1268438.4
202403,4113354000,1407144.9
202404,4113354000,1434824.1
202405,4113354000,1443144.4
202406,4113354000,1325373.4
202407,4113354000,1274075.2
202408,4113354000,1223174.1
202409,4113354000,1493755.5
202410,4113354000,1390516.2
202411,4113354000,1368435.5
202412,4113354000,1295071.5
202501,4113354000,1320813.4
202502,4113354000,1223918.4
202503,4113354000,1446534.0
202504,4113354000,1415711.8
202505,4113354000,1402177.2
202506,4113354000,1333031.0
202307,4113355000,82461.5
202308,4113355000,84763.24
202309,4113355000,93614.33
202310,4113355000,104123.03
202311,4113355000,93623.49
202312,4113355000,94839.83
202401,4113355000,86582.89
202402,4113355000,77368.3
202403,4113355000,80128.03
202404,4113355000,83151.98
202405,4113355000,91172.51
202406,4113355000,81463.52
202407,4113355000,79483.2
202408,4113355000,76157.74
202409,4113355000,93765.99
202410,4113355000,84878.2
202411,4113355000,80545.04
202412,4113355000,76731.93
202501,4113355000,80172.19
202502,4113355000,75299.2
202503,4113355000,82705.87
202504,4113355000,79143.73
202505,4113355000,86633.55
202506,4113355000,82764.79
202307,4113356000,70698.29
202308,4113356000,70768.41
202309,4113356000,76441.2
202310,4113356000,78931.39
202311,4113356000,71689.71
202312,4113356000,70967.61
202401,4113356000,67739.19
202402,4113356000,77193.67
202403,4113356000,80102.85
202404,4113356000,72448.3
202405,4113356000,71014.87
202406,4113356000,66681.61
202407,4113356000,65815.68
202408,4113356000,66365.82
202409,4113356000,74715.08
202410,4113356000,70613.69
202411,4113356000,66909.59
202412,4113356000,65801.39
202501,4113356000,69232.7
202502,4113356000,62461.32
202503,4113356000,70888.65
202504,4113356000,67430.33
202505,4113356000,68213.86
202506,4113356000,64325.63
202307,4113357000,716763.06
202308,4113357000,701188.3
202309,4113357000,680183.06
202310,4113357000,692476.3
202311,4113357000,689277.8
202312,4113357000,637901.4
202401,4113357000,690069.9
202402,4113357000,634741.75
202403,4113357000,661779.7
202404,4113357000,678071.3
202405,4113357000,665267.25
202406,4113357000,622339.1
202407,4113357000,691349.1
202408,4113357000,639706.94
202409,4113357000,651732.3
202410,4113357000,658903.94
202411,4113357000,656462.0
202412,4113357000,653075.1
202501,4113357000,655671.44
202502,4113357000,670123.2
202503,4113357000,658678.3
202504,4113357000,678057.94
202505,4113357000,648135.1
202506,4113357000,632463.94
202307,4113358000,190894.11
202308,4113358000,189365.98
202309,4113358000,190095.34
202310,4113358000,200904.19
202311,4113358000,189598.3
202312,4113358000,185377.55
202401,4113358000,190638.52
202402,4113358000,178037.83
202403,4113358000,168672.34
202404,4113358000,169916.23
202405,4113358000,173708.4
202406,4113358000,170243.11
202407,4113358000,176127.95
202408,4113358000,168684.31
202409,4113358000,180513.52
202410,4113358000,168033.31
202411,4113358000,161904.8
202412,4113358000,165898.6
202501,4113358000,177718.81
202502,4113358000,166153.11
202503,4113358000,170692.95
202504,4113358000,177512.23
202505,4113358000,163791.11
202506,4113358000,157170.56
202307,4113359000,85655.78
202308,4113359000,85319.95
202309,4113359000,87101.72
202310,4113359000,92196.19
202311,4113359000,81337.95
202312,4113359000,83124.91
202401,4113359000,83524.32
202402,4113359000,75143.94
202403,4113359000,73970.42
202404,4113359000,70649.06
202405,4113359000,71676.3
202406,4113359000,71703.94
202407,4113359000,74940.53
202408,4113359000,73576.81
202409,4113359000,78546.74
202410,4113359000,73995.62
202411,4113359000,73577.53
202412,4113359000,75814.23
202501,4113359000,80646.37
202502,4113359000,71970.36
202503,4113359000,76409.75
202504,4113359000,75763.03
202505,4113359000,78789.91
202506,4113359000,76924.85
202307,4113366000,214536.11
202308,4113366000,209409.17
202309,4113366000,211178.84
202310,4113366000,216065.1
202311,4113366000,204321.58
202312,4113366000,209173.19
202401,4113366000,200210.5
202402,4113366000,194832.48
202403,4113366000,204823.81
202404,4113366000,211449.62
202405,4113366000,209187.08
202406,4113366000,177454.94
202407,4113366000,190104.75
202408,4113366000,187405.98
202409,4113366000,198127.11
202410,4113366000,190894.16
202411,4113366000,185627.0
202412,4113366000,186931.73
202501,4113366000,194087.58
202502,4113366000,177628.02
202503,4113366000,190307.56
202504,4113366000,187413.03
202505,4113366000,193003.36
202506,4113366000,184728.7
202307,4113367000,209364.03
202308,4113367000,194395.22
202309,4113367000,207293.34
202310,4113367000,204293.62
202311,4113367000,191925.12
202312,4113367000,191135.28
202401,4113367000,184850.81
202402,4113367000,184338.12
202403,4113367000,194934.84
202404,4113367000,191682.97
202405,4113367000,196291.8
202406,4113367000,202709.1
202407,4113367000,198273.19
202408,4113367000,197177.9
202409,4113367000,215607.6
202410,4113367000,200599.31
202411,4113367000,197522.4
202412,4113367000,196328.58
202501,4113367000,203005.1
202502,4113367000,188731.02
202503,4113367000,199286.11
202504,4113367000,196602.05
202505,4113367000,200851.89
202506,4113367000,191649.34
202307,4113551000,54065.42
202308,4113551000,51001.74
202309,4113551000,52778.97
202310,4113551000,54885.19
202311,4113551000,50275.18
202312,4113551000,52005.24
202401,4113551000,48084.8
202402,4113551000,45929.34
202403,4113551000,52202.82
202404,4113551000,52636.87
202405,4113551000,52327.12
202406,4113551000,50270.27
202407,4113551000,50168.78
202408,4113551000,49210.01
202409,4113551000,54707.03
202410,4113551000,53757.7
202411,4113551000,54008.69
202412,4113551000,48895.06
202501,4113551000,50582.58
202502,4113551000,45100.06
202503,4113551000,51267.15
202504,4113551000,50496.76
202505,4113551000,51088.43
202506,4113551000,49200.8
202307,4113552000,603459.4
202308,4113552000,585952.7
202309,4113552000,552501.75
202310,4113552000,582549.2
202311,4113552000,564538.06
202312,4113552000,551725.56
202401,4113552000,581481.06
202402,4113552000,531413.6
202403,4113552000,575761.1
202404,4113552000,596782.5
202405,4113552000,593743.94
202406,4113552000,571915.1
202407,4113552000,606011.1
202408,4113552000,586458.1
202409,4113552000,586035.94
202410,4113552000,582761.6
202411,4113552000,532636.0
202412,4113552000,522186.22
202501,4113552000,537799.5
202502,4113552000,539211.75
202503,4113552000,541250.4
202504,4113552000,531306.7
202505,4113552000,521975.12
202506,4113552000,516899.44
202307,4113553000,37294.31
202308,4113553000,39007.34
202309,4113553000,38997.95
202310,4113553000,47477.72
202311,4113553000,42098.43
202312,4113553000,42380.31
202401,4113553000,41355.29
202402,4113553000,29249.2
202403,4113553000,31623.31
202404,4113553000,28656.34
202405,4113553000,32986.58
202406,4113553000,32007.82
202407,4113553000,33148.73
202408,4113553000,31539.93
202409,4113553000,38254.38
202410,4113553000,34401.09
202411,4113553000,29593.96
202412,4113553000,30282.89
202501,4113553000,34677.24
202502,4113553000,31568.17
202503,4113553000,41349.84
202504,4113553000,34395.7
202505,4113553000,38316.1
202506,4113553000,39711.71
202307,4113554000,520588.56
202308,4113554000,528668.6
202309,4113554000,512386.06
202310,4113554000,535025.1
202311,4113554000,504838.8
202312,4113554000,506529.62
202401,4113554000,498067.5
202402,4113554000,470552.88
202403,4113554000,505463.28
202404,4113554000,519885.3
202405,4113554000,509895.88
202406,4113554000,502534.25
202407,4113554000,515773.0
202408,4113554000,509734.88
202409,4113554000,537377.0
202410,4113554000,517522.8
202411,4113554000,503091.34
202412,4113554000,498762.8
202501,4113554000,520987.72
202502,4113554000,488626.53
202503,4113554000,477799.53
202504,4113554000,494692.66
202505,4113554000,510157.62
202506,4113554000,492920.78
202307,4113554500,1764092.4
202308,4113554500,1726531.8
202309,4113554500,1598441.5
202310,4113554500,1658998.8
202311,4113554500,1705411.5
202312,4113554500,1649275.8
202401,4113554500,1679743.1
202402,4113554500,1563846.9
202403,4113554500,1721326.8
202404,4113554500,1719999.0
202405,4113554500,1840959.4
202406,4113554500,1676334.0
202407,4113554500,1741361.6
202408,4113554500,1716448.4
202409,4113554500,1701531.0
202410,4113554500,1701574.8
202411,4113554500,1651238.2
202412,4113554500,1652976.9
202501,4113554500,1712547.5
202502,4113554500,1662951.9
202503,4113554500,1724154.4
202504,4113554500,1668590.9
202505,4113554500,1641865.9
202506,4113554500,1612787.4
202307,4113555000,1453508.2
202308,4113555000,1423388.9
202309,4113555000,1373151.6
202310,4113555000,1419363.6
202311,4113555000,1394276.1
202312,4113555000,1340906.5
202401,4113555000,1432195.6
202402,4113555000,1336936.0
202403,4113555000,1440503.0
202404,4113555000,1447130.1
202405,4113555000,1393003.0
202406,4113555000,1357662.9
202407,4113555000,1441150.5
202408,4113555000,1397195.5
202409,4113555000,1431125.8
202410,4113555000,1441616.8
202411,4113555000,1392287.4
202412,4113555000,1354884.4
202501,4113555000,1441511.1
202502,4113555000,1454192.9
202503,4113555000,1436275.9
202504,4113555000,1400838.1
202505,4113555000,1368040.1
202506,4113555000,1355872.8
202307,4113556000,885504.3
202308,4113556000,865872.6
202309,4113556000,867162.2
202310,4113556000,929970.5
202311,4113556000,877378.1
202312,4113556000,884725.56
202401,4113556000,884761.7
202402,4113556000,832468.94
202403,4113556000,932584.9
202404,4113556000,930830.94
202405,4113556000,903384.25
202406,4113556000,894010.4
202407,4113556000,906252.3
202408,4113556000,909960.06
202409,4113556000,1103099.6
202410,4113556000,932469.6
202411,4113556000,1124396.5
202412,4113556000,1100977.0
202501,4113556000,1121219.9
202502,4113556000,1039648.8
202503,4113556000,1065671.2
202504,4113556000,1021443.25
202505,4113556000,1012601.2
202506,4113556000,982295.5
202307,4113557000,1396506.2
202308,4113557000,1388571.0
202309,4113557000,1308500.4
202310,4113557000,1330375.6
202311,4113557000,1330112.5
202312,4113557000,1285713.5
202401,4113557000,1247565.1
202402,4113557000,1170551.5
202403,4113557000,1272019.8
202404,4113557000,1247337.9
202405,4113557000,1332387.9
202406,4113557000,1220967.2
202407,4113557000,1273027.0
202408,4113557000,1189343.1
202409,4113557000,1237971.8
202410,4113557000,1166599.0
202411,4113557000,1150998.0
202412,4113557000,1166911.0
202501,4113557000,1195611.9
202502,4113557000,1137930.0
202503,4113557000,1206663.0
202504,4113557000,1201698.2
202505,4113557000,1184991.2
202506,4113557000,1189043.2
202307,4113558000,198784.1
202308,4113558000,185945.27
202309,4113558000,177720.05
202310,4113558000,188616.1
202311,4113558000,187399.23
202312,4113558000,192729.02
202401,4113558000,193567.88
202402,4113558000,177258.0
202403,4113558000,194362.44
202404,4113558000,192832.48
202405,4113558000,197268.67
202406,4113558000,189384.98
202407,4113558000,202628.3
202408,4113558000,196774.6
202409,4113558000,200298.27
202410,4113558000,195246.73
202411,4113558000,191024.98
202412,4113558000,193691.95
202501,4113558000,199503.19
202502,4113558000,191106.53
202503,4113558000,193308.19
202504,4113558000,190414.52
202505,4113558000,193189.39
202506,4113558000,187515.27
202307,4113559000,332749.75
202308,4113559000,324242.47
202309,4113559000,319472.38
202310,4113559000,342840.72
202311,4113559000,329372.88
202312,4113559000,324565.1
202401,4113559000,317578.0
202402,4113559000,309637.0
202403,4113559000,321253.72
202404,4113559000,328217.34
202405,4113559000,337919.72
202406,4113559000,332124.16
202407,4113559000,337732.16
202408,4113559000,331596.8
202409,4113559000,359414.9
202410,4113559000,333845.47
202411,4113559000,332447.47
202412,4113559000,332255.38
202501,4113559000,345509.7
202502,4113559000,316405.12
202503,4113559000,336077.22
202504,4113559000,328112.25
202505,4113559000,335458.25
202506,4113559000,319679.66
202307,4113560000,492013.2
202308,4113560000,479812.1
202309,4113560000,479141.22
202310,4113560000,490787.47
202311,4113560000,473371.8
202312,4113560000,466455.34
202401,4113560000,456231.06
202402,4113560000,425585.28
202403,4113560000,474909.22
202404,4113560000,477421.12
202405,4113560000,488761.34
202406,4113560000,466644.97
202407,4113560000,476643.84
202408,4113560000,466514.8
202409,4113560000,496743.38
202410,4113560000,487229.3
202411,4113560000,467175.1
202412,4113560000,459776.12
202501,4113560000,470741.88
202502,4113560000,447473.12
202503,4113560000,486619.28
202504,4113560000,485596.0
202505,4113560000,490111.53
202506,4113560000,473372.25
202307,4113561000,111706.22
202308,4113561000,110921.35
202309,4113561000,113496.99
202310,4113561000,116539.68
202311,4113561000,111787.49
202312,4113561000,105772.16
202401,4113561000,97887.03
202402,4113561000,96792.8
202403,4113561000,106716.02
202404,4113561000,101341.49
202405,4113561000,95756.98
202406,4113561000,92213.75
202407,4113561000,91547.26
202408,4113561000,87345.56
202409,4113561000,98382.09
202410,4113561000,98068.52
202411,4113561000,96314.68
202412,4113561000,93891.64
202501,4113561000,94232.69
202502,4113561000,86946.18
202503,4113561000,94742.54
202504,4113561000,94710.23
202505,4113561000,93450.94
202506,4113561000,88378.01
202307,4113562000,497997.34
202308,4113562000,489849.88
202309,4113562000,467995.7
202310,4113562000,490422.56
202311,4113562000,455593.34
202312,4113562000,473935.7
202401,4113562000,457783.22
202402,4113562000,428258.78
202403,4113562000,463277.25
202404,4113562000,464292.1
202405,4113562000,483654.4
202406,4113562000,450568.25
202407,4113562000,470202.16
202408,4113562000,456323.72
202409,4113562000,453583.78
202410,4113562000,461964.06
202411,4113562000,455275.25
202412,4113562000,470753.28
202501,4113562000,465637.12
202502,4113562000,456615.8
202503,4113562000,470343.6
202504,4113562000,459909.22
202505,4113562000,465143.6
202506,4113562000,455626.7
202307,4113563000,182115.1
202308,4113563000,177739.89
202309,4113563000,172728.81
202310,4113563000,194079.94
202311,4113563000,191722.69
202312,4113563000,198800.48
202401,4113563000,197419.62
202402,4113563000,183397.58
202403,4113563000,231785.0
202404,4113563000,220564.31
202405,4113563000,211426.16
202406,4113563000,201613.56
202407,4113563000,210849.95
202408,4113563000,201774.05
202409,4113563000,215570.38
202410,4113563000,206823.97
202411,4113563000,205426.7
202412,4113563000,210763.06
202501,4113563000,230226.4
202502,4113563000,201621.42
202503,4113563000,209167.27
202504,4113563000,207858.44
202505,4113563000,213676.02
202506,4113563000,226268.81
202307,4113564000,411461.94
202308,4113564000,386642.9
202309,4113564000,388169.0
202310,4113564000,387511.1
202311,4113564000,388276.72
202312,4113564000,376962.3
202401,4113564000,366072.75
202402,4113564000,343987.16
202403,4113564000,388424.53
202404,4113564000,412277.88
202405,4113564000,404090.2
202406,4113564000,383542.84
202407,4113564000,400898.5
202408,4113564000,374032.22
202409,4113564000,404449.34
202410,4113564000,388189.88
202411,4113564000,379617.44
202412,4113564000,377406.47
202501,4113564000,385759.75
202502,4113564000,361261.84
202503,4113564000,391074.25
202504,4113564000,394564.1
202505,4113564000,387336.56
202506,4113564000,374620.03
202307,4113565000,131397.05
202308,4113565000,129673.17
202309,4113565000,124896.16
202310,4113565000,134908.97
202311,4113565000,129262.92
202312,4113565000,127497.42
202401,4113565000,131419.12
202402,4113565000,119143.33
202403,4113565000,126458.05
202404,4113565000,123646.29
202405,4113565000,124424.44
202406,4113565000,121986.71
202407,4113565000,127345.83
202408,4113565000,122419.01
202409,4113565000,128519.44
202410,4113565000,129123.19
202411,4113565000,131604.48
202412,4113565000,129428.95
202501,4113565000,130576.05
202502,4113565000,126236.97
202503,4113565000,130957.98
202504,4113565000,129357.91
202505,4113565000,126777.13
202506,4113565000,127754.57
202307,4113565500,896435.1
202308,4113565500,879215.3
202309,4113565500,817136.25
202310,4113565500,825560.1
202311,4113565500,882076.6
202312,4113565500,815334.2
202401,4113565500,902185.8
202402,4113565500,785874.5
202403,4113565500,881932.8
202404,4113565500,908978.4
202405,4113565500,868560.0
202406,4113565500,837264.1
202407,4113565500,940145.94
202408,4113565500,861493.44
202409,4113565500,821074.2
202410,4113565500,834463.25
202411,4113565500,830042.75
202412,4113565500,806471.3
202501,4113565500,788097.56
202502,4113565500,840501.56
202503,4113565500,825877.75
202504,4113565500,868504.25
202505,4113565500,790963.56
202506,4113565500,814553.56
202307,4113565700,235676.11
202308,4113565700,234089.16
202309,4113565700,224136.2
202310,4113565700,228306.4
202311,4113565700,221528.11
202312,4113565700,233035.5
202401,4113565700,213223.44
202402,4113565700,208046.95
202403,4113565700,226005.53
202404,4113565700,210187.34
202405,4113565700,221840.16
202406,4113565700,213345.69
202407,4113565700,221728.55
202408,4113565700,219030.84
202409,4113565700,229144.0
202410,4113565700,222205.11
202411,4113565700,218261.34
202412,4113565700,221048.42
202501,4113565700,217840.16
202502,4113565700,210500.81
202503,4113565700,227571.69
202504,4113565700,214912.73
202505,4113565700,226082.3
202506,4113565700,218493.17
202307,4113566200,813837.0
202308,4113566200,798127.56
202309,4113566200,777468.7
202310,4113566200,788982.7
202311,4113566200,776905.06
202312,4113566200,786088.9
202401,4113566200,789157.8
202402,4113566200,750969.4
202403,4113566200,801912.0
202404,4113566200,796268.8
202405,4113566200,805895.0
202406,4113566200,807289.3
202407,4113566200,858501.3
202408,4113566200,838200.4
202409,4113566200,868108.2
202410,4113566200,847100.25
202411,4113566200,834034.44
202412,4113566200,828234.56
202501,4113566200,851907.3
202502,4113566200,817598.25
202503,4113566200,829519.94
202504,4113566200,833599.5
202505,4113566200,847261.4
202506,4113566200,826170.3
202307,4113566500,215248.84
202308,4113566500,205689.4
202309,4113566500,200590.92
202310,4113566500,210825.55
202311,4113566500,201111.12
202312,4113566500,205825.4
202401,4113566500,205311.23
202402,4113566500,184716.88
202403,4113566500,201136.94
202404,4113566500,209699.97
202405,4113566500,211417.52
202406,4113566500,199871.02
202407,4113566500,210766.7
202408,4113566500,201624.28
202409,4113566500,204912.55
202410,4113566500,203398.48
202411,4113566500,198111.16
202412,4113566500,199179.78
202501,4113566500,202948.34
202502,4113566500,196886.11
202503,4113566500,202149.5
202504,4113566500,202141.38
202505,4113566500,203184.03
202506,4113566500,198333.12
202307,4113567000,1151505.6
202308,4113567000,1132698.6
202309,4113567000,1097602.6
202310,4113567000,1125446.6
202311,4113567000,1114968.1
202312,4113567000,1122467.9
202401,4113567000,1124089.8
202402,4113567000,1042794.75
202403,4113567000,1098208.2
202404,4113567000,1139868.6
202405,4113567000,1153217.2
202406,4113567000,1129293.2
202407,4113567000,1217619.0
202408,4113567000,1181273.8
202409,4113567000,1185627.4
202410,4113567000,1165725.6
202411,4113567000,1199124.9
202412,4113567000,1173275.5
202501,4113567000,1196170.4
202502,4113567000,1150918.1
202503,4113567000,1173588.2
202504,4113567000,1163006.0
202505,4113567000,1152715.4
202506,4113567000,1137033.5
202307,4113568000,108001.7
202308,4113568000,108153.31
202309,4113568000,105049.62
202310,4113568000,110107.66
202311,4113568000,104596.33
202312,4113568000,106075.7
202401,4113568000,101927.09
202402,4113568000,98015.6
202403,4113568000,106933.06
202404,4113568000,106500.11
202405,4113568000,109042.99
202406,4113568000,104233.76
202407,4113568000,105343.38
202408,4113568000,103218.06
202409,4113568000,111363.9
202410,4113568000,113317.82
202411,4113568000,114074.32
202412,4113568000,114274.68
202501,4113568000,113991.67
202502,4113568000,106458.52
202503,4113568000,114860.29
202504,4113568000,115430.86
202505,4113568000,117980.07
202506,4113568000,110736.46
202307,4115051000,660479.56
202308,4115051000,648426.75
202309,4115051000,678018.44
202310,4115051000,632721.7
202311,4115051000,601003.06
202312,4115051000,687018.7
202401,4115051000,627974.4
202402,4115051000,597250.1
202403,4115051000,666584.0
202404,4115051000,638345.1
202405,4115051000,636948.5
202406,4115051000,600190.3
202407,4115051000,637709.0
202408,4115051000,618113.0
202409,4115051000,683315.8
202410,4115051000,642773.0
202411,4115051000,626617.8
202412,4115051000,638904.7
202501,4115051000,681356.8
202502,4115051000,618238.0
202503,4115051000,664457.25
202504,4115051000,649003.5
202505,4115051000,668944.25
202506,4115051000,636359.56
202307,4115052000,1021190.25
202308,4115052000,1009774.4
202309,4115052000,1023523.75
202310,4115052000,990303.44
202311,4115052000,992494.75
202312,4115052000,1018367.9
202401,4115052000,963350.1
202402,4115052000,913509.4
202403,4115052000,1037040.9
202404,4115052000,967940.44
202405,4115052000,1025992.75
202406,4115052000,966739.25
202407,4115052000,1048273.7
202408,4115052000,1012844.6
202409,4115052000,1006130.75
202410,4115052000,960496.8
202411,4115052000,945709.8
202412,4115052000,958134.25
202501,4115052000,968984.75
202502,4115052000,941038.0
202503,4115052000,963085.94
202504,4115052000,936622.3
202505,4115052000,958536.75
202506,4115052000,935831.2
202307,4115054500,462749.44
202308,4115054500,517531.6
202309,4115054500,472496.16
202310,4115054500,463812.62
202311,4115054500,455242.97
202312,4115054500,451160.3
202401,4115054500,435909.5
202402,4115054500,416199.56
202403,4115054500,499590.1
202404,4115054500,471091.72
202405,4115054500,500376.4
202406,4115054500,476333.75
202407,4115054500,446315.75
202408,4115054500,434236.8
202409,4115054500,499142.75
202410,4115054500,474253.25
202411,4115054500,459217.47
202412,4115054500,460444.9
202501,4115054500,455910.56
202502,4115054500,415251.0
202503,4115054500,473899.12
202504,4115054500,467121.94
202505,4115054500,473062.28
202506,4115054500,447953.75
202307,4115055500,697001.0
202308,4115055500,622418.4
202309,4115055500,700184.9
202310,4115055500,663873.44
202311,4115055500,627313.8
202312,4115055500,617251.94
202401,4115055500,594651.9
202402,4115055500,584459.44
202403,4115055500,641455.4
202404,4115055500,597275.7
202405,4115055500,594178.5
202406,4115055500,582127.1
202407,4115055500,616002.4
202408,4115055500,622384.9
202409,4115055500,678439.44
202410,4115055500,628636.6
202411,4115055500,602609.6
202412,4115055500,615655.75
202501,4115055500,656169.7
202502,4115055500,586518.6
202503,4115055500,636346.6
202504,4115055500,652919.0
202505,4115055500,649336.5
202506,4115055500,630125.3
202307,4115056100,177004.58
202308,4115056100,168963.48
202309,4115056100,174695.34
202310,4115056100,174256.34
202311,4115056100,171065.3
202312,4115056100,165196.3
202401,4115056100,179048.95
202402,4115056100,165472.67
202403,4115056100,182394.77
202404,4115056100,182363.95
202405,4115056100,186479.53
202406,4115056100,195328.9
202407,4115056100,190432.9
202408,4115056100,205208.42
202409,4115056100,217871.7
202410,4115056100,203971.23
202411,4115056100,196831.97
202412,4115056100,193493.48
202501,4115056100,223029.6
202502,4115056100,181768.88
202503,4115056100,198129.6
202504,4115056100,186391.52
202505,4115056100,199918.6
202506,4115056100,188830.34
202307,4115056700,433435.12
202308,4115056700,395066.2
202309,4115056700,385736.5
202310,4115056700,403056.94
202311,4115056700,380531.22
202312,4115056700,388667.97
202401,4115056700,428422.38
202402,4115056700,386893.47
202403,4115056700,415379.4
202404,4115056700,370972.66
202405,4115056700,359548.38
202406,4115056700,353735.4
202407,4115056700,364542.84
202408,4115056700,363815.2
202409,4115056700,403703.66
202410,4115056700,384240.1
202411,4115056700,380907.97
202412,4115056700,391697.75
202501,4115056700,422596.3
202502,4115056700,365665.56
202503,4115056700,393412.75
202504,4115056700,387417.22
202505,4115056700,395039.06
202506,4115056700,387908.72
202307,4115056800,314718.3
202308,4115056800,336926.22
202309,4115056800,304446.44
202310,4115056800,297442.6
202311,4115056800,291932.0
202312,4115056800,298325.66
202401,4115056800,304006.34
202402,4115056800,270708.0
202403,4115056800,307228.47
202404,4115056800,291360.12
202405,4115056800,280195.28
202406,4115056800,274491.7
202407,4115056800,283693.12
202408,4115056800,284270.5
202409,4115056800,299583.28
202410,4115056800,292998.28
202411,4115056800,276989.9
202412,4115056800,279643.44
202501,4115056800,295089.06
202502,4115056800,260723.31
202503,4115056800,280678.9
202504,4115056800,270525.62
202505,4115056800,281723.0
202506,4115056800,273307.8
202307,4115057300,158133.62
202308,4115057300,337849.9
202309,4115057300,333709.3
202310,4115057300,342483.03
202311,4115057300,331130.3
202312,4115057300,335704.25
202401,4115057300,350303.9
202402,4115057300,326905.62
202403,4115057300,156570.69
202404,4115057300,151046.73
202405,4115057300,154800.52
202406,4115057300,150232.55
202407,4115057300,157170.17
202408,4115057300,146428.58
202409,4115057300,201744.28
202410,4115057300,196385.89
202411,4115057300,191860.94
202412,4115057300,191606.64
202501,4115057300,194565.77
202502,4115057300,178609.28
202503,4115057300,193487.4
202504,4115057300,190159.52
202505,4115057300,194324.19
202506,4115057300,190551.27
202307,4115057600,312391.56
202308,4115057600,284321.44
202309,4115057600,286376.3
202310,4115057600,289218.53
202311,4115057600,282126.6
202312,4115057600,301967.34
202401,4115057600,288681.53
202402,4115057600,273937.2
202403,4115057600,317881.94
202404,4115057600,307656.3
202405,4115057600,317063.78
202406,4115057600,303680.94
202407,4115057600,306937.88
202408,4115057600,277262.06
202409,4115057600,282115.22
202410,4115057600,275182.6
202411,4115057600,268281.88
202412,4115057600,271871.3
202501,4115057600,274726.4
202502,4115057600,238000.9
202503,4115057600,245017.34
202504,4115057600,238394.48
202505,4115057600,246328.02
202506,4115057600,237954.61
202307,4115057800,104276.73
202308,4115057800,100805.98
202309,4115057800,102557.57
202310,4115057800,101138.03
202311,4115057800,103284.04
202312,4115057800,105462.44
202401,4115057800,106421.62
202402,4115057800,97968.47
202403,4115057800,110033.82
202404,4115057800,104050.35
202405,4115057800,102705.43
202406,4115057800,98202.23
202407,4115057800,109350.94
202408,4115057800,102859.07
202409,4115057800,103983.54
202410,4115057800,98583.86
202411,4115057800,96246.76
202412,4115057800,98524.58
202501,4115057800,105050.23
202502,4115057800,100233.31
202503,4115057800,108931.84
202504,4115057800,105706.54
202505,4115057800,108264.51
202506,4115057800,103817.19
202307,4115058000,79597.59
202308,4115058000,79058.15
202309,4115058000,77931.45
202310,4115058000,74855.09
202311,4115058000,74410.88
202312,4115058000,74113.4
202401,4115058000,75324.31
202402,4115058000,69520.51
202403,4115058000,78398.28
202404,4115058000,77329.27
202405,4115058000,76811.5
202406,4115058000,76361.58
202407,4115058000,85553.34
202408,4115058000,101541.31
202409,4115058000,105818.85
202410,4115058000,95589.08
202411,4115058000,105195.97
202412,4115058000,95566.26
202501,4115058000,97561.06
202502,4115058000,90790.35
202503,4115058000,95338.51
202504,4115058000,94666.12
202505,4115058000,99770.04
202506,4115058000,92278.53
202307,4115059500,475677.78
202308,4115059500,433287.22
202309,4115059500,420681.56
202310,4115059500,428033.53
202311,4115059500,426748.62
202312,4115059500,427768.75
202401,4115059500,423033.44
202402,4115059500,404033.8
202403,4115059500,480630.22
202404,4115059500,451874.28
202405,4115059500,407365.03
202406,4115059500,357162.0
202407,4115059500,379042.88
202408,4115059500,419218.75
202409,4115059500,446513.12
202410,4115059500,450191.56
202411,4115059500,427055.0
202412,4115059500,399918.72
202501,4115059500,421133.0
202502,4115059500,368826.47
202503,4115059500,406854.38
202504,4115059500,399618.8
202505,4115059500,408862.0
202506,4115059500,393572.66
202307,4115061500,34121.17
202308,4115061500,32836.02
202309,4115061500,38488.66
202310,4115061500,36340.75
202311,4115061500,36487.4
202312,4115061500,33261.2
202401,4115061500,31688.07
202402,4115061500,29511.17
202403,4115061500,37183.26
202404,4115061500,30993.36
202405,4115061500,31431.0
202406,4115061500,30773.96
202407,4115061500,29034.3
202408,4115061500,27262.91
202409,4115061500,29935.42
202410,4115061500,28317.58
202411,4115061500,27237.48
202412,4115061500,25298.98
202501,4115061500,25081.43
202502,4115061500,22070.87
202503,4115061500,27721.86
202504,4115061500,27300.73
202505,4115061500,27530.2
202506,4115061500,27193.12
202307,4115062000,155159.56
202308,4115062000,146849.45
202309,4115062000,150500.23
202310,4115062000,145260.81
202311,4115062000,144259.4
202312,4115062000,146753.38
202401,4115062000,154803.61
202402,4115062000,143652.44
202403,4115062000,169301.5
202404,4115062000,154867.73
202405,4115062000,151747.28
202406,4115062000,147450.42
202407,4115062000,147938.28
202408,4115062000,149510.3
202409,4115062000,152474.56
202410,4115062000,137392.02
202411,4115062000,131486.16
202412,4115062000,130204.52
202501,4115062000,133556.38
202502,4115062000,120391.91
202503,4115062000,136818.12
202504,4115062000,135787.4
202505,4115062000,136274.52
202506,4115062000,138726.84
202410,4115063000,43778.2
202411,4115063000,43849.45
202412,4115063000,42470.98
202501,4115063000,45578.9
202502,4115063000,42433.2
202503,4115063000,45316.38
202504,4115063000,44749.21
202505,4115063000,46049.68
202506,4115063000,45490.7
202307,4117151000,1712157.5
202308,4117151000,1653375.6
202309,4117151000,1657459.9
202310,4117151000,1695360.5
202311,4117151000,1588731.0
202312,4117151000,1659813.5
202401,4117151000,1507779.2
202402,4117151000,1459490.9
202403,4117151000,1635408.5
202404,4117151000,1683770.2
202405,4117151000,1650811.0
202406,4117151000,1584197.1
202407,4117151000,1584980.5
202408,4117151000,1536976.2
202409,4117151000,1653993.9
202410,4117151000,1645580.1
202411,4117151000,1806342.6
202412,4117151000,1906594.6
202501,4117151000,1960450.4
202502,4117151000,1809260.8
202503,4117151000,2031395.5
202504,4117151000,1835806.2
202505,4117151000,1934805.4
202506,4117151000,1804336.9
202307,4117152000,274759.97
202308,4117152000,276309.84
202309,4117152000,278843.62
202310,4117152000,281408.22
202311,4117152000,270441.66
202312,4117152000,267260.3
202401,4117152000,260876.05
202402,4117152000,262702.66
202403,4117152000,274302.78
202404,4117152000,277918.22
202405,4117152000,270114.9
202406,4117152000,267255.12
202407,4117152000,272275.84
202408,4117152000,261943.33
202409,4117152000,281043.12
202410,4117152000,266745.44
202411,4117152000,259788.66
202412,4117152000,259135.3
202501,4117152000,270909.84
202502,4117152000,248133.64
202503,4117152000,273395.25
202504,4117152000,263811.7
202505,4117152000,269642.6
202506,4117152000,252481.69
202307,4117153000,280225.88
202308,4117153000,286535.28
202309,4117153000,325450.75
202310,4117153000,326725.16
202311,4117153000,311643.38
202312,4117153000,297804.0
202401,4117153000,285965.44
202402,4117153000,278725.62
202403,4117153000,332929.94
202404,4117153000,337678.66
202405,4117153000,318867.7
202406,4117153000,297386.9
202407,4117153000,300418.56
202408,4117153000,274346.38
202409,4117153000,334617.2
202410,4117153000,323463.75
202411,4117153000,309340.06
202412,4117153000,302741.78
202501,4117153000,289783.1
202502,4117153000,268610.3
202503,4117153000,344035.38
202504,4117153000,336911.0
202505,4117153000,336719.56
202506,4117153000,309548.88
202307,4117154000,2100687.0
202308,4117154000,2114752.2
202309,4117154000,1998255.6
202310,4117154000,1957141.5
202311,4117154000,1850688.9
202312,4117154000,1903379.0
202401,4117154000,1937226.6
202402,4117154000,1672661.0
202403,4117154000,1796332.4
202404,4117154000,1780397.6
202405,4117154000,1978405.8
202406,4117154000,1800168.4
202407,4117154000,1818575.2
202408,4117154000,1721670.0
202409,4117154000,1907943.2
202410,4117154000,1854392.2
202411,4117154000,1770314.1
202412,4117154000,1783109.0
202501,4117154000,1965961.0
202502,4117154000,1801241.5
202503,4117154000,1896498.5
202504,4117154000,1950842.1
202505,4117154000,2072123.6
202506,4117154000,2087463.9
202307,4117155000,1407427.1
202308,4117155000,1475907.8
202309,4117155000,1406845.4
202310,4117155000,1487782.5
202311,4117155000,1493663.1
202312,4117155000,1438537.9
202401,4117155000,1409571.2
202402,4117155000,1491478.9
202403,4117155000,1674063.2
202404,4117155000,2074036.0
202405,4117155000,2062387.8
202406,4117155000,1709312.8
202407,4117155000,1567305.6
202408,4117155000,1533903.1
202409,4117155000,1784969.5
202410,4117155000,2082195.8
202411,4117155000,1980798.5
202412,4117155000,1839789.1
202501,4117155000,1858778.6
202502,4117155000,1959423.8
202503,4117155000,2123092.2
202504,4117155000,1964181.8
202505,4117155000,1918300.4
202506,4117155000,1717962.8
202307,4117156000,1466312.9
202308,4117156000,1557722.1
202309,4117156000,1590841.0
202310,4117156000,1639337.5
202311,4117156000,1598876.8
202312,4117156000,1609548.8
202401,4117156000,1600236.6
202402,4117156000,1556642.5
202403,4117156000,1628939.0
202404,4117156000,1645630.8
202405,4117156000,1546252.5
202406,4117156000,1457085.2
202407,4117156000,1535193.0
202408,4117156000,1687883.8
202409,4117156000,1570884.4
202410,4117156000,1493059.2
202411,4117156000,1412015.9
202412,4117156000,1371764.9
202501,4117156000,1418102.8
202502,4117156000,1362290.2
202503,4117156000,1449231.6
202504,4117156000,1386459.0
202505,4117156000,1464121.9
202506,4117156000,1332434.6
202307,4117157000,1623574.5
202308,4117157000,1612734.9
202309,4117157000,1533132.2
202310,4117157000,1589322.5
202311,4117157000,1560101.8
202312,4117157000,1537980.9
202401,4117157000,1605586.2
202402,4117157000,1455307.2
202403,4117157000,1532016.4
202404,4117157000,1459198.8
202405,4117157000,1315708.1
202406,4117157000,1354283.9
202407,4117157000,1531149.1
202408,4117157000,1413434.5
202409,4117157000,1477042.2
202410,4117157000,1347319.1
202411,4117157000,1224295.5
202412,4117157000,1239750.4
202501,4117157000,1268972.9
202502,4117157000,1302719.2
202503,4117157000,1269649.5
202504,4117157000,1269815.6
202505,4117157000,1270538.2
202506,4117157000,1212041.0
202307,4117158000,809277.06
202308,4117158000,785580.25
202309,4117158000,865960.4
202310,4117158000,874091.9
202311,4117158000,820115.56
202312,4117158000,742977.56
202401,4117158000,715363.5
202402,4117158000,657105.1
202403,4117158000,874852.7
202404,4117158000,869892.1
202405,4117158000,914749.25
202406,4117158000,780744.06
202407,4117158000,728241.2
202408,4117158000,724385.4
202409,4117158000,826574.6
202410,4117158000,866581.3
202411,4117158000,828977.1
202412,4117158000,808110.5
202501,4117158000,732755.7
202502,4117158000,690078.3
202503,4117158000,885343.4
202504,4117158000,844686.0
202505,4117158000,833388.4
202506,4117158000,768330.5
202307,4117158100,147450.45
202308,4117158100,145096.75
202309,4117158100,138995.92
202310,4117158100,141777.16
202311,4117158100,130604.03
202312,4117158100,130867.73
202401,4117158100,127025.59
202402,4117158100,127488.05
202403,4117158100,134984.1
202404,4117158100,137156.69
202405,4117158100,143240.9
202406,4117158100,133379.8
202407,4117158100,137965.86
202408,4117158100,137252.98
202409,4117158100,148604.64
202410,4117158100,138204.14
202411,4117158100,136077.2
202412,4117158100,129829.93
202501,4117158100,135451.2
202502,4117158100,120034.66
202503,4117158100,128666.98
202504,4117158100,129033.92
202505,4117158100,136189.53
202506,4117158100,132723.34
202307,4117159000,224224.73
202308,4117159000,230180.62
202309,4117159000,212625.31
202310,4117159000,208207.11
202311,4117159000,191547.1
202312,4117159000,186484.52
202401,4117159000,178889.05
202402,4117159000,175830.05
202403,4117159000,202644.88
202404,4117159000,199757.66
202405,4117159000,211897.84
202406,4117159000,205497.84
202407,4117159000,207013.61
202408,4117159000,221259.06
202409,4117159000,214179.02
202410,4117159000,203370.47
202411,4117159000,199441.55
202412,4117159000,184471.17
202501,4117159000,207200.69
202502,4117159000,192508.45
202503,4117159000,220499.06
202504,4117159000,196963.94
202505,4117159000,204348.12
202506,4117159000,194749.8
202307,4117160000,284209.6
202308,4117160000,285771.66
202309,4117160000,293103.84
202310,4117160000,292909.9
202311,4117160000,284084.9
202312,4117160000,276631.12
202401,4117160000,278977.9
202402,4117160000,273575.2
202403,4117160000,278685.7
202404,4117160000,312766.22
202405,4117160000,298859.72
202406,4117160000,277206.44
202407,4117160000,286142.53
202408,4117160000,281329.6
202409,4117160000,296852.47
202410,4117160000,284616.75
202411,4117160000,278535.75
202412,4117160000,280531.7
202501,4117160000,279691.7
202502,4117160000,249418.3
202503,4117160000,282942.78
202504,4117160000,297918.12
202505,4117160000,279066.25
202506,4117160000,273599.84
202405,4117161100,846021.6
202406,4117161100,824440.3
202407,4117161100,806818.9
202408,4117161100,744127.56
202409,4117161100,812065.6
202410,4117161100,779937.2
202411,4117161100,754613.75
202412,4117161100,722636.94
202501,4117161100,752097.1
202502,4117161100,663681.4
202503,4117161100,736550.3
202504,4117161100,726332.56
202505,4117161100,747488.0
202506,4117161100,723196.7
202307,4117162100,166956.66
202308,4117162100,165264.0
202309,4117162100,165569.34
202310,4117162100,164887.42
202311,4117162100,151103.39
202312,4117162100,155280.34
202401,4117162100,154824.16
202402,4117162100,138801.61
202403,4117162100,134770.66
202404,4117162100,144725.31
202405,4117162100,154336.98
202406,4117162100,151531.25
202407,4117162100,156949.1
202408,4117162100,148785.75
202409,4117162100,165771.2
202410,4117162100,152501.52
202411,4117162100,145460.66
202412,4117162100,144203.77
202501,4117162100,162741.77
202502,4117162100,145590.48
202503,4117162100,149012.78
202504,4117162100,148060.62
202505,4117162100,152561.81
202506,4117162100,141855.33
202307,4117163000,152437.23
202308,4117163000,136371.48
202309,4117163000,138148.39
202310,4117163000,140887.88
202311,4117163000,135613.58
202312,4117163000,133833.66
202401,4117163000,132527.67
202402,4117163000,126903.52
202403,4117163000,132637.7
202404,4117163000,135880.23
202405,4117163000,134627.72
202406,4117163000,133639.62
202407,4117163000,139196.86
202408,4117163000,130557.52
202409,4117163000,147400.6
202410,4117163000,135127.23
202411,4117163000,135433.98
202412,4117163000,128675.23
202501,4117163000,138093.14
202502,4117163000,124769.99
202503,4117163000,133613.02
202504,4117163000,135863.52
202505,4117163000,130799.08
202506,4117163000,128385.83
202307,4117351000,1388770.1
202308,4117351000,1305316.4
202309,4117351000,1356913.8
202310,4117351000,1370617.9
202311,4117351000,1324666.8
202312,4117351000,1336534.0
202401,4117351000,1278909.4
202402,4117351000,1257389.0
202403,4117351000,1379887.5
202404,4117351000,1394576.2
202405,4117351000,1391391.0
202406,4117351000,1299293.6
202407,4117351000,1250303.0
202408,4117351000,1243708.8
202409,4117351000,1350248.1
202410,4117351000,1311395.6
202411,4117351000,1282737.8
202412,4117351000,1275314.9
202501,4117351000,1288927.6
202502,4117351000,1164667.4
202503,4117351000,1342753.8
202504,4117351000,1296809.6
202505,4117351000,1360911.2
202506,4117351000,1240424.1
202307,4117352000,197700.12
202308,4117352000,197339.77
202309,4117352000,195746.2
202310,4117352000,203178.33
202311,4117352000,198734.31
202312,4117352000,205827.66
202401,4117352000,203577.12
202402,4117352000,198698.27
202403,4117352000,205218.83
202404,4117352000,214555.62
202405,4117352000,206885.94
202406,4117352000,197352.84
202407,4117352000,200308.69
202408,4117352000,199338.55
202409,4117352000,207976.55
202410,4117352000,199220.97
202411,4117352000,198154.17
202412,4117352000,204907.17
202501,4117352000,217522.0
202502,4117352000,193983.12
202503,4117352000,212016.0
202504,4117352000,202911.64
202505,4117352000,190965.36
202506,4117352000,168223.33
202307,4117353000,264328.75
202308,4117353000,272619.72
202309,4117353000,256827.78
202310,4117353000,269865.88
202311,4117353000,259304.3
202312,4117353000,255302.84
202401,4117353000,252807.7
202402,4117353000,237896.5
202403,4117353000,260339.12
202404,4117353000,264356.44
202405,4117353000,257667.16
202406,4117353000,259168.0
202407,4117353000,346492.47
202408,4117353000,345990.0
202409,4117353000,357833.1
202410,4117353000,350991.12
202411,4117353000,364401.34
202412,4117353000,362166.62
202501,4117353000,381432.0
202502,4117353000,349084.16
202503,4117353000,371646.6
202504,4117353000,344074.75
202505,4117353000,344472.16
202506,4117353000,333786.47
202307,4117354000,1646291.4
202308,4117354000,1560939.0
202309,4117354000,1516397.8
202310,4117354000,1562919.9
202311,4117354000,1498059.0
202312,4117354000,1534853.6
202401,4117354000,1521484.8
202402,4117354000,1501678.4
202403,4117354000,1580347.9
202404,4117354000,1626928.6
202405,4117354000,1616085.6
202406,4117354000,1526153.4
202407,4117354000,1505023.4
202408,4117354000,1484097.1
202409,4117354000,1533221.9
202410,4117354000,1485460.1
202411,4117354000,1404086.8
202412,4117354000,1376108.8
202501,4117354000,1434485.4
202502,4117354000,1362993.1
202503,4117354000,1427700.2
202504,4117354000,1413282.4
202505,4117354000,1594628.9
202506,4117354000,1294966.8
202307,4117354600,345710.8
202308,4117354600,351634.8
202309,4117354600,353537.84
202310,4117354600,380135.47
202311,4117354600,382819.3
202312,4117354600,391339.78
202401,4117354600,403290.72
202402,4117354600,375263.12
202403,4117354600,410441.3
202404,4117354600,444533.34
202405,4117354600,438188.88
202406,4117354600,422789.22
202407,4117354600,469693.8
202408,4117354600,463460.06
202409,4117354600,461584.06
202410,4117354600,547372.25
202411,4117354600,520089.3
202412,4117354600,505298.72
202501,4117354600,506156.0
202502,4117354600,514168.22
202503,4117354600,552739.75
202504,4117354600,561411.2
202505,4117354600,561690.9
202506,4117354600,578588.0
202405,4117355200,783549.44
202406,4117355200,749004.4
202407,4117355200,757072.25
202408,4117355200,755325.5
202409,4117355200,780613.75
202410,4117355200,764899.6
202411,4117355200,727031.1
202412,4117355200,723211.25
202501,4117355200,745711.0
202502,4117355200,681393.9
202503,4117355200,734516.75
202504,4117355200,762933.7
202505,4117355200,751545.56
202506,4117355200,706829.5
202405,4117355900,228013.88
202406,4117355900,226180.6
202407,4117355900,241618.25
202408,4117355900,221813.97
202409,4117355900,221585.36
202410,4117355900,226759.69
202411,4117355900,234864.84
202412,4117355900,233252.2
202501,4117355900,230482.52
202502,4117355900,239328.78
202503,4117355900,237145.31
202504,4117355900,241392.19
202505,4117355900,215832.25
202506,4117355900,214677.1
202307,4117356600,1531235.6
202308,4117356600,1439510.6
202309,4117356600,1402404.4
202310,4117356600,1419673.1
202311,4117356600,1380621.4
202312,4117356600,1416055.1
202401,4117356600,1385769.0
202402,4117356600,1286514.1
202403,4117356600,1409519.9
202404,4117356600,1526373.0
202405,4117356600,1518321.9
202406,4117356600,1444713.0
202407,4117356600,1544121.2
202408,4117356600,1451917.8
202409,4117356600,1503711.0
202410,4117356600,1486710.2
202411,4117356600,1423053.9
202412,4117356600,1404309.4
202501,4117356600,1404426.9
202502,4117356600,1326170.4
202503,4117356600,1395384.9
202504,4117356600,1347606.9
202505,4117356600,1340741.1
202506,4117356600,1251828.0
202307,4117357000,108555.88
202308,4117357000,112117.72
202309,4117357000,104191.78
202310,4117357000,106264.58
202311,4117357000,105856.9
202312,4117357000,107834.52
202401,4117357000,108186.35
202402,4117357000,101004.26
202403,4117357000,110909.9
202404,4117357000,110740.66
202405,4117357000,116185.83
202406,4117357000,117800.91
202407,4117357000,120116.89
202408,4117357000,116616.44
202409,4117357000,117527.43
202410,4117357000,115039.25
202411,4117357000,110772.91
202412,4117357000,120554.28
202501,4117357000,122412.56
202502,4117357000,116238.5
202503,4117357000,120136.26
202504,4117357000,117887.59
202505,4117357000,118410.51
202506,4117357000,118717.98
202307,4117357600,1798238.4
202308,4117357600,1598480.0
202309,4117357600,1605370.2
202310,4117357600,1641966.0
202311,4117357600,1604434.2
202312,4117357600,1617951.6
202401,4117357600,1557410.2
202402,4117357600,1379507.2
202403,4117357600,1527180.4
202404,4117357600,1674768.5
202405,4117357600,1610144.0
202406,4117357600,1530879.6
202407,4117357600,1562065.4
202408,4117357600,1580109.0
202409,4117357600,1513998.5
202410,4117357600,1446375.9
202411,4117357600,1369810.6
202412,4117357600,1375992.2
202501,4117357600,1369101.4
202502,4117357600,1316172.8
202503,4117357600,1421483.6
202504,4117357600,1451511.6
202505,4117357600,1421948.1
202506,4117357600,1488893.9
202307,4117357800,1449515.9
202308,4117357800,1406551.6
202309,4117357800,1409541.1
202310,4117357800,1460508.4
202311,4117357800,1391611.5
202312,4117357800,1401091.8
202401,4117357800,1438923.9
202402,4117357800,1349185.2
202403,4117357800,1478575.8
202404,4117357800,1542087.9
202405,4117357800,1445579.4
202406,4117357800,1497564.2
202407,4117357800,1434440.8
202408,4117357800,1452475.1
202409,4117357800,1582928.4
202410,4117357800,1595132.1
202411,4117357800,1472561.9
202412,4117357800,1416609.2
202501,4117357800,1495478.6
202502,4117357800,1418939.5
202503,4117357800,1423052.0
202504,4117357800,1441756.2
202505,4117357800,1463861.1
202506,4117357800,1566370.9
202307,4117358000,1196072.8
202308,4117358000,1164566.5
202309,4117358000,1133576.8
202310,4117358000,1201040.2
202311,4117358000,1230919.8
202312,4117358000,1436523.8
202401,4117358000,1505147.1
202402,4117358000,1318068.5
202403,4117358000,1408497.1
202404,4117358000,1405331.2
202405,4117358000,1415971.4
202406,4117358000,1383317.5
202407,4117358000,1476185.5
202408,4117358000,1428421.0
202409,4117358000,1440639.9
202410,4117358000,1452840.9
202411,4117358000,1408472.0
202412,4117358000,1423452.4
202501,4117358000,1472806.4
202502,4117358000,1418907.4
202503,4117358000,1451832.6
202504,4117358000,1430599.5
202505,4117358000,1432074.0
202506,4117358000,1415576.1
202307,4117359000,1764297.5
202308,4117359000,1720107.0
202309,4117359000,1723505.5
202310,4117359000,1774391.5
202311,4117359000,1739377.9
202312,4117359000,1708811.6
202401,4117359000,1770402.6
202402,4117359000,1617552.2
202403,4117359000,1723912.2
202404,4117359000,1840185.2
202405,4117359000,1764689.4
202406,4117359000,1702977.5
202407,4117359000,1696371.5
202408,4117359000,1934216.8
202409,4117359000,2096600.9
202410,4117359000,2112473.5
202411,4117359000,1981448.8
202412,4117359000,1995855.8
202501,4117359000,2093916.0
202502,4117359000,1966019.5
202503,4117359000,2070664.1
202504,4117359000,2096580.0
202505,4117359000,2224976.0
202506,4117359000,2146450.0
202307,4117360000,336997.25
202308,4117360000,331370.62
202309,4117360000,330404.9
202310,4117360000,336904.6
202311,4117360000,329597.22
202312,4117360000,336392.44
202401,4117360000,342364.7
202402,4117360000,342048.0
202403,4117360000,348257.03
202404,4117360000,352865.62
202405,4117360000,350259.62
202406,4117360000,346699.16
202407,4117360000,371801.97
202408,4117360000,362407.88
202409,4117360000,368582.2
202410,4117360000,359459.88
202411,4117360000,358455.38
202412,4117360000,360719.56
202501,4117360000,364919.0
202502,4117360000,346732.5
202503,4117360000,360896.25
202504,4117360000,353435.12
202505,4117360000,353193.03
202506,4117360000,345579.5
202307,4117361000,3006572.8
202308,4117361000,2938587.0
202309,4117361000,2773103.8
202310,4117361000,2744586.2
202311,4117361000,2677314.5
202312,4117361000,2923775.2
202401,4117361000,2772421.0
202402,4117361000,2581152.5
202403,4117361000,2754996.2
202404,4117361000,2655918.2
202405,4117361000,2829716.8
202406,4117361000,2502117.0
202407,4117361000,2673600.2
202408,4117361000,2643960.2
202409,4117361000,2687681.2
202410,4117361000,2609629.5
202411,4117361000,2575327.0
202412,4117361000,2695034.5
202501,4117361000,2717058.2
202502,4117361000,2510222.5
202503,4117361000,2493917.2
202504,4117361000,2341154.8
202505,4117361000,2609019.5
202506,4117361000,2545307.0
202307,4117362000,1109973.1
202308,4117362000,1130939.6
202309,4117362000,1101668.9
202310,4117362000,1122774.8
202311,4117362000,1037538.5
202312,4117362000,995086.2
202401,4117362000,1142038.8
202402,4117362000,1044404.6
202403,4117362000,1043941.3
202404,4117362000,1151469.5
202405,4117362000,1221162.8
202406,4117362000,1576442.2
202407,4117362000,1310577.4
202408,4117362000,1228533.9
202409,4117362000,1233524.4
202410,4117362000,1232206.2
202411,4117362000,1131954.1
202412,4117362000,1098223.9
202501,4117362000,1275402.6
202502,4117362000,1213494.6
202503,4117362000,1203682.5
202504,4117362000,1177320.5
202505,4117362000,1172804.6
202506,4117362000,1154754.4
202307,4117363000,421877.12
202308,4117363000,429548.88
202309,4117363000,449731.0
202310,4117363000,435123.1
202311,4117363000,405054.3
202312,4117363000,415312.12
202401,4117363000,414096.1
202402,4117363000,375369.66
202403,4117363000,382685.22
202404,4117363000,408766.12
202405,4117363000,414815.62
202406,4117363000,394707.9
202407,4117363000,404790.22
202408,4117363000,381910.28
202409,4117363000,412300.88
202410,4117363000,397485.97
202411,4117363000,389324.75
202412,4117363000,383617.12
202501,4117363000,398093.5
202502,4117363000,352252.8
202503,4117363000,393596.6
202504,4117363000,376256.84
202505,4117363000,399441.1
202506,4117363000,403028.44
202307,4119060300,1164378.0
202308,4119060300,1153745.4
202309,4119060300,1162401.0
202310,4119060300,1179599.0
202311,4119060300,1148654.8
202312,4119060300,1185966.4
202307,4119060600,1168022.6
202308,4119060600,1161239.8
202309,4119060600,1130532.5
202310,4119060600,1151227.2
202311,4119060600,1147439.4
202312,4119060600,1097013.1
202307,4119061000,1155119.1
202308,4119061000,1131464.6
202309,4119061000,1149823.9
202310,4119061000,1151704.5
202311,4119061000,1141605.8
202312,4119061000,1149187.9
202307,4119074200,1753971.8
202308,4119074200,1604367.4
202309,4119074200,1565298.1
202310,4119074200,1613070.8
202311,4119074200,1540218.2
202312,4119074200,1611569.5
202307,4119074400,2719975.8
202308,4119074400,2729743.5
202309,4119074400,2651587.0
202310,4119074400,2738127.0
202311,4119074400,2624305.5
202312,4119074400,2679087.0
202307,4119074600,2627104.8
202308,4119074600,2338966.0
202309,4119074600,2415330.2
202310,4119074600,2420305.8
202311,4119074600,2328884.0
202312,4119074600,2360936.8
202307,4119075000,1049099.6
202308,4119075000,926043.5
202309,4119075000,963477.94
202310,4119075000,966556.7
202311,4119075000,918407.44
202312,4119075000,911527.2
202307,4119079500,1087421.5
202308,4119079500,1029570.5
202309,4119079500,1041914.6
202310,4119079500,1051897.6
202311,4119079500,1010665.0
202312,4119079500,1043823.25
202307,4119080000,592661.0
202308,4119080000,559793.1
202309,4119080000,570962.9
202310,4119080000,584047.56
202311,4119080000,557084.75
202312,4119080000,566636.0
202307,4119083000,942449.75
202308,4119083000,897522.9
202309,4119083000,865725.6
202310,4119083000,872382.9
202311,4119083000,857346.8
202312,4119083000,839232.0
202401,4119251000,155845.19
202402,4119251000,138370.8
202403,4119251000,164528.02
202404,4119251000,164755.47
202405,4119251000,173047.28
202406,4119251000,158640.73
202407,4119251000,170449.4
202408,4119251000,163347.19
202409,4119251000,194237.73
202410,4119251000,171378.94
202411,4119251000,163287.5
202412,4119251000,158347.36
202501,4119251000,167184.97
202502,4119251000,155529.9
202503,4119251000,170197.27
202504,4119251000,183449.72
202505,4119251000,182038.03
202506,4119251000,167075.45
202401,4119252000,919842.3
202402,4119252000,798950.4
202403,4119252000,877860.1
202404,4119252000,862308.8
202405,4119252000,862718.3
202406,4119252000,822147.0
202407,4119252000,930640.75
202408,4119252000,858245.94
202409,4119252000,965536.06
202410,4119252000,859143.25
202411,4119252000,828193.06
202412,4119252000,849602.4
202501,4119252000,950335.25
202502,4119252000,859835.94
202503,4119252000,905409.3
202504,4119252000,853312.44
202505,4119252000,912708.8
202506,4119252000,828076.6
202401,4119253000,459642.94
202402,4119253000,353656.1
202403,4119253000,407442.38
202404,4119253000,397360.62
202405,4119253000,393906.97
202406,4119253000,386681.97
202407,4119253000,459992.8
202408,4119253000,471802.8
202409,4119253000,518615.5
202410,4119253000,475097.22
202411,4119253000,465014.8
202412,4119253000,484059.28
202501,4119253000,509553.7
202502,4119253000,468058.34
202503,4119253000,498254.8
202504,4119253000,493928.94
202505,4119253000,500974.6
202506,4119253000,458058.47
202401,4119254000,301620.97
202402,4119254000,267473.75
202403,4119254000,294287.5
202404,4119254000,284124.28
202405,4119254000,290449.38
202406,4119254000,278479.78
202407,4119254000,296583.22
202408,4119254000,289348.1
202409,4119254000,306696.44
202410,4119254000,289601.38
202411,4119254000,289604.47
202412,4119254000,284058.88
202501,4119254000,293300.12
202502,4119254000,269538.22
202503,4119254000,289074.88
202504,4119254000,286371.25
202505,4119254000,287137.9
202506,4119254000,271522.88
202401,4119255000,158402.6
202402,4119255000,137067.9
202403,4119255000,154987.2
202404,4119255000,154340.56
202405,4119255000,152753.36
202406,4119255000,147818.23
202407,4119255000,151975.16
202408,4119255000,142366.42
202409,4119255000,155644.6
202410,4119255000,143700.39
202411,4119255000,136058.3
202412,4119255000,138852.88
202501,4119255000,151268.28
202502,4119255000,136935.6
202503,4119255000,139641.23
202504,4119255000,139843.83
202505,4119255000,148941.4
202506,4119255000,140255.39
202401,4119256000,169186.25
202402,4119256000,138768.4
202403,4119256000,169081.05
202404,4119256000,175790.88
202405,4119256000,191089.6
202406,4119256000,171579.16
202407,4119256000,165930.4
202408,4119256000,139568.39
202409,4119256000,168296.27
202410,4119256000,160158.61
202411,4119256000,150173.38
202412,4119256000,140837.95
202501,4119256000,151547.27
202502,4119256000,144572.0
202503,4119256000,157121.9
202504,4119256000,152692.84
202505,4119256000,151181.88
202506,4119256000,136487.17
202401,4119257000,237289.3
202402,4119257000,199928.77
202403,4119257000,228676.9
202404,4119257000,224160.36
202405,4119257000,231390.39
202406,4119257000,221320.4
202407,4119257000,212961.89
202408,4119257000,218617.95
202409,4119257000,241112.05
202410,4119257000,221694.31
202411,4119257000,218487.55
202412,4119257000,216504.83
202501,4119257000,227202.16
202502,4119257000,202193.05
202503,4119257000,221692.05
202504,4119257000,215122.23
202505,4119257000,219870.94
202506,4119257000,206523.42
202401,4119258000,228575.38
202402,4119258000,201301.56
202403,4119258000,264885.6
202404,4119258000,243780.02
202405,4119258000,238789.19
202406,4119258000,222752.98
202407,4119258000,218693.27
202408,4119258000,208556.73
202409,4119258000,257353.7
202410,4119258000,228535.72
202411,4119258000,223584.97
202412,4119258000,211322.88
202501,4119258000,228188.92
202502,4119258000,205179.69
202503,4119258000,258897.31
202504,4119258000,225838.6
202505,4119258000,232016.27
202506,4119258000,222887.55
202401,4119259000,359313.5
202402,4119259000,323046.62
202403,4119259000,381857.84
202404,4119259000,431514.53
202405,4119259000,383696.94
202406,4119259000,357892.28
202407,4119259000,362827.97
202408,4119259000,351496.75
202409,4119259000,363465.44
202410,4119259000,366976.62
202411,4119259000,345330.5
202412,4119259000,328768.53
202501,4119259000,345185.1
202502,4119259000,343154.28
202503,4119259000,357743.44
202504,4119259000,358285.12
202505,4119259000,357526.4
202506,4119259000,337388.84
202401,4119260000,338824.94
202402,4119260000,288691.94
202403,4119260000,324262.88
202404,4119260000,340810.72
202405,4119260000,348086.94
202406,4119260000,321369.84
202407,4119260000,334242.22
202408,4119260000,314845.03
202409,4119260000,327671.75
202410,4119260000,326733.1
202411,4119260000,321448.28
202412,4119260000,309034.8
202501,4119260000,306523.7
202502,4119260000,303869.88
202503,4119260000,332633.0
202504,4119260000,329106.88
202505,4119260000,333921.0
202506,4119260000,319377.94
202401,4119261000,143630.77
202402,4119261000,135290.84
202403,4119261000,143677.62
202404,4119261000,146017.36
202405,4119261000,153769.02
202406,4119261000,148056.97
202407,4119261000,151859.84
202408,4119261000,147452.02
202409,4119261000,155352.45
202410,4119261000,151420.98
202411,4119261000,145066.16
202412,4119261000,147023.36
202501,4119261000,159561.7
202502,4119261000,143661.17
202503,4119261000,147006.97
202504,4119261000,144235.64
202505,4119261000,152224.27
202506,4119261000,152975.02
202401,4119262000,589276.7
202402,4119262000,497572.22
202403,4119262000,547622.0
202404,4119262000,573355.44
202405,4119262000,572914.6
202406,4119262000,544671.2
202407,4119262000,544274.94
202408,4119262000,513726.06
202409,4119262000,564585.1
202410,4119262000,542099.1
202411,4119262000,530544.1
202412,4119262000,533643.8
202501,4119262000,654600.75
202502,4119262000,537733.06
202503,4119262000,579052.75
202504,4119262000,561596.25
202505,4119262000,552286.75
202506,4119262000,530155.3
202401,4119263000,1761812.2
202402,4119263000,1531229.6
202403,4119263000,1584786.1
202404,4119263000,1646619.8
202405,4119263000,1659035.5
202406,4119263000,1609726.2
202407,4119263000,1707557.1
202408,4119263000,1708206.1
202409,4119263000,1701376.2
202410,4119263000,1720681.4
202411,4119263000,1694318.0
202412,4119263000,1690215.9
202501,4119263000,1744630.5
202502,4119263000,1609061.5
202503,4119263000,1687830.1
202504,4119263000,1715905.0
202505,4119263000,1736161.9
202506,4119263000,1661376.2
202401,4119264000,489503.7
202402,4119264000,417346.1
202403,4119264000,475566.0
202404,4119264000,460932.72
202405,4119264000,459412.7
202406,4119264000,442192.1
202407,4119264000,475823.38
202408,4119264000,445655.97
202409,4119264000,474837.1
202410,4119264000,458863.0
202411,4119264000,431363.97
202412,4119264000,446214.72
202501,4119264000,452271.9
202502,4119264000,413085.12
202503,4119264000,441112.03
202504,4119264000,403377.22
202505,4119264000,420019.84
202506,4119264000,400285.88
202401,4119265000,423004.0
202402,4119265000,355893.16
202403,4119265000,398362.25
202404,4119265000,377888.78
202405,4119265000,383242.84
202406,4119265000,361396.78
202407,4119265000,351536.5
202408,4119265000,351296.25
202409,4119265000,374452.66
202410,4119265000,365947.66
202411,4119265000,352691.75
202412,4119265000,362791.38
202501,4119265000,374887.4
202502,4119265000,342404.44
202503,4119265000,369018.1
202504,4119265000,360316.56
202505,4119265000,369884.06
202506,4119265000,346182.03
202401,4119266000,310259.84
202402,4119266000,291455.7
202403,4119266000,507323.44
202404,4119266000,484801.12
202405,4119266000,486831.88
202406,4119266000,473067.28
202407,4119266000,471300.16
202408,4119266000,465308.22
202409,4119266000,492886.72
202410,4119266000,476211.88
202411,4119266000,460989.88
202412,4119266000,463181.12
202501,4119266000,477066.5
202502,4119266000,440196.56
202503,4119266000,475857.62
202504,4119266000,460114.4
202505,4119266000,462189.4
202506,4119266000,442596.6
202401,4119267000,518664.12
202402,4119267000,407146.75
202403,4119267000,444461.56
202404,4119267000,446716.8
202405,4119267000,452534.06
202406,4119267000,437818.06
202407,4119267000,448661.34
202408,4119267000,439665.1
202409,4119267000,437128.5
202410,4119267000,428099.9
202411,4119267000,430937.88
202412,4119267000,409263.03
202501,4119267000,425221.47
202502,4119267000,390438.7
202503,4119267000,457656.06
202504,4119267000,439397.53
202505,4119267000,565743.9
202506,4119267000,514334.56
202401,4119268000,600484.3
202402,4119268000,543730.1
202403,4119268000,677102.4
202404,4119268000,619297.5
202405,4119268000,638075.44
202406,4119268000,625334.44
202407,4119268000,640703.5
202408,4119268000,611581.06
202409,4119268000,646059.6
202410,4119268000,618164.0
202411,4119268000,627659.94
202412,4119268000,625808.7
202501,4119268000,638260.7
202502,4119268000,598400.6
202503,4119268000,603466.25
202504,4119268000,654215.7
202505,4119268000,586881.25
202506,4119268000,560852.6
202401,4119269000,991017.0
202402,4119269000,766338.06
202403,4119269000,991416.7
202404,4119269000,989526.3
202405,4119269000,1020409.7
202406,4119269000,1003222.2
202407,4119269000,1029851.6
202408,4119269000,967166.0
202409,4119269000,1015569.06
202410,4119269000,992919.3
202411,4119269000,956947.25
202412,4119269000,974382.0
202501,4119269000,989125.44
202502,4119269000,941942.3
202503,4119269000,1010307.3
202504,4119269000,998918.0
202505,4119269000,1020330.0
202506,4119269000,984317.75
202401,4119270000,1084208.0
202402,4119270000,985711.6
202403,4119270000,886518.44
202404,4119270000,1005507.9
202405,4119270000,901556.9
202406,4119270000,907392.94
202407,4119270000,993845.1
202408,4119270000,930894.75
202409,4119270000,1005615.06
202410,4119270000,953895.94
202411,4119270000,919004.25
202412,4119270000,930666.3
202501,4119270000,1014015.3
202502,4119270000,981892.4
202503,4119270000,1023226.9
202504,4119270000,1013308.25
202505,4119270000,1040466.7
202506,4119270000,950087.56
202401,4119451000,340849.56
202402,4119451000,298652.56
202403,4119451000,330450.5
202404,4119451000,311170.28
202405,4119451000,304030.38
202406,4119451000,296349.22
202407,4119451000,321349.78
202408,4119451000,302485.72
202409,4119451000,367512.7
202410,4119451000,314676.22
202411,4119451000,303102.5
202412,4119451000,308459.0
202501,4119451000,358134.0
202502,4119451000,316323.9
202503,4119451000,345391.38
202504,4119451000,325425.9
202505,4119451000,296020.94
202506,4119451000,268227.12
202401,4119452000,669625.44
202402,4119452000,567886.94
202403,4119452000,642484.06
202404,4119452000,599602.3
202405,4119452000,611704.7
202406,4119452000,589716.2
202407,4119452000,611368.06
202408,4119452000,610105.25
202409,4119452000,717293.5
202410,4119452000,596584.3
202411,4119452000,558617.25
202412,4119452000,569697.7
202501,4119452000,665751.1
202502,4119452000,586376.75
202503,4119452000,606309.4
202504,4119452000,575479.7
202505,4119452000,569188.1
202506,4119452000,531658.75
202401,4119453000,387324.5
202402,4119453000,311745.44
202403,4119453000,372497.28
202404,4119453000,388159.8
202405,4119453000,365476.53
202406,4119453000,335469.75
202407,4119453000,342429.06
202408,4119453000,321711.53
202409,4119453000,411730.12
202410,4119453000,360365.28
202411,4119453000,371356.16
202412,4119453000,363147.25
202501,4119453000,401793.9
202502,4119453000,356296.4
202503,4119453000,400191.1
202504,4119453000,381501.06
202505,4119453000,373698.0
202506,4119453000,365578.03
202401,4119454000,565402.4
202402,4119454000,484692.0
202403,4119454000,550753.75
202404,4119454000,562405.0
202405,4119454000,559100.5
202406,4119454000,540582.94
202407,4119454000,521533.97
202408,4119454000,511328.6
202409,4119454000,585602.2
202410,4119454000,534617.75
202411,4119454000,513185.0
202412,4119454000,515052.53
202501,4119454000,557444.6
202502,4119454000,490652.3
202503,4119454000,529488.7
202504,4119454000,512216.38
202505,4119454000,567075.1
202506,4119454000,503223.72
202401,4119455000,301531.62
202402,4119455000,300543.25
202403,4119455000,335731.22
202404,4119455000,335264.2
202405,4119455000,343057.03
202406,4119455000,324796.47
202407,4119455000,419610.28
202408,4119455000,345786.9
202409,4119455000,376043.78
202410,4119455000,358595.97
202411,4119455000,354997.66
202412,4119455000,353432.94
202501,4119455000,358137.94
202502,4119455000,319083.12
202503,4119455000,364534.38
202504,4119455000,362187.8
202505,4119455000,372083.34
202506,4119455000,370061.34
202401,4119456000,318543.97
202402,4119456000,303704.34
202403,4119456000,329985.3
202404,4119456000,325006.62
202405,4119456000,331808.22
202406,4119456000,320406.22
202407,4119456000,329857.78
202408,4119456000,325829.1
202409,4119456000,338463.06
202410,4119456000,324772.1
202411,4119456000,313491.78
202412,4119456000,325874.16
202501,4119456000,334868.8
202502,4119456000,298999.53
202503,4119456000,323516.12
202504,4119456000,316680.72
202505,4119456000,328396.03
202506,4119456000,315989.12
202401,4119457000,385960.53
202402,4119457000,327129.78
202403,4119457000,366502.84
202404,4119457000,354061.2
202405,4119457000,362760.22
202406,4119457000,345364.8
202407,4119457000,292468.34
202408,4119457000,311451.7
202409,4119457000,343003.88
202410,4119457000,317829.25
202411,4119457000,306392.22
202412,4119457000,317679.4
202501,4119457000,335980.97
202502,4119457000,300842.2
202503,4119457000,313666.78
202504,4119457000,301432.47
202505,4119457000,288553.03
202506,4119457000,280715.34
202401,4119458000,371405.6
202402,4119458000,312719.78
202403,4119458000,370058.7
202404,4119458000,366880.0
202405,4119458000,372786.38
202406,4119458000,350281.53
202407,4119458000,346303.88
202408,4119458000,334377.7
202409,4119458000,397379.1
202410,4119458000,363932.53
202411,4119458000,354974.44
202412,4119458000,352720.03
202501,4119458000,375965.88
202502,4119458000,339105.88
202503,4119458000,378145.06
202504,4119458000,370158.06
202505,4119458000,388594.12
202506,4119458000,370074.22
202401,4119459000,519983.12
202402,4119459000,476818.34
202403,4119459000,530467.5
202404,4119459000,522626.78
202405,4119459000,517743.44
202406,4119459000,510885.16
202407,4119459000,606889.25
202408,4119459000,517772.56
202409,4119459000,557463.06
202410,4119459000,537559.1
202411,4119459000,498815.34
202412,4119459000,500501.4
202501,4119459000,510931.94
202502,4119459000,471312.94
202503,4119459000,514054.1
202504,4119459000,474547.78
202505,4119459000,467757.78
202506,4119459000,457239.84
202401,4119460000,850232.06
202402,4119460000,681092.9
202403,4119460000,733452.44
202404,4119460000,737838.0
202405,4119460000,745899.44
202406,4119460000,718850.94
202407,4119460000,752959.5
202408,4119460000,757825.75
202409,4119460000,826004.94
202410,4119460000,1078451.0
202411,4119460000,773936.5
202412,4119460000,776693.4
202501,4119460000,864760.4
202502,4119460000,675273.94
202503,4119460000,738468.2
202504,4119460000,742005.5
202505,4119460000,791596.94
202506,4119460000,724959.0
202401,4119651000,291800.62
202402,4119651000,260846.66
202403,4119651000,293555.47
202404,4119651000,318906.34
202405,4119651000,316758.38
202406,4119651000,299483.0
202407,4119651000,311906.16
202408,4119651000,300604.84
202409,4119651000,319072.53
202410,4119651000,315733.53
202411,4119651000,307306.34
202412,4119651000,311001.28
202501,4119651000,314889.84
202502,4119651000,278697.7
202503,4119651000,301887.88
202504,4119651000,307197.44
202505,4119651000,312452.6
202506,4119651000,295006.7
202401,4119652000,225680.05
202402,4119652000,187212.2
202403,4119652000,203893.98
202404,4119652000,202662.1
202405,4119652000,208198.05
202406,4119652000,197137.34
202407,4119652000,204393.0
202408,4119652000,197820.3
202409,4119652000,209301.3
202410,4119652000,201497.95
202411,4119652000,199378.7
202412,4119652000,200984.95
202501,4119652000,215729.9
202502,4119652000,188794.44
202503,4119652000,202068.92
202504,4119652000,200146.4
202505,4119652000,225558.64
202506,4119652000,203215.38
202401,4119653000,134645.56
202402,4119653000,115514.57
202403,4119653000,127308.27
202404,4119653000,123685.08
202405,4119653000,125476.39
202406,4119653000,120852.57
202407,4119653000,122846.63
202408,4119653000,120622.17
202409,4119653000,128095.82
202410,4119653000,124519.9
202411,4119653000,123243.93
202412,4119653000,121119.17
202501,4119653000,125995.41
202502,4119653000,111005.17
202503,4119653000,118525.89
202504,4119653000,115966.21
202505,4119653000,128000.94
202506,4119653000,131151.42
202401,4119654000,241088.97
202402,4119654000,219800.17
202403,4119654000,273605.0
202404,4119654000,242106.83
202405,4119654000,235451.0
202406,4119654000,233206.69
202407,4119654000,239786.36
202408,4119654000,226125.92
202409,4119654000,246144.17
202410,4119654000,230421.22
202411,4119654000,221566.1
202412,4119654000,227033.47
202501,4119654000,244083.23
202502,4119654000,219524.62
202503,4119654000,235783.33
202504,4119654000,229268.56
202505,4119654000,241186.3
202506,4119654000,224573.45
202401,4119655000,109715.86
202402,4119655000,90026.81
202403,4119655000,86564.81
202404,4119655000,87990.67
202405,4119655000,90872.56
202406,4119655000,88282.03
202407,4119655000,88029.68
202408,4119655000,85248.82
202409,4119655000,93400.48
202410,4119655000,89463.47
202411,4119655000,87896.88
202412,4119655000,87713.34
202501,4119655000,94389.47
202502,4119655000,83880.5
202503,4119655000,90008.64
202504,4119655000,86566.28
202505,4119655000,76460.46
202506,4119655000,74464.32
202401,4119656000,181960.19
202402,4119656000,158183.84
202403,4119656000,177906.5
202404,4119656000,181646.84
202405,4119656000,181493.53
202406,4119656000,171943.25
202407,4119656000,180257.48
202408,4119656000,172361.28
202409,4119656000,186142.38
202410,4119656000,178553.6
202411,4119656000,174495.73
202412,4119656000,173006.03
202501,4119656000,174216.75
202502,4119656000,165111.38
202503,4119656000,164931.23
202504,4119656000,166569.2
202505,4119656000,166417.97
202506,4119656000,171435.05
202401,4119657000,361468.88
202402,4119657000,302627.9
202403,4119657000,331180.75
202404,4119657000,335287.16
202405,4119657000,339705.75
202406,4119657000,322320.78
202407,4119657000,357134.0
202408,4119657000,335027.1
202409,4119657000,332627.53
202410,4119657000,335775.38
202411,4119657000,337432.06
202412,4119657000,328114.22
202501,4119657000,326199.06
202502,4119657000,331709.72
202503,4119657000,342995.28
202504,4119657000,368158.72
202505,4119657000,352751.75
202506,4119657000,338230.38
202307,4121051000,315507.3
202308,4121051000,295590.44
202309,4121051000,292602.6
202310,4121051000,292786.25
202311,4121051000,249522.88
202312,4121051000,208049.69
202401,4121051000,188400.6
202402,4121051000,148172.56
202403,4121051000,123051.82
202404,4121051000,101879.28
202405,4121051000,99134.22
202406,4121051000,101573.4
202407,4121051000,96429.86
202408,4121051000,91949.78
202409,4121051000,107097.9
202410,4121051000,105812.78
202411,4121051000,101822.69
202412,4121051000,98828.57
202501,4121051000,109923.76
202502,4121051000,1174622.6
202503,4121051000,731631.75
202504,4121051000,722926.06
202505,4121051000,848628.2
202506,4121051000,868302.1
202307,4121052000,1714346.4
202308,4121052000,1658331.0
202309,4121052000,1685292.8
202310,4121052000,1666871.5
202311,4121052000,1633029.9
202312,4121052000,1655510.4
202401,4121052000,1677797.0
202402,4121052000,1559156.5
202403,4121052000,1746515.2
202404,4121052000,1863612.5
202405,4121052000,1824758.6
202406,4121052000,1722852.0
202407,4121052000,1807332.5
202408,4121052000,1742048.0
202409,4121052000,2084189.9
202410,4121052000,1804888.5
202411,4121052000,1734981.0
202412,4121052000,1715147.5
202501,4121052000,2084658.5
202502,4121052000,2427870.2
202503,4121052000,2329004.5
202504,4121052000,2158701.2
202505,4121052000,2102663.8
202506,4121052000,1999791.5
202307,4121054000,1549570.0
202308,4121054000,1485305.9
202309,4121054000,1413630.2
202310,4121054000,1507902.8
202311,4121054000,1469126.9
202312,4121054000,1528047.6
202401,4121054000,1531852.6
202402,4121054000,1452640.2
202403,4121054000,1578053.0
202404,4121054000,1600254.2
202405,4121054000,1580284.0
202406,4121054000,1549045.4
202407,4121054000,1568437.2
202408,4121054000,1525059.4
202409,4121054000,1581176.2
202410,4121054000,1495990.5
202411,4121054000,1431672.8
202412,4121054000,1385525.6
202501,4121054000,1655043.9
202502,4121054000,1512378.9
202503,4121054000,1452799.2
202504,4121054000,1327412.8
202505,4121054000,1241049.0
202506,4121054000,1177690.1
202307,4121055000,515871.53
202308,4121055000,474928.56
202309,4121055000,488682.5
202310,4121055000,492652.97
202311,4121055000,463347.16
202312,4121055000,482802.47
202401,4121055000,447076.88
202402,4121055000,417878.44
202403,4121055000,485073.06
202404,4121055000,529891.75
202405,4121055000,504923.12
202406,4121055000,478073.6
202407,4121055000,490466.53
202408,4121055000,475451.38
202409,4121055000,521512.8
202410,4121055000,502738.25
202411,4121055000,490596.56
202412,4121055000,498687.6
202501,4121055000,528291.7
202502,4121055000,516581.56
202503,4121055000,535669.5
202504,4121055000,504181.47
202505,4121055000,506172.2
202506,4121055000,479064.47
202307,4121056000,186662.38
202308,4121056000,181480.08
202309,4121056000,187800.55
202310,4121056000,188116.9
202311,4121056000,189708.98
202312,4121056000,186754.31
202401,4121056000,181145.95
202402,4121056000,172746.47
202403,4121056000,196619.53
202404,4121056000,196353.2
202405,4121056000,183006.73
202406,4121056000,189547.55
202407,4121056000,191705.55
202408,4121056000,190446.61
202409,4121056000,204008.1
202410,4121056000,186710.16
202411,4121056000,186018.25
202412,4121056000,189482.1
202501,4121056000,202381.89
202502,4121056000,177379.45
202503,4121056000,182329.62
202504,4121056000,172470.34
202505,4121056000,177794.27
202506,4121056000,171158.08
202307,4121057000,92016.69
202308,4121057000,102533.89
202309,4121057000,102649.76
202310,4121057000,103352.38
202311,4121057000,101608.07
202312,4121057000,100510.21
202401,4121057000,97785.7
202402,4121057000,90144.38
202403,4121057000,109035.52
202404,4121057000,109159.66
202405,4121057000,103584.91
202406,4121057000,106064.75
202407,4121057000,105313.95
202408,4121057000,102467.49
202409,4121057000,113114.49
202410,4121057000,107432.01
202411,4121057000,115852.03
202412,4121057000,113291.83
202501,4121057000,134382.66
202502,4121057000,108744.79
202503,4121057000,113742.27
202504,4121057000,111246.99
202505,4121057000,112609.47
202506,4121057000,109154.37
202307,4121058000,151578.84
202308,4121058000,150081.73
202309,4121058000,156408.77
202310,4121058000,162398.88
202311,4121058000,161647.38
202312,4121058000,165333.58
202401,4121058000,161168.67
202402,4121058000,146090.5
202403,4121058000,168251.8
202404,4121058000,164137.73
202405,4121058000,162462.11
202406,4121058000,166332.16
202407,4121058000,161968.34
202408,4121058000,162674.62
202409,4121058000,176002.58
202410,4121058000,163864.44
202411,4121058000,157344.31
202412,4121058000,169605.19
202501,4121058000,174980.4
202502,4121058000,158939.0
202503,4121058000,173778.78
202504,4121058000,164735.56
202505,4121058000,193954.42
202506,4121058000,174968.73
202307,4121059000,1339839.4
202308,4121059000,1339306.5
202309,4121059000,1325649.4
202310,4121059000,1343991.8
202311,4121059000,1308246.5
202312,4121059000,1299865.8
202401,4121059000,1265293.1
202402,4121059000,1190182.9
202403,4121059000,1326435.5
202404,4121059000,1396156.0
202405,4121059000,1330268.5
202406,4121059000,1318795.0
202407,4121059000,1295480.1
202408,4121059000,1275665.5
202409,4121059000,1293936.6
202410,4121059000,1260567.1
202411,4121059000,1202650.8
202412,4121059000,1208020.5
202501,4121059000,1246688.6
202502,4121059000,1196301.9
202503,4121059000,1205317.6
202504,4121059000,1134935.8
202505,4121059000,1117812.2
202506,4121059000,1000036.6
202307,4121060000,457478.03
202308,4121060000,427947.94
202309,4121060000,429196.44
202310,4121060000,454226.22
202311,4121060000,451866.2
202312,4121060000,441749.3
202401,4121060000,406374.6
202402,4121060000,377817.16
202403,4121060000,485764.22
202404,4121060000,451739.34
202405,4121060000,460509.75
202406,4121060000,446839.72
202407,4121060000,448528.72
202408,4121060000,430354.78
202409,4121060000,496479.25
202410,4121060000,446718.0
202411,4121060000,443203.75
202412,4121060000,444015.38
202501,4121060000,485412.34
202502,4121060000,521790.88
202503,4121060000,537137.2
202504,4121060000,501736.47
202505,4121060000,811485.94
202506,4121060000,1023891.8
202307,4121061000,3101603.0
202308,4121061000,3017408.0
202309,4121061000,3058171.2
202310,4121061000,3175529.8
202311,4121061000,3027585.5
202312,4121061000,3121092.5
202401,4121061000,3147824.8
202402,4121061000,2884985.5
202403,4121061000,3168646.2
202404,4121061000,3265776.0
202405,4121061000,3198256.0
202406,4121061000,3231779.5
202407,4121061000,3202912.0
202408,4121061000,3180706.0
202409,4121061000,3274014.5
202410,4121061000,3194879.5
202411,4121061000,3190234.0
202412,4121061000,3191775.8
202501,4121061000,3298320.0
202502,4121061000,3135460.2
202503,4121061000,3294824.8
202504,4121061000,3246661.0
202505,4121061000,3210290.8
202506,4121061000,3163780.0
202307,4121062000,256953.84
202308,4121062000,246511.06
202309,4121062000,243689.58
202310,4121062000,269166.75
202311,4121062000,260972.44
202312,4121062000,259575.38
202401,4121062000,234154.08
202402,4121062000,215137.6
202403,4121062000,228443.3
202404,4121062000,215672.03
202405,4121062000,201938.9
202406,4121062000,225104.36
202407,4121062000,217370.48
202408,4121062000,218245.53
202409,4121062000,223197.16
202410,4121062000,217141.2
202411,4121062000,217523.56
202412,4121062000,222805.3
202501,4121062000,242631.83
202502,4121062000,214825.84
202503,4121062000,221486.98
202504,4121062000,220422.56
202505,4121062000,215937.61
202506,4121062000,203133.61
202307,4121063100,789289.1
202308,4121063100,778018.1
202309,4121063100,797783.06
202310,4121063100,809049.75
202311,4121063100,774554.06
202312,4121063100,793408.4
202401,4121063100,761101.06
202402,4121063100,726185.44
202403,4121063100,836859.1
202404,4121063100,824706.9
202405,4121063100,794555.8
202406,4121063100,798183.75
202407,4121063100,792756.4
202408,4121063100,790662.4
202409,4121063100,853581.9
202410,4121063100,817940.6
202411,4121063100,786718.8
202412,4121063100,802893.8
202501,4121063100,813714.56
202502,4121063100,759314.06
202503,4121063100,817254.7
202504,4121063100,767900.8
202505,4121063100,793889.56
202506,4121063100,774728.4
202307,4121063200,412862.1
202308,4121063200,404673.03
202309,4121063200,396435.78
202310,4121063200,427546.5
202311,4121063200,404868.84
202312,4121063200,402839.2
202401,4121063200,416487.1
202402,4121063200,389018.0
202403,4121063200,419102.75
202404,4121063200,433925.56
202405,4121063200,420205.25
202406,4121063200,407795.97
202407,4121063200,413500.56
202408,4121063200,415168.7
202409,4121063200,443851.94
202410,4121063200,425820.34
202411,4121063200,399637.78
202412,4121063200,400526.38
202501,4121063200,433188.84
202502,4121063200,398017.22
202503,4121063200,422537.06
202504,4121063200,409879.25
202505,4121063200,405446.56
202506,4121063200,395237.44
202307,4121063300,537671.0
202308,4121063300,538666.1
202309,4121063300,537034.75
202310,4121063300,540113.9
202311,4121063300,535367.0
202312,4121063300,569388.5
202401,4121063300,540778.75
202402,4121063300,518185.9
202403,4121063300,564186.25
202404,4121063300,604839.06
202405,4121063300,593950.0
202406,4121063300,576919.6
202407,4121063300,593238.06
202408,4121063300,561338.5
202409,4121063300,614799.0
202410,4121063300,577332.56
202411,4121063300,561302.25
202412,4121063300,568605.1
202501,4121063300,592412.75
202502,4121063300,567562.75
202503,4121063300,598971.25
202504,4121063300,587043.44
202505,4121063300,551587.1
202506,4121063300,535436.06
202307,4121063400,52784.02
202308,4121063400,47270.15
202309,4121063400,45523.86
202310,4121063400,47961.98
202311,4121063400,49941.47
202312,4121063400,58956.07
202401,4121063400,61603.43
202402,4121063400,55008.03
202403,4121063400,77208.18
202404,4121063400,31326.09
202405,4121063400,3485.79
202406,4121063400,94230.15
202407,4121063400,51356.57
202408,4121063400,75842.86
202409,4121063400,51663.85
202410,4121063400,44126.08
202411,4121063400,73649.73
202412,4121063400,77909.08
202501,4121063400,81663.31
202502,4121063400,81478.28
202503,4121063400,40632.34
202504,4121063400,10437.47
202505,4121063400,8404.62
202506,4121063400,6960.95
202307,4121064000,607355.3
202308,4121064000,596852.44
202309,4121064000,604813.75
202310,4121064000,616682.0
202311,4121064000,632571.4
202312,4121064000,639395.56
202401,4121064000,616102.2
202402,4121064000,555614.7
202403,4121064000,626769.5
202404,4121064000,638347.44
202405,4121064000,619781.8
202406,4121064000,623588.8
202407,4121064000,660161.5
202408,4121064000,649089.06
202409,4121064000,664394.7
202410,4121064000,640452.6
202411,4121064000,635249.6
202412,4121064000,638503.6
202501,4121064000,611779.75
202502,4121064000,618425.06
202503,4121064000,604590.7
202504,4121064000,582165.75
202505,4121064000,581574.8
202506,4121064000,564854.0
202307,4121065000,457629.72
202308,4121065000,465919.3
202309,4121065000,469913.38
202310,4121065000,461753.06
202311,4121065000,477884.16
202312,4121065000,470538.38
202401,4121065000,460577.38
202402,4121065000,424599.1
202403,4121065000,487667.28
202404,4121065000,491118.97
202405,4121065000,482918.84
202406,4121065000,479174.62
202407,4121065000,466815.62
202408,4121065000,463717.6
202409,4121065000,498178.0
202410,4121065000,461780.75
202411,4121065000,462734.6
202412,4121065000,485029.88
202501,4121065000,509107.5
202502,4121065000,475298.94
202503,4121065000,514149.9
202504,4121065000,506260.16
202505,4121065000,503849.94
202506,4121065000,483169.8
202307,4121065500,139647.2
202308,4121065500,131597.98
202309,4121065500,123881.35
202310,4121065500,129912.55
202311,4121065500,129103.94
202312,4121065500,133492.9
202401,4121065500,128660.75
202402,4121065500,119960.93
202403,4121065500,134391.62
202404,4121065500,127966.64
202405,4121065500,132326.69
202406,4121065500,133992.62
202407,4121065500,134178.81
202408,4121065500,132024.83
202409,4121065500,129099.24
202410,4121065500,125321.11
202411,4121065500,126670.08
202412,4121065500,128728.46
202501,4121065500,133432.44
202502,4121065500,132062.94
202503,4121065500,132837.27
202504,4121065500,122599.31
202505,4121065500,127314.8
202506,4121065500,124542.79
202307,4121066000,8512.11
202308,4121066000,8821.13
202309,4121066000,8253.97
202310,4121066000,8124.98
202311,4121066000,7634.48
202312,4121066000,6954.85
202401,4121066000,6665.52
202402,4121066000,6215.99
202403,4121066000,7449.31
202404,4121066000,8205.92
202405,4121066000,8688.92
202406,4121066000,7984.33
202407,4121066000,8146.52
202408,4121066000,8305.16
202409,4121066000,8117.81
202410,4121066000,7814.17
202411,4121066000,7416.7
202412,4121066000,6856.29
202501,4121066000,6462.37
202502,4121066000,6742.19
202503,4121066000,7481.17
202504,4121066000,7760.19
202505,4121066000,7949.89
202506,4121066000,7730.34
202307,4122025000,18792.99
202308,4122025000,19012.61
202309,4122025000,18720.09
202310,4122025000,19831.2
202311,4122025000,19351.2
202312,4122025000,17869.87
202401,4122025000,18382.84
202402,4122025000,17622.9
202403,4122025000,18776.05
202404,4122025000,19416.07
202405,4122025000,19746.04
202406,4122025000,18309.59
202407,4122025000,19044.85
202408,4122025000,19558.98
202409,4122025000,22803.81
202410,4122025000,20438.02
202411,4122025000,18509.16
202412,4122025000,17943.84
202501,4122025000,21175.63
202502,4122025000,21171.53
202503,4122025000,18722.76
202504,4122025000,19629.23
202505,4122025000,19415.86
202506,4122025000,18902.92
202307,4122025300,40361.18
202308,4122025300,39417.56
202309,4122025300,39501.41
202310,4122025300,41295.24
202311,4122025300,40670.57
202312,4122025300,39773.58
202401,4122025300,39029.79
202402,4122025300,39579.62
202403,4122025300,41604.08
202404,4122025300,42487.84
202405,4122025300,42603.14
202406,4122025300,40980.83
202407,4122025300,41068.58
202408,4122025300,40409.68
202409,4122025300,44795.24
202410,4122025300,43253.45
202411,4122025300,42202.52
202412,4122025300,41615.87
202501,4122025300,44747.83
202502,4122025300,40495.83
202503,4122025300,42616.87
202504,4122025300,42202.91
202505,4122025300,42441.53
202506,4122025300,41133.61
202307,4122025600,18627.89
202308,4122025600,18929.86
202309,4122025600,20134.63
202310,4122025600,19553.34
202311,4122025600,19450.44
202312,4122025600,17614.74
202401,4122025600,18622.61
202402,4122025600,17143.24
202403,4122025600,18867.22
202404,4122025600,19917.43
202405,4122025600,19776.21
202406,4122025600,18893.95
202407,4122025600,19194.31
202408,4122025600,18928.62
202409,4122025600,20560.51
202410,4122025600,20207.68
202411,4122025600,19271.95
202412,4122025600,17518.38
202501,4122025600,18098.78
202502,4122025600,18954.04
202503,4122025600,17878.67
202504,4122025600,18756.91
202505,4122025600,18407.67
202506,4122025600,18161.15
202307,4122025900,21981.75
202308,4122025900,21087.08
202309,4122025900,22444.48
202310,4122025900,22532.22
202311,4122025900,21956.72
202312,4122025900,20461.3
202401,4122025900,21119.14
202402,4122025900,19861.02
202403,4122025900,21131.68
202404,4122025900,21928.33
202405,4122025900,22039.01
202406,4122025900,21046.79
202407,4122025900,21382.69
202408,4122025900,21008.58
202409,4122025900,22293.34
202410,4122025900,22311.33
202411,4122025900,21973.89
202412,4122025900,20692.2
202501,4122025900,20792.35
202502,4122025900,20924.64
202503,4122025900,21699.79
202504,4122025900,22418.48
202505,4122025900,22332.98
202506,4122025900,21286.48
202307,4122031000,26817.13
202308,4122031000,27119.6
202309,4122031000,26626.2
202310,4122031000,27628.12
202311,4122031000,27483.65
202312,4122031000,24877.43
202401,4122031000,27248.88
202402,4122031000,23780.3
202403,4122031000,26336.33
202404,4122031000,27153.05
202405,4122031000,27519.94
202406,4122031000,25772.45
202407,4122031000,27334.23
202408,4122031000,26840.45
202409,4122031000,27322.28
202410,4122031000,28214.92
202411,4122031000,27128.79
202412,4122031000,26195.97
202501,4122031000,26024.9
202502,4122031000,26676.62
202503,4122031000,26778.93
202504,4122031000,27733.25
202505,4122031000,26710.58
202506,4122031000,26241.16
202307,4122032000,3594.5
202308,4122032000,3392.43
202309,4122032000,3200.19
202310,4122032000,3384.74
202311,4122032000,3668.95
202312,4122032000,3144.31
202401,4122032000,3423.75
202402,4122032000,2967.13
202403,4122032000,3415.05
202404,4122032000,3451.36
202405,4122032000,3453.03
202406,4122032000,3300.21
202407,4122032000,3582.37
202408,4122032000,3324.79
202409,4122032000,3581.38
202410,4122032000,3487.77
202411,4122032000,3341.05
202412,4122032000,3255.76
202501,4122032000,3381.28
202502,4122032000,3650.05
202503,4122032000,3495.97
202504,4122032000,3703.83
202505,4122032000,3464.48
202506,4122032000,3434.24
202307,4122033000,8604.39
202308,4122033000,8513.99
202309,4122033000,8955.13
202310,4122033000,9238.75
202311,4122033000,9128.85
202312,4122033000,8490.27
202401,4122033000,8311.46
202402,4122033000,7167.93
202403,4122033000,7961.02
202404,4122033000,8085.55
202405,4122033000,8489.96
202406,4122033000,8086.43
202407,4122033000,8479.43
202408,4122033000,7632.96
202409,4122033000,8211.3
202410,4122033000,8445.92
202411,4122033000,8209.23
202412,4122033000,7630.84
202501,4122033000,7671.1
202502,4122033000,7535.46
202503,4122033000,7961.24
202504,4122033000,8039.24
202505,4122033000,8102.5
202506,4122033000,8686.83
202307,4122034000,1172.86
202308,4122034000,1181.09
202309,4122034000,1305.1
202310,4122034000,1285.66
202311,4122034000,1198.2
202312,4122034000,1072.53
202401,4122034000,1082.93
202402,4122034000,1110.27
202403,4122034000,1171.19
202404,4122034000,1304.5
202405,4122034000,1276.06
202406,4122034000,1190.58
202407,4122034000,1188.12
202408,4122034000,1194.14
202409,4122034000,1334.22
202410,4122034000,1307.45
202411,4122034000,1225.75
202412,4122034000,1081.19
202501,4122034000,1113.16
202502,4122034000,1073.62
202503,4122034000,1113.31
202504,4122034000,1239.17
202505,4122034000,1259.0
202506,4122034000,1160.58
202307,4122037000,128.49
202308,4122037000,135.35
202309,4122037000,574.77
202310,4122037000,310.72
202311,4122037000,303.87
202312,4122037000,169.85
202401,4122037000,167.87
202402,4122037000,230.29
202403,4122037000,292.58
202404,4122037000,499.66
202405,4122037000,462.02
202406,4122037000,294.18
202407,4122037000,184.38
202408,4122037000,260.58
202409,4122037000,467.53
202410,4122037000,463.58
202411,4122037000,368.79
202412,4122037000,339.2
202501,4122037000,553.02
202502,4122037000,436.03
202503,4122037000,586.36
202504,4122037000,875.67
202505,4122037000,1086.66
202506,4122037000,806.54
202307,4122051000,144563.38
202308,4122051000,138629.38
202309,4122051000,137647.11
202310,4122051000,146811.2
202311,4122051000,140935.95
202312,4122051000,138215.92
202401,4122051000,136201.94
202402,4122051000,129047.43
202403,4122051000,136317.92
202404,4122051000,135412.05
202405,4122051000,134561.7
202406,4122051000,129871.36
202407,4122051000,131306.56
202408,4122051000,129629.49
202409,4122051000,134392.12
202410,4122051000,131801.66
202411,4122051000,126114.4
202412,4122051000,126389.31
202501,4122051000,130110.02
202502,4122051000,121650.5
202503,4122051000,128279.72
202504,4122051000,124610.79
202505,4122051000,122118.73
202506,4122051000,126416.04
202307,4122052000,98817.84
202308,4122052000,96924.18
202309,4122052000,98558.13
202310,4122052000,98896.59
202311,4122052000,99718.56
202312,4122052000,97781.4
202401,4122052000,95590.5
202402,4122052000,91914.12
202403,4122052000,103128.36
202404,4122052000,104973.67
202405,4122052000,104574.09
202406,4122052000,99149.96
202407,4122052000,101771.96
202408,4122052000,103105.7
202409,4122052000,107336.62
202410,4122052000,102015.0
202411,4122052000,96578.36
202412,4122052000,99714.69
202501,4122052000,100679.79
202502,4122052000,94484.11
202503,4122052000,100241.7
202504,4122052000,99441.63
202505,4122052000,100490.42
202506,4122052000,97576.24
202307,4122053500,75956.74
202308,4122053500,74719.97
202309,4122053500,74317.13
202310,4122053500,75012.2
202311,4122053500,76340.95
202312,4122053500,68482.22
202401,4122053500,69947.39
202402,4122053500,62108.4
202403,4122053500,75751.07
202404,4122053500,76199.02
202405,4122053500,77101.63
202406,4122053500,72396.21
202407,4122053500,74708.92
202408,4122053500,69858.86
202409,4122053500,73982.64
202410,4122053500,75747.15
202411,4122053500,73342.13
202412,4122053500,71707.67
202501,4122053500,70327.86
202502,4122053500,71893.78
202503,4122053500,75689.24
202504,4122053500,77191.83
202505,4122053500,77593.37
202506,4122053500,80723.64
202307,4122055000,266418.16
202308,4122055000,263892.12
202309,4122055000,261829.89
202310,4122055000,274676.44
202311,4122055000,283237.1
202312,4122055000,277784.38
202401,4122055000,337834.66
202402,4122055000,318749.56
202403,4122055000,313435.16
202404,4122055000,300148.44
202405,4122055000,290464.9
202406,4122055000,281978.78
202407,4122055000,329857.0
202408,4122055000,315278.84
202409,4122055000,339201.06
202410,4122055000,335199.38
202411,4122055000,321152.62
202412,4122055000,326474.0
202501,4122055000,360365.84
202502,4122055000,345895.88
202503,4122055000,346603.53
202504,4122055000,337102.72
202505,4122055000,347907.28
202506,4122055000,327275.12
202307,4122056000,55009.21
202308,4122056000,54106.88
202309,4122056000,53400.43
202310,4122056000,55303.7
202311,4122056000,55046.74
202312,4122056000,54450.71
202401,4122056000,55181.88
202402,4122056000,54959.24
202403,4122056000,55783.86
202404,4122056000,55788.39
202405,4122056000,58263.63
202406,4122056000,55228.36
202407,4122056000,54095.25
202408,4122056000,54061.68
202409,4122056000,56981.04
202410,4122056000,55916.36
202411,4122056000,53425.25
202412,4122056000,54354.98
202501,4122056000,58340.99
202502,4122056000,51746.99
202503,4122056000,54022.11
202504,4122056000,53355.45
202505,4122056000,54082.36
202506,4122056000,55865.01
202307,4122057000,54739.98
202308,4122057000,54047.86
202309,4122057000,52102.92
202310,4122057000,56049.06
202311,4122057000,52057.86
202312,4122057000,55118.21
202401,4122057000,52970.39
202402,4122057000,51694.36
202403,4122057000,52542.09
202404,4122057000,51004.44
202405,4122057000,51094.56
202406,4122057000,49832.08
202407,4122057000,51842.28
202408,4122057000,52237.71
202409,4122057000,52787.31
202410,4122057000,51587.49
202411,4122057000,47229.9
202412,4122057000,45308.74
202501,4122057000,48277.14
202502,4122057000,45886.93
202503,4122057000,43886.3
202504,4122057000,42251.56
202505,4122057000,48858.2
202506,4122057000,41576.87
202307,4122058000,367037.06
202308,4122058000,361382.7
202309,4122058000,349698.62
202310,4122058000,365100.12
202311,4122058000,336259.06
202312,4122058000,336922.84
202401,4122058000,345388.84
202402,4122058000,339665.06
202403,4122058000,340066.12
202404,4122058000,329395.5
202405,4122058000,344419.47
202406,4122058000,309849.66
202407,4122058000,296543.72
202408,4122058000,281061.72
202409,4122058000,345917.4
202410,4122058000,321102.53
202411,4122058000,292271.28
202412,4122058000,284984.75
202501,4122058000,323549.1
202502,4122058000,314620.03
202503,4122058000,294132.06
202504,4122058000,284614.62
202505,4122058000,292580.97
202506,4122058000,259617.92
202307,4122059000,261011.98
202308,4122059000,252519.94
202309,4122059000,249770.31
202310,4122059000,259168.62
202311,4122059000,243682.33
202312,4122059000,253400.4
202401,4122059000,250280.52
202402,4122059000,240686.38
202403,4122059000,252270.81
202404,4122059000,249309.34
202405,4122059000,253380.83
202406,4122059000,244022.8
202407,4122059000,250085.48
202408,4122059000,251338.89
202409,4122059000,258113.77
202410,4122059000,248779.88
202411,4122059000,240775.47
202412,4122059000,242534.84
202501,4122059000,252240.98
202502,4122059000,237404.56
202503,4122059000,245917.44
202504,4122059000,239629.14
202505,4122059000,254966.6
202506,4122059000,242393.38
202307,4122060000,25503.53
202308,4122060000,25221.86
202309,4122060000,25320.69
202310,4122060000,26914.38
202311,4122060000,25399.43
202312,4122060000,25867.22
202401,4122060000,25280.2
202402,4122060000,24275.78
202403,4122060000,25484.05
202404,4122060000,26618.67
202405,4122060000,25821.07
202406,4122060000,24986.59
202407,4122060000,26958.08
202408,4122060000,24770.6
202409,4122060000,26344.92
202410,4122060000,26056.66
202411,4122060000,24811.69
202412,4122060000,24468.34
202501,4122060000,26103.89
202502,4122060000,23800.47
202503,4122060000,24842.96
202504,4122060000,24823.04
202505,4122060000,24338.94
202506,4122060000,22687.8
202307,4122061000,54302.88
202308,4122061000,53857.68
202309,4122061000,57140.97
202310,4122061000,52136.52
202311,4122061000,57836.82
202312,4122061000,55426.22
202401,4122061000,54458.78
202402,4122061000,58647.84
202403,4122061000,58515.28
202404,4122061000,53648.76
202405,4122061000,54091.5
202406,4122061000,50702.57
202407,4122061000,53294.88
202408,4122061000,60231.14
202409,4122061000,60575.14
202410,4122061000,58494.45
202411,4122061000,57695.03
202412,4122061000,59632.53
202501,4122061000,66114.35
202502,4122061000,60801.34
202503,4122061000,62859.46
202504,4122061000,58737.63
202505,4122061000,62571.06
202506,4122061000,60492.87
202307,4122062000,123518.83
202308,4122062000,117926.75
202309,4122062000,120792.37
202310,4122062000,131720.25
202311,4122062000,132605.84
202312,4122062000,134528.44
202401,4122062000,129688.4
202402,4122062000,122297.04
202403,4122062000,130636.33
202404,4122062000,129444.3
202405,4122062000,132046.34
202406,4122062000,127151.67
202407,4122062000,126574.75
202408,4122062000,123552.37
202409,4122062000,129342.54
202410,4122062000,127638.87
202411,4122062000,120618.07
202412,4122062000,124191.01
202501,4122062000,124964.86
202502,4122062000,119242.64
202503,4122062000,131791.86
202504,4122062000,126909.87
202505,4122062000,131633.0
202506,4122062000,124316.09
202307,4122063000,160239.58
202308,4122063000,157083.95
202309,4122063000,155317.3
202310,4122063000,159892.06
202311,4122063000,151572.3
202312,4122063000,156404.95
202401,4122063000,156181.34
202402,4122063000,157737.98
202403,4122063000,158659.44
202404,4122063000,160678.23
202405,4122063000,166232.08
202406,4122063000,164103.77
202407,4122063000,158744.6
202408,4122063000,160998.17
202409,4122063000,165189.92
202410,4122063000,160904.25
202411,4122063000,162409.66
202412,4122063000,157846.64
202501,4122063000,163844.61
202502,4122063000,148824.38
202503,4122063000,157760.34
202504,4122063000,155378.36
202505,4122063000,157857.27
202506,4122063000,156592.89
202307,4122063500,86174.25
202308,4122063500,83372.01
202309,4122063500,86813.43
202310,4122063500,90886.23
202311,4122063500,86363.4
202312,4122063500,86636.46
202401,4122063500,87125.76
202402,4122063500,84973.12
202403,4122063500,92005.55
202404,4122063500,90446.59
202405,4122063500,90173.63
202406,4122063500,82857.03
202407,4122063500,83834.33
202408,4122063500,88338.79
202409,4122063500,92279.41
202410,4122063500,87483.04
202411,4122063500,84970.18
202412,4122063500,84706.26
202501,4122063500,87246.25
202502,4122063500,80022.7
202503,4122063500,89893.73
202504,4122063500,86612.51
202505,4122063500,87602.8
202506,4122063500,82402.16
202307,4122064000,84096.07
202308,4122064000,84373.21
202309,4122064000,82734.14
202310,4122064000,87054.36
202311,4122064000,85063.12
202312,4122064000,87206.81
202401,4122064000,87693.9
202402,4122064000,81575.45
202403,4122064000,85599.37
202404,4122064000,82768.48
202405,4122064000,84942.28
202406,4122064000,81090.06
202407,4122064000,83119.18
202408,4122064000,78761.37
202409,4122064000,79319.51
202410,4122064000,77322.41
202411,4122064000,75030.38
202412,4122064000,74543.99
202501,4122064000,75437.66
202502,4122064000,71807.03
202503,4122064000,72772.68
202504,4122064000,71223.64
202505,4122064000,72888.27
202506,4122064000,69904.39
202307,4122065000,113219.77
202308,4122065000,106927.45
202309,4122065000,103858.09
202310,4122065000,110043.83
202311,4122065000,101280.25
202312,4122065000,104736.11
202401,4122065000,110522.96
202402,4122065000,108597.77
202403,4122065000,109026.57
202404,4122065000,109173.2
202405,4122065000,112157.76
202406,4122065000,108406.93
202407,4122065000,111101.03
202408,4122065000,111352.33
202409,4122065000,117207.04
202410,4122065000,114225.07
202411,4122065000,112363.72
202412,4122065000,113996.62
202501,4122065000,119364.06
202502,4122065000,110276.61
202503,4122065000,114215.57
202504,4122065000,118080.08
202505,4122065000,114444.3
202506,4122065000,113654.07
202307,4122066000,31124.41
202308,4122066000,31053.21
202309,4122066000,28783.11
202310,4122066000,31766.95
202311,4122066000,33528.84
202312,4122066000,31473.06
202401,4122066000,34400.73
202402,4122066000,28723.4
202403,4122066000,30518.97
202404,4122066000,29770.94
202405,4122066000,29556.8
202406,4122066000,28156.31
202407,4122066000,29681.87
202408,4122066000,27979.35
202409,4122066000,28428.09
202410,4122066000,29237.69
202411,4122066000,29219.32
202412,4122066000,29806.95
202501,4122066000,30048.3
202502,4122066000,32362.9
202503,4122066000,31320.98
202504,4122066000,31747.52
202505,4122066000,29100.02
202506,4122066000,27082.28
202307,4125051000,15244.93
202308,4125051000,12759.13
202309,4125051000,13096.06
202310,4125051000,13124.76
202311,4125051000,12920.36
202312,4125051000,12769.81
202401,4125051000,14209.03
202402,4125051000,14236.17
202403,4125051000,14481.41
202404,4125051000,11610.63
202405,4125051000,11224.86
202406,4125051000,10767.3
202407,4125051000,11368.3
202408,4125051000,11364.81
202409,4125051000,12424.53
202410,4125051000,12197.78
202411,4125051000,11705.24
202412,4125051000,10675.84
202501,4125051000,11275.62
202502,4125051000,10026.44
202503,4125051000,11233.11
202504,4125051000,11274.3
202505,4125051000,11465.64
202506,4125051000,11242.89
202307,4125052000,177027.98
202308,4125052000,151166.3
202309,4125052000,147877.92
202310,4125052000,148828.77
202311,4125052000,147820.05
202312,4125052000,153254.83
202401,4125052000,162783.39
202402,4125052000,154711.45
202403,4125052000,168019.03
202404,4125052000,152732.7
202405,4125052000,146631.56
202406,4125052000,145367.02
202407,4125052000,151553.31
202408,4125052000,208469.95
202409,4125052000,176775.83
202410,4125052000,160563.31
202411,4125052000,155041.61
202412,4125052000,156809.22
202501,4125052000,176115.8
202502,4125052000,149434.73
202503,4125052000,155636.66
202504,4125052000,151690.95
202505,4125052000,160357.8
202506,4125052000,153878.16
202307,4125053500,486670.25
202308,4125053500,479210.88
202309,4125053500,456682.28
202310,4125053500,455710.38
202311,4125053500,449944.22
202312,4125053500,463327.28
202401,4125053500,512008.3
202402,4125053500,491269.94
202403,4125053500,576764.9
202404,4125053500,545983.44
202405,4125053500,535749.44
202406,4125053500,510524.0
202407,4125053500,463354.66
202408,4125053500,458878.8
202409,4125053500,522336.75
202410,4125053500,494503.72
202411,4125053500,477781.2
202412,4125053500,457022.1
202501,4125053500,468369.25
202502,4125053500,446163.53
202503,4125053500,495219.78
202504,4125053500,489161.75
202505,4125053500,511125.0
202506,4125053500,477689.66
202307,4125055000,14039.45
202308,4125055000,12593.63
202309,4125055000,12623.68
202310,4125055000,12174.22
202311,4125055000,11916.68
202312,4125055000,11652.49
202401,4125055000,10818.64
202402,4125055000,10827.46
202403,4125055000,12179.64
202404,4125055000,12360.82
202405,4125055000,12007.03
202406,4125055000,11567.71
202407,4125055000,11778.2
202408,4125055000,12479.61
202409,4125055000,12330.14
202410,4125055000,11976.85
202411,4125055000,11357.38
202412,4125055000,10702.59
202501,4125055000,10728.44
202502,4125055000,9712.12
202503,4125055000,10499.97
202504,4125055000,11573.72
202505,4125055000,11309.08
202506,4125055000,10997.8
202307,4125056500,63925.72
202308,4125056500,56868.26
202309,4125056500,53942.3
202310,4125056500,55212.47
202311,4125056500,51700.63
202312,4125056500,52085.18
202401,4125056500,55952.0
202402,4125056500,50589.93
202403,4125056500,54823.25
202404,4125056500,50498.9
202405,4125056500,52438.88
202406,4125056500,51876.57
202407,4125056500,51861.57
202408,4125056500,59764.02
202409,4125056500,58242.29
202410,4125056500,54775.13
202411,4125056500,52121.14
202412,4125056500,51565.96
202501,4125056500,55447.71
202502,4125056500,49565.05
202503,4125056500,56248.15
202504,4125056500,52454.18
202505,4125056500,56242.72
202506,4125056500,54204.3
202307,4125056600,100988.77
202308,4125056600,96060.38
202309,4125056600,97815.67
202310,4125056600,97195.28
202311,4125056600,95216.29
202312,4125056600,99875.9
202401,4125056600,100227.69
202402,4125056600,91431.45
202403,4125056600,107061.28
202404,4125056600,101064.58
202405,4125056600,98589.82
202406,4125056600,95066.04
202407,4125056600,97238.98
202408,4125056600,101441.21
202409,4125056600,103924.09
202410,4125056600,98584.85
202411,4125056600,96761.89
202412,4125056600,98519.41
202501,4125056600,101657.37
202502,4125056600,90790.9
202503,4125056600,97278.13
202504,4125056600,95835.67
202505,4125056600,99866.0
202506,4125056600,95879.41
202307,4125058000,12325.56
202308,4125058000,11798.8
202309,4125058000,12023.38
202310,4125058000,12836.68
202311,4125058000,11483.86
202312,4125058000,10577.38
202401,4125058000,10276.06
202402,4125058000,9864.27
202403,4125058000,12726.85
202404,4125058000,12138.93
202405,4125058000,11804.87
202406,4125058000,11265.79
202407,4125058000,10591.82
202408,4125058000,11260.98
202409,4125058000,12461.99
202410,4125058000,12114.96
202411,4125058000,11609.44
202412,4125058000,9856.91
202501,4125058000,10029.02
202502,4125058000,9488.85
202503,4125058000,11552.51
202504,4125058000,11386.49
202505,4125058000,11680.01
202506,4125058000,11055.57
202307,4125060000,9745.66
202308,4125060000,8696.59
202309,4125060000,8701.13
202310,4125060000,8466.63
202311,4125060000,8649.57
202312,4125060000,8251.22
202401,4125060000,7434.91
202402,4125060000,7429.49
202403,4125060000,8339.66
202404,4125060000,8326.46
202405,4125060000,8310.42
202406,4125060000,7845.45
202407,4125060000,7994.55
202408,4125060000,8208.43
202409,4125060000,9020.83
202410,4125060000,8147.86
202411,4125060000,7813.05
202412,4125060000,8114.84
202501,4125060000,8835.01
202502,4125060000,7771.62
202503,4125060000,8192.07
202504,4125060000,8064.25
202505,4125060000,8279.67
202506,4125060000,7824.26
202307,4127151000,363323.6
202308,4127151000,366716.28
202309,4127151000,390919.28
202310,4127151000,392681.84
202311,4127151000,390839.34
202312,4127151000,368014.4
202401,4127151000,352200.38
202402,4127151000,310931.66
202403,4127151000,385652.2
202404,4127151000,382641.7
202405,4127151000,394090.4
202406,4127151000,361902.6
202407,4127151000,349924.97
202408,4127151000,346873.94
202409,4127151000,398072.2
202410,4127151000,382603.2
202411,4127151000,372745.12
202412,4127151000,351205.84
202501,4127151000,355128.7
202502,4127151000,321563.7
202503,4127151000,391421.03
202504,4127151000,378577.75
202505,4127151000,382907.4
202506,4127151000,364067.53
202307,4127151500,918327.4
202308,4127151500,896416.7
202309,4127151500,888349.75
202310,4127151500,893711.75
202311,4127151500,849819.56
202312,4127151500,868708.6
202401,4127151500,875153.25
202402,4127151500,774558.06
202403,4127151500,858861.0
202404,4127151500,869278.94
202405,4127151500,865846.56
202406,4127151500,832180.3
202407,4127151500,855666.1
202408,4127151500,829455.75
202409,4127151500,916203.06
202410,4127151500,848255.3
202411,4127151500,821139.25
202412,4127151500,838061.56
202501,4127151500,892866.7
202502,4127151500,819531.7
202503,4127151500,876383.06
202504,4127151500,819589.75
202505,4127151500,856779.6
202506,4127151500,778951.6
202307,4127152500,525525.06
202308,4127152500,507011.38
202309,4127152500,508285.5
202310,4127152500,514849.12
202311,4127152500,496147.84
202312,4127152500,499371.7
202401,4127152500,494666.06
202402,4127152500,450302.66
202403,4127152500,515519.06
202404,4127152500,513846.47
202405,4127152500,510568.06
202406,4127152500,494623.4
202407,4127152500,497842.78
202408,4127152500,480217.9
202409,4127152500,562207.94
202410,4127152500,489679.2
202411,4127152500,473343.03
202412,4127152500,468072.44
202501,4127152500,574668.25
202502,4127152500,481225.47
202503,4127152500,551885.25
202504,4127152500,428205.72
202505,4127152500,435932.3
202506,4127152500,433433.94
202307,4127153200,278176.0
202308,4127153200,266049.94
202309,4127153200,275319.94
202310,4127153200,283605.1
202311,4127153200,269737.53
202312,4127153200,268556.38
202401,4127153200,267108.72
202402,4127153200,231565.94
202403,4127153200,251111.98
202404,4127153200,255635.3
202405,4127153200,261112.38
202406,4127153200,253270.2
202407,4127153200,260102.5
202408,4127153200,254141.69
202409,4127153200,266475.9
202410,4127153200,257451.23
202411,4127153200,250851.81
202412,4127153200,248378.98
202501,4127153200,259816.95
202502,4127153200,235564.42
202503,4127153200,247487.83
202504,4127153200,248741.94
202505,4127153200,251972.27
202506,4127153200,247844.55
202307,4127153700,82540.51
202308,4127153700,81063.37
202309,4127153700,89261.24
202310,4127153700,88943.2
202311,4127153700,87208.49
202312,4127153700,86182.46
202401,4127153700,76286.48
202402,4127153700,68435.92
202403,4127153700,87078.62
202404,4127153700,86783.44
202405,4127153700,86049.9
202406,4127153700,80188.51
202407,4127153700,76842.35
202408,4127153700,73947.46
202409,4127153700,90896.05
202410,4127153700,85491.84
202411,4127153700,89223.19
202412,4127153700,82370.8
202501,4127153700,77404.85
202502,4127153700,73167.89
202503,4127153700,92279.92
202504,4127153700,85551.02
202505,4127153700,85922.19
202506,4127153700,83550.15
202307,4127154000,93867.84
202308,4127154000,89545.21
202309,4127154000,90608.84
202310,4127154000,91077.01
202311,4127154000,87897.58
202312,4127154000,87250.41
202401,4127154000,88891.5
202402,4127154000,78311.61
202403,4127154000,88661.1
202404,4127154000,90674.94
202405,4127154000,88954.02
202406,4127154000,85946.95
202407,4127154000,88382.47
202408,4127154000,85489.48
202409,4127154000,91274.63
202410,4127154000,87885.73
202411,4127154000,85277.03
202412,4127154000,86472.48
202501,4127154000,88922.33
202502,4127154000,81837.13
202503,4127154000,95798.23
202504,4127154000,88896.0
202505,4127154000,90774.37
202506,4127154000,83824.51
202307,4127155000,346267.84
202308,4127155000,342581.34
202309,4127155000,346152.56
202310,4127155000,347781.25
202311,4127155000,335962.9
202312,4127155000,339031.62
202401,4127155000,337548.16
202402,4127155000,294993.88
202403,4127155000,334653.16
202404,4127155000,338937.0
202405,4127155000,347912.78
202406,4127155000,339426.7
202407,4127155000,345701.9
202408,4127155000,337838.3
202409,4127155000,376323.88
202410,4127155000,347036.7
202411,4127155000,332225.16
202412,4127155000,330095.62
202501,4127155000,335380.25
202502,4127155000,298904.78
202503,4127155000,344101.8
202504,4127155000,383478.66
202505,4127155000,349050.56
202506,4127155000,327918.34
202307,4127156000,1422013.5
202308,4127156000,1374303.1
202309,4127156000,1422348.0
202310,4127156000,1402531.0
202311,4127156000,1335786.0
202312,4127156000,1368018.4
202401,4127156000,1387839.0
202402,4127156000,1246153.4
202403,4127156000,1392162.5
202404,4127156000,1397595.8
202405,4127156000,1416405.2
202406,4127156000,1351040.2
202407,4127156000,1370651.1
202408,4127156000,1352506.4
202409,4127156000,1463392.5
202410,4127156000,1369496.1
202411,4127156000,1348684.8
202412,4127156000,1356954.4
202501,4127156000,1361736.0
202502,4127156000,1255681.6
202503,4127156000,1349468.9
202504,4127156000,1363526.1
202505,4127156000,1400863.5
202506,4127156000,1346122.9
202307,4127157000,201759.42
202308,4127157000,188102.05
202309,4127157000,188757.94
202310,4127157000,186976.73
202311,4127157000,173098.08
202312,4127157000,169692.36
202401,4127157000,170749.05
202402,4127157000,147540.62
202403,4127157000,173509.05
202404,4127157000,177727.66
202405,4127157000,181858.72
202406,4127157000,174940.88
202407,4127157000,174047.38
202408,4127157000,169154.81
202409,4127157000,185332.6
202410,4127157000,175301.3
202411,4127157000,166066.67
202412,4127157000,163368.4
202501,4127157000,167488.73
202502,4127157000,150216.16
202503,4127157000,171361.06
202504,4127157000,170862.98
202505,4127157000,175601.5
202506,4127157000,168743.52
202307,4127158000,451268.75
202308,4127158000,443008.22
202309,4127158000,452640.47
202310,4127158000,452918.3
202311,4127158000,433427.25
202312,4127158000,433768.94
202401,4127158000,430235.25
202402,4127158000,377918.12
202403,4127158000,438887.7
202404,4127158000,444248.3
202405,4127158000,461403.25
202406,4127158000,439603.5
202407,4127158000,449736.0
202408,4127158000,434316.03
202409,4127158000,469699.12
202410,4127158000,452956.0
202411,4127158000,437388.22
202412,4127158000,426448.03
202501,4127158000,439376.2
202502,4127158000,398759.2
202503,4127158000,462389.2
202504,4127158000,444966.6
202505,4127158000,443296.4
202506,4127158000,439002.0
202307,4127159000,448195.16
202308,4127159000,440695.5
202309,4127159000,429529.44
202310,4127159000,437956.97
202311,4127159000,415588.3
202312,4127159000,432975.1
202401,4127159000,441509.1
202402,4127159000,412685.84
202403,4127159000,442795.7
202404,4127159000,457489.62
202405,4127159000,471553.53
202406,4127159000,450476.06
202407,4127159000,477238.88
202408,4127159000,467020.0
202409,4127159000,476738.03
202410,4127159000,446205.28
202411,4127159000,430285.97
202412,4127159000,436425.2
202501,4127159000,465072.06
202502,4127159000,422768.12
202503,4127159000,446978.03
202504,4127159000,438133.0
202505,4127159000,429901.22
202506,4127159000,409844.12
202307,4127160000,86943.69
202308,4127160000,85973.64
202309,4127160000,87246.22
202310,4127160000,86859.21
202311,4127160000,83209.07
202312,4127160000,81963.78
202401,4127160000,80879.03
202402,4127160000,73592.15
202403,4127160000,81927.52
202404,4127160000,83025.04
202405,4127160000,85487.08
202406,4127160000,82084.62
202407,4127160000,87492.87
202408,4127160000,79261.15
202409,4127160000,87097.71
202410,4127160000,84433.39
202411,4127160000,81902.17
202412,4127160000,81438.62
202501,4127160000,83534.2
202502,4127160000,76116.85
202503,4127160000,90242.96
202504,4127160000,89050.54
202505,4127160000,88847.32
202506,4127160000,86120.98
202307,4127161000,74044.55
202308,4127161000,74045.32
202309,4127161000,79527.0
202310,4127161000,79854.85
202311,4127161000,76812.2
202312,4127161000,70077.41
202401,4127161000,66199.31
202402,4127161000,62162.53
202403,4127161000,72134.97
202404,4127161000,77169.42
202405,4127161000,79684.96
202406,4127161000,75910.53
202407,4127161000,73813.38
202408,4127161000,71404.01
202409,4127161000,79258.26
202410,4127161000,76536.96
202411,4127161000,74269.09
202412,4127161000,70023.29
202501,4127161000,69947.61
202502,4127161000,61445.03
202503,4127161000,73058.01
202504,4127161000,73325.88
202505,4127161000,74519.07
202506,4127161000,72026.19
202307,4127351000,488730.47
202308,4127351000,472795.97
202309,4127351000,484751.12
202310,4127351000,481536.4
202311,4127351000,456336.72
202312,4127351000,471689.7
202401,4127351000,455530.72
202402,4127351000,413448.12
202403,4127351000,470401.2
202404,4127351000,482672.22
202405,4127351000,457231.53
202406,4127351000,452915.22
202407,4127351000,471966.34
202408,4127351000,455428.56
202409,4127351000,484536.94
202410,4127351000,452576.6
202411,4127351000,432953.75
202412,4127351000,431479.06
202501,4127351000,450767.94
202502,4127351000,400149.53
202503,4127351000,451143.28
202504,4127351000,435728.16
202505,4127351000,451172.44
202506,4127351000,412523.28
202307,4127352500,1179933.0
202308,4127352500,1199530.8
202309,4127352500,1146945.6
202310,4127352500,1196526.2
202311,4127352500,1164237.6
202312,4127352500,1192369.2
202401,4127352500,1253053.8
202402,4127352500,1102317.5
202403,4127352500,1263593.5
202404,4127352500,1245655.2
202405,4127352500,1271341.2
202406,4127352500,1229243.2
202407,4127352500,1310979.6
202408,4127352500,1229486.4
202409,4127352500,1341998.9
202410,4127352500,1198360.5
202411,4127352500,1210381.5
202412,4127352500,1241054.9
202501,4127352500,1259697.4
202502,4127352500,1173646.5
202503,4127352500,1220523.8
202504,4127352500,1234578.6
202505,4127352500,1246400.0
202506,4127352500,1181489.5
202307,4127353200,2177725.8
202308,4127353200,2179060.8
202309,4127353200,2143927.5
202310,4127353200,2194639.2
202311,4127353200,2104933.8
202312,4127353200,2178385.0
202401,4127353200,2167560.5
202402,4127353200,2008442.4
202403,4127353200,2276284.5
202404,4127353200,2209947.2
202405,4127353200,2326791.0
202406,4127353200,2163869.5
202407,4127353200,2207527.0
202408,4127353200,2152828.8
202409,4127353200,2353957.0
202410,4127353200,2276014.5
202411,4127353200,2177268.5
202412,4127353200,2306532.8
202501,4127353200,2260736.0
202502,4127353200,2120032.0
202503,4127353200,2354822.8
202504,4127353200,2232673.0
202505,4127353200,2224592.8
202506,4127353200,2089232.1
202307,4127353500,3146727.2
202308,4127353500,3100254.5
202309,4127353500,3102153.5
202310,4127353500,3159612.0
202311,4127353500,3049736.0
202312,4127353500,3176452.2
202401,4127353500,3140988.2
202402,4127353500,2807640.0
202403,4127353500,3187108.5
202404,4127353500,3280185.2
202405,4127353500,3405776.5
202406,4127353500,3184938.2
202407,4127353500,3168645.0
202408,4127353500,3101814.2
202409,4127353500,3233293.2
202410,4127353500,3270436.0
202411,4127353500,3107932.0
202412,4127353500,3172476.2
202501,4127353500,3178079.8
202502,4127353500,2982367.5
202503,4127353500,3171247.0
202504,4127353500,3085024.8
202505,4127353500,3203219.0
202506,4127353500,3016918.8
202307,4127354500,518628.5
202308,4127354500,518648.5
202309,4127354500,516122.78
202310,4127354500,485181.1
202311,4127354500,462731.3
202312,4127354500,470271.6
202401,4127354500,479594.16
202402,4127354500,465159.47
202403,4127354500,466671.8
202404,4127354500,455001.78
202405,4127354500,457861.53
202406,4127354500,440401.5
202407,4127354500,452005.34
202408,4127354500,425099.0
202409,4127354500,561031.5
202410,4127354500,428584.62
202411,4127354500,415773.1
202412,4127354500,417334.78
202501,4127354500,593391.94
202502,4127354500,508547.0
202503,4127354500,528448.75
202504,4127354500,375806.1
202505,4127354500,391433.94
202506,4127354500,375006.94
202307,4127355500,74564.08
202308,4127355500,73494.07
202309,4127355500,73403.6
202310,4127355500,73887.52
202311,4127355500,70146.0
202312,4127355500,71615.19
202401,4127355500,74198.31
202402,4127355500,68469.94
202403,4127355500,79152.61
202404,4127355500,75103.49
202405,4127355500,76073.45
202406,4127355500,73889.54
202407,4127355500,72940.29
202408,4127355500,70417.43
202409,4127355500,81636.22
202410,4127355500,72440.69
202411,4127355500,65475.97
202412,4127355500,63757.51
202501,4127355500,76064.34
202502,4127355500,69583.81
202503,4127355500,77089.16
202504,4127355500,70771.67
202505,4127355500,72111.76
202506,4127355500,70218.5
202307,4127356500,67858.5
202308,4127356500,66087.55
202309,4127356500,64616.33
202310,4127356500,64280.35
202311,4127356500,64078.23
202312,4127356500,63526.58
202401,4127356500,62939.12
202402,4127356500,54735.77
202403,4127356500,59348.2
202404,4127356500,59102.33
202405,4127356500,60085.2
202406,4127356500,58184.12
202407,4127356500,61140.38
202408,4127356500,59350.96
202409,4127356500,62457.63
202410,4127356500,58139.48
202411,4127356500,57419.59
202412,4127356500,56871.53
202501,4127356500,59892.14
202502,4127356500,57157.53
202503,4127356500,59000.47
202504,4127356500,58989.83
202505,4127356500,57337.69
202506,4127356500,56956.85
202307,4127357000,413526.88
202308,4127357000,406152.78
202309,4127357000,398951.75
202310,4127357000,406811.16
202311,4127357000,418879.16
202312,4127357000,389531.78
202401,4127357000,417476.44
202402,4127357000,360098.6
202403,4127357000,398616.0
202404,4127357000,406570.2
202405,4127357000,400312.72
202406,4127357000,381685.66
202407,4127357000,413453.7
202408,4127357000,381126.8
202409,4127357000,393652.88
202410,4127357000,408504.66
202411,4127357000,394428.44
202412,4127357000,385013.78
202501,4127357000,376562.56
202502,4127357000,394891.66
202503,4127357000,393412.03
202504,4127357000,403437.62
202505,4127357000,376741.9
202506,4127357000,375354.38
202307,4127358000,47997.21
202308,4127358000,47220.35
202309,4127358000,46943.78
202310,4127358000,47543.91
202311,4127358000,44429.41
202312,4127358000,45761.13
202401,4127358000,45320.0
202402,4127358000,40275.25
202403,4127358000,44708.86
202404,4127358000,46844.5
202405,4127358000,46660.23
202406,4127358000,45120.69
202407,4127358000,47421.11
202408,4127358000,46858.51
202409,4127358000,49704.52
202410,4127358000,50617.22
202411,4127358000,48669.24
202412,4127358000,49449.7
202501,4127358000,52165.26
202502,4127358000,48319.24
202503,4127358000,53428.38
202504,4127358000,48304.31
202505,4127358000,49026.89
202506,4127358000,48936.8
202307,4127359000,154736.1
202308,4127359000,146486.81
202309,4127359000,148394.42
202310,4127359000,145285.39
202311,4127359000,139959.77
202312,4127359000,141212.22
202401,4127359000,140928.42
202402,4127359000,133114.6
202403,4127359000,139094.28
202404,4127359000,139578.89
202405,4127359000,141883.66
202406,4127359000,138510.27
202407,4127359000,145202.52
202408,4127359000,137693.06
202409,4127359000,161493.22
202410,4127359000,146388.05
202411,4127359000,136606.36
202412,4127359000,135628.33
202501,4127359000,147022.48
202502,4127359000,132965.33
202503,4127359000,180478.34
202504,4127359000,134042.31
202505,4127359000,133805.62
202506,4127359000,132779.19
202307,4127360000,144528.3
202308,4127360000,143473.72
202309,4127360000,139881.11
202310,4127360000,140104.73
202311,4127360000,131988.12
202312,4127360000,136795.05
202401,4127360000,138069.12
202402,4127360000,127007.98
202403,4127360000,138378.98
202404,4127360000,138130.4
202405,4127360000,133831.58
202406,4127360000,126365.03
202407,4127360000,126501.28
202408,4127360000,130076.45
202409,4127360000,136079.39
202410,4127360000,135932.69
202411,4127360000,146667.8
202412,4127360000,136475.31
202501,4127360000,143521.78
202502,4127360000,129870.63
202503,4127360000,134525.7
202504,4127360000,130156.23
202505,4127360000,139032.78
202506,4127360000,137696.86
202307,4127361000,10861.89
202308,4127361000,12454.89
202309,4127361000,12303.8
202310,4127361000,12822.4
202311,4127361000,7395.05
202312,4127361000,7649.5
202401,4127361000,6439.59
202402,4127361000,7188.15
202403,4127361000,8167.9
202404,4127361000,9747.86
202405,4127361000,12062.47
202406,4127361000,13099.54
202407,4127361000,10160.6
202408,4127361000,13756.07
202409,4127361000,13034.01
202410,4127361000,11649.92
202411,4127361000,8938.21
202412,4127361000,6486.35
202501,4127361000,7941.56
202502,4127361000,6666.92
202503,4127361000,7242.13
202504,4127361000,7715.99
202505,4127361000,12200.0
202506,4127361000,11418.59
202307,4128151000,96039.71
202308,4128151000,90171.51
202309,4128151000,89631.97
202310,4128151000,89673.01
202311,4128151000,93203.1
202312,4128151000,84301.92
202401,4128151000,86729.48
202402,4128151000,81226.97
202403,4128151000,95210.64
202404,4128151000,91155.58
202405,4128151000,88124.73
202406,4128151000,86625.14
202407,4128151000,87179.15
202408,4128151000,88309.3
202409,4128151000,92314.83
202410,4128151000,90385.58
202411,4128151000,87834.5
202412,4128151000,83792.26
202501,4128151000,84060.58
202502,4128151000,78917.07
202503,4128151000,85851.21
202504,4128151000,86282.59
202505,4128151000,86472.08
202506,4128151000,83696.7
202307,4128152000,68594.85
202308,4128152000,63366.15
202309,4128152000,64976.63
202310,4128152000,66699.46
202311,4128152000,63172.74
202312,4128152000,58547.01
202401,4128152000,62714.09
202402,4128152000,62421.22
202403,4128152000,74192.79
202404,4128152000,71147.88
202405,4128152000,71092.35
202406,4128152000,67105.49
202407,4128152000,67930.87
202408,4128152000,68036.0
202409,4128152000,82367.71
202410,4128152000,68326.46
202411,4128152000,71223.64
202412,4128152000,63390.72
202501,4128152000,65459.74
202502,4128152000,59324.92
202503,4128152000,61489.58
202504,4128152000,70111.69
202505,4128152000,79055.6
202506,4128152000,76985.91
202307,4128153000,367492.03
202308,4128153000,354367.94
202309,4128153000,347375.03
202310,4128153000,352025.8
202311,4128153000,341135.5
202312,4128153000,348282.3
202401,4128153000,357680.12
202402,4128153000,341498.22
202403,4128153000,407221.0
202404,4128153000,363442.6
202405,4128153000,383015.34
202406,4128153000,351662.75
202407,4128153000,354879.25
202408,4128153000,363914.53
202409,4128153000,376093.0
202410,4128153000,358136.38
202411,4128153000,345933.8
202412,4128153000,357928.9
202501,4128153000,367766.53
202502,4128153000,346800.6
202503,4128153000,369962.62
202504,4128153000,358452.75
202505,4128153000,377532.44
202506,4128153000,370357.88
202307,4128154000,299050.94
202308,4128154000,276084.16
202309,4128154000,274249.8
202310,4128154000,291580.5
202311,4128154000,287152.3
202312,4128154000,277863.12
202401,4128154000,224228.89
202402,4128154000,224332.72
202403,4128154000,250054.78
202404,4128154000,235115.31
202405,4128154000,238929.83
202406,4128154000,234156.48
202407,4128154000,278996.06
202408,4128154000,251966.34
202409,4128154000,280513.84
202410,4128154000,275754.56
202411,4128154000,270088.25
202412,4128154000,298928.9
202501,4128154000,295723.7
202502,4128154000,260704.3
202503,4128154000,275180.62
202504,4128154000,272636.62
202505,4128154000,283649.72
202506,4128154000,273615.84
202307,4128155000,176627.81
202308,4128155000,162971.06
202309,4128155000,168610.69
202310,4128155000,170028.3
202311,4128155000,172367.52
202312,4128155000,180889.08
202401,4128155000,188486.77
202402,4128155000,177864.2
202403,4128155000,217206.06
202404,4128155000,204028.86
202405,4128155000,197647.61
202406,4128155000,192273.4
202407,4128155000,194866.14
202408,4128155000,193889.06
202409,4128155000,209912.3
202410,4128155000,197454.16
202411,4128155000,209783.02
202412,4128155000,177594.14
202501,4128155000,179092.22
202502,4128155000,180907.1
202503,4128155000,179559.73
202504,4128155000,175785.98
202505,4128155000,181724.75
202506,4128155000,174139.53
202307,4128156000,9575.13
202308,4128156000,10970.86
202309,4128156000,10116.31
202310,4128156000,10843.43
202311,4128156000,8375.54
202312,4128156000,7289.53
202401,4128156000,12139.62
202402,4128156000,12793.43
202403,4128156000,14306.7
202404,4128156000,13861.22
202405,4128156000,14491.75
202406,4128156000,14105.17
202407,4128156000,14067.35
202408,4128156000,14870.51
202409,4128156000,14750.89
202410,4128156000,13748.09
202411,4128156000,13133.04
202412,4128156000,12565.71
202501,4128156000,13655.13
202502,4128156000,12753.39
202503,4128156000,13397.56
202504,4128156000,13844.27
202505,4128156000,15577.28
202506,4128156000,14755.84
202307,4128157600,136980.66
202308,4128157600,125154.02
202309,4128157600,124033.89
202310,4128157600,129859.84
202311,4128157600,146253.81
202312,4128157600,135799.94
202401,4128157600,96554.18
202402,4128157600,101464.49
202403,4128157600,125694.33
202404,4128157600,110018.94
202405,4128157600,113912.29
202406,4128157600,108850.34
202407,4128157600,106563.61
202408,4128157600,110631.31
202409,4128157600,115369.36
202410,4128157600,110033.5
202411,4128157600,110515.53
202412,4128157600,112378.68
202501,4128157600,113989.43
202502,4128157600,108475.57
202503,4128157600,117441.45
202504,4128157600,112515.07
202505,4128157600,116389.4
202506,4128157600,111664.56
202307,4128157700,207615.28
202308,4128157700,192879.62
202309,4128157700,199961.5
202310,4128157700,206768.34
202311,4128157700,195162.56
202312,4128157700,193255.62
202401,4128157700,282963.75
202402,4128157700,237681.31
202403,4128157700,273832.75
202404,4128157700,255557.17
202405,4128157700,261463.36
202406,4128157700,247130.95
202407,4128157700,252724.39
202408,4128157700,246750.47
202409,4128157700,259569.48
202410,4128157700,246881.47
202411,4128157700,232718.38
202412,4128157700,241346.2
202501,4128157700,246606.67
202502,4128157700,225298.08
202503,4128157700,244073.56
202504,4128157700,236599.94
202505,4128157700,262037.17
202506,4128157700,252294.52
202307,4128158000,281260.97
202308,4128158000,265937.0
202309,4128158000,249592.6
202310,4128158000,252353.9
202311,4128158000,240828.66
202312,4128158000,255046.36
202401,4128158000,280279.7
202402,4128158000,258868.77
202403,4128158000,263826.5
202404,4128158000,238875.52
202405,4128158000,260504.17
202406,4128158000,256562.75
202407,4128158000,267503.62
202408,4128158000,279828.22
202409,4128158000,281016.9
202410,4128158000,256617.03
202411,4128158000,256478.88
202412,4128158000,274197.94
202501,4128158000,285167.38
202502,4128158000,251423.89
202503,4128158000,262901.38
202504,4128158000,247601.81
202505,4128158000,269725.5
202506,4128158000,253439.61
202307,4128159000,46321.98
202308,4128159000,44981.72
202309,4128159000,48562.78
202310,4128159000,46972.76
202311,4128159000,43615.59
202312,4128159000,41849.86
202401,4128159000,42035.72
202402,4128159000,40732.44
202403,4128159000,47203.38
202404,4128159000,45616.27
202405,4128159000,46996.86
202406,4128159000,44091.36
202407,4128159000,43109.98
202408,4128159000,45819.0
202409,4128159000,52513.04
202410,4128159000,45458.48
202411,4128159000,43603.85
202412,4128159000,41441.92
202501,4128159000,45774.4
202502,4128159000,39857.69
202503,4128159000,43526.09
202504,4128159000,42719.74
202505,4128159000,44401.99
202506,4128159000,42689.15
202307,4128160000,105843.28
202308,4128160000,93015.12
202309,4128160000,95464.25
202310,4128160000,94366.37
202311,4128160000,93838.47
202312,4128160000,93762.9
202401,4128160000,97326.29
202402,4128160000,90086.43
202403,4128160000,106519.25
202404,4128160000,101031.14
202405,4128160000,100054.04
202406,4128160000,99921.94
202407,4128160000,96999.3
202408,4128160000,106853.95
202409,4128160000,103740.24
202410,4128160000,94896.82
202411,4128160000,94158.14
202412,4128160000,90558.18
202501,4128160000,94139.91
202502,4128160000,85055.13
202503,4128160000,94039.05
202504,4128160000,93211.5
202505,4128160000,97462.22
202506,4128160000,93075.56
202307,4128161000,44801.84
202308,4128161000,41713.41
202309,4128161000,42359.59
202310,4128161000,44190.19
202311,4128161000,43105.67
202312,4128161000,42916.38
202401,4128161000,45944.1
202402,4128161000,42463.38
202403,4128161000,46104.67
202404,4128161000,44981.12
202405,4128161000,49792.1
202406,4128161000,44325.89
202407,4128161000,45887.26
202408,4128161000,47369.46
202409,4128161000,47226.03
202410,4128161000,48059.14
202411,4128161000,42977.12
202412,4128161000,48979.41
202501,4128161000,48172.73
202502,4128161000,43653.09
202503,4128161000,45664.88
202504,4128161000,44936.44
202505,4128161000,46077.36
202506,4128161000,41215.04
202307,4128162100,446973.44
202308,4128162100,429174.9
202309,4128162100,425174.9
202310,4128162100,430445.84
202311,4128162100,421494.03
202312,4128162100,441602.88
202401,4128162100,451340.6
202402,4128162100,414780.16
202403,4128162100,460303.56
202404,4128162100,418519.94
202405,4128162100,423288.9
202406,4128162100,414322.25
202407,4128162100,426878.66
202408,4128162100,429763.2
202409,4128162100,442956.3
202410,4128162100,426341.44
202411,4128162100,420861.2
202412,4128162100,422040.2
202501,4128162100,430827.66
202502,4128162100,396345.47
202503,4128162100,415225.25
202504,4128162100,397492.6
202505,4128162100,420799.38
202506,4128162100,403900.2
202307,4128162200,431372.16
202308,4128162200,415005.34
202309,4128162200,410057.47
202310,4128162200,430293.38
202311,4128162200,418561.12
202312,4128162200,441025.66
202401,4128162200,462332.22
202402,4128162200,414108.8
202403,4128162200,464954.12
202404,4128162200,436677.66
202405,4128162200,429998.12
202406,4128162200,429538.66
202407,4128162200,446060.0
202408,4128162200,441226.78
202409,4128162200,459895.72
202410,4128162200,444505.03
202411,4128162200,455573.2
202412,4128162200,441489.16
202501,4128162200,465577.6
202502,4128162200,432453.12
202503,4128162200,450961.03
202504,4128162200,441876.84
202505,4128162200,458449.56
202506,4128162200,465371.06
202307,4128163000,214928.45
202308,4128163000,204325.02
202309,4128163000,212874.73
202310,4128163000,213385.08
202311,4128163000,191022.48
202312,4128163000,189719.16
202401,4128163000,190166.84
202402,4128163000,176844.44
202403,4128163000,203687.25
202404,4128163000,194694.81
202405,4128163000,198760.48
202406,4128163000,184518.12
202407,4128163000,187148.31
202408,4128163000,189972.75
202409,4128163000,202802.2
202410,4128163000,199027.73
202411,4128163000,185812.55
202412,4128163000,179524.9
202501,4128163000,186425.77
202502,4128163000,166560.33
202503,4128163000,182491.55
202504,4128163000,158892.05
202505,4128163000,171837.52
202506,4128163000,175405.75
202307,4128164000,352225.34
202308,4128164000,336309.2
202309,4128164000,329641.53
202310,4128164000,338888.38
202311,4128164000,339151.56
202312,4128164000,353374.5
202401,4128164000,324366.47
202402,4128164000,306224.38
202403,4128164000,363110.0
202404,4128164000,370619.78
202405,4128164000,372940.62
202406,4128164000,353861.8
202407,4128164000,356295.47
202408,4128164000,371333.7
202409,4128164000,378812.0
202410,4128164000,359699.78
202411,4128164000,351322.94
202412,4128164000,360115.3
202501,4128164000,381136.03
202502,4128164000,345471.88
202503,4128164000,367231.78
202504,4128164000,430438.28
202505,4128164000,388794.8
202506,4128164000,367189.2
202307,4128165000,299073.3
202308,4128165000,292994.62
202309,4128165000,287328.75
202310,4128165000,294977.6
202311,4128165000,286939.66
202312,4128165000,296782.5
202401,4128165000,307389.8
202402,4128165000,278906.9
202403,4128165000,312629.38
202404,4128165000,289983.3
202405,4128165000,292606.53
202406,4128165000,293666.12
202407,4128165000,348367.25
202408,4128165000,311561.03
202409,4128165000,326326.9
202410,4128165000,312348.94
202411,4128165000,299701.5
202412,4128165000,290130.22
202501,4128165000,310164.38
202502,4128165000,286082.72
202503,4128165000,303067.28
202504,4128165000,296680.44
202505,4128165000,302103.78
202506,4128165000,302085.44
202307,4128165500,1119366.2
202308,4128165500,1165965.5
202309,4128165500,1079226.6
202310,4128165500,1101680.9
202311,4128165500,1129012.6
202312,4128165500,1120804.0
202401,4128165500,1142206.4
202402,4128165500,1219843.0
202403,4128165500,1331035.2
202404,4128165500,1216420.1
202405,4128165500,1215299.0
202406,4128165500,1123888.1
202407,4128165500,1133447.5
202408,4128165500,1135521.9
202409,4128165500,1204172.1
202410,4128165500,1116214.6
202411,4128165500,1082270.1
202412,4128165500,1094931.6
202501,4128165500,1167233.9
202502,4128165500,1056153.0
202503,4128165500,1133380.1
202504,4128165500,1113128.2
202505,4128165500,1197774.5
202506,4128165500,1163501.6
202307,4128165600,178097.55
202308,4128165600,166685.94
202309,4128165600,162033.77
202310,4128165600,168407.0
202311,4128165600,166851.47
202312,4128165600,165248.62
202401,4128165600,178743.62
202402,4128165600,165910.27
202403,4128165600,186741.22
202404,4128165600,173368.4
202405,4128165600,172635.52
202406,4128165600,166613.16
202407,4128165600,161963.02
202408,4128165600,162308.3
202409,4128165600,167999.23
202410,4128165600,154442.45
202411,4128165600,151147.3
202412,4128165600,149645.03
202501,4128165600,164028.52
202502,4128165600,150825.77
202503,4128165600,171947.4
202504,4128165600,168052.3
202505,4128165600,175412.73
202506,4128165600,162582.44
202307,4128166000,52047.19
202308,4128166000,49137.12
202309,4128166000,49228.68
202310,4128166000,51971.77
202311,4128166000,51989.28
202312,4128166000,49517.87
202401,4128166000,39108.78
202402,4128166000,43625.1
202403,4128166000,50007.33
202404,4128166000,45950.11
202405,4128166000,46257.37
202406,4128166000,44519.67
202407,4128166000,46624.32
202408,4128166000,48861.72
202409,4128166000,50313.55
202410,4128166000,47894.42
202411,4128166000,49240.59
202412,4128166000,48812.1
202501,4128166000,49076.88
202502,4128166000,48247.25
202503,4128166000,50576.31
202504,4128166000,52541.89
202505,4128166000,55164.6
202506,4128166000,53162.6
202307,4128167000,50823.64
202308,4128167000,50325.21
202309,4128167000,61387.4
202310,4128167000,62854.29
202311,4128167000,59211.29
202312,4128167000,47425.44
202401,4128167000,117075.68
202402,4128167000,83829.07
202403,4128167000,111679.73
202404,4128167000,101945.53
202405,4128167000,104573.01
202406,4128167000,97401.89
202407,4128167000,94582.18
202408,4128167000,102702.42
202409,4128167000,106385.29
202410,4128167000,107461.58
202411,4128167000,99172.4
202412,4128167000,89164.65
202501,4128167000,86755.43
202502,4128167000,87610.65
202503,4128167000,108785.94
202504,4128167000,98686.44
202505,4128167000,97261.64
202506,4128167000,92353.7
202307,4128551000,142847.31
202308,4128551000,137301.23
202309,4128551000,137095.17
202310,4128551000,139814.27
202311,4128551000,138269.6
202312,4128551000,144228.05
202401,4128551000,142236.44
202402,4128551000,132349.25
202403,4128551000,156094.72
202404,4128551000,145850.73
202405,4128551000,149250.56
202406,4128551000,151070.75
202407,4128551000,145837.1
202408,4128551000,145136.02
202409,4128551000,158652.8
202410,4128551000,148902.02
202411,4128551000,142931.55
202412,4128551000,143215.45
202501,4128551000,142899.34
202502,4128551000,132538.31
202503,4128551000,146675.78
202504,4128551000,141042.48
202505,4128551000,144385.56
202506,4128551000,142370.62
202307,4128552500,94404.93
202308,4128552500,87939.89
202309,4128552500,89373.93
202310,4128552500,90482.44
202311,4128552500,89645.62
202312,4128552500,91781.1
202401,4128552500,90255.34
202402,4128552500,85847.5
202403,4128552500,96013.16
202404,4128552500,90485.06
202405,4128552500,91058.29
202406,4128552500,88135.91
202407,4128552500,91168.51
202408,4128552500,89603.74
202409,4128552500,97202.18
202410,4128552500,89150.74
202411,4128552500,86235.95
202412,4128552500,87762.63
202501,4128552500,92754.41
202502,4128552500,82633.78
202503,4128552500,87722.34
202504,4128552500,86730.45
202505,4128552500,89249.63
202506,4128552500,86534.71
202307,4128552600,426367.72
202308,4128552600,404174.88
202309,4128552600,394882.1
202310,4128552600,399584.12
202311,4128552600,386613.34
202312,4128552600,411730.53
202401,4128552600,407434.3
202402,4128552600,371152.28
202403,4128552600,418354.62
202404,4128552600,411884.16
202405,4128552600,404710.94
202406,4128552600,395198.66
202407,4128552600,397298.2
202408,4128552600,407085.72
202409,4128552600,472835.97
202410,4128552600,431244.75
202411,4128552600,445181.9
202412,4128552600,423538.03
202501,4128552600,444185.88
202502,4128552600,390714.4
202503,4128552600,426563.62
202504,4128552600,406941.6
202505,4128552600,425353.88
202506,4128552600,417627.56
202307,4128553000,706247.9
202308,4128553000,684324.3
202309,4128553000,643776.2
202310,4128553000,642073.56
202311,4128553000,623951.94
202312,4128553000,640870.1
202401,4128553000,616707.25
202402,4128553000,601014.44
202403,4128553000,683012.06
202404,4128553000,654830.56
202405,4128553000,649031.6
202406,4128553000,633755.44
202407,4128553000,650933.25
202408,4128553000,658571.6
202409,4128553000,699164.9
202410,4128553000,672978.5
202411,4128553000,635523.44
202412,4128553000,644594.25
202501,4128553000,670008.7
202502,4128553000,605366.0
202503,4128553000,647830.75
202504,4128553000,629362.7
202505,4128553000,650464.1
202506,4128553000,622369.0
202307,4128554000,745996.56
202308,4128554000,707705.4
202309,4128554000,699879.5
202310,4128554000,711291.0
202311,4128554000,713319.6
202312,4128554000,710733.56
202401,4128554000,716665.5
202402,4128554000,650252.9
202403,4128554000,730296.9
202404,4128554000,695392.9
202405,4128554000,703753.0
202406,4128554000,696883.5
202407,4128554000,712310.56
202408,4128554000,703322.4
202409,4128554000,748435.9
202410,4128554000,708606.2
202411,4128554000,684303.6
202412,4128554000,698057.8
202501,4128554000,719142.9
202502,4128554000,675373.94
202503,4128554000,714034.8
202504,4128554000,697241.0
202505,4128554000,728160.06
202506,4128554000,707588.8
202307,4128555100,771681.5
202308,4128555100,745289.8
202309,4128555100,752152.8
202310,4128555100,734578.1
202311,4128555100,770313.75
202312,4128555100,821123.75
202401,4128555100,787753.56
202402,4128555100,702832.9
202403,4128555100,788389.6
202404,4128555100,775446.6
202405,4128555100,758487.75
202406,4128555100,730908.1
202407,4128555100,761418.06
202408,4128555100,772874.5
202409,4128555100,792244.06
202410,4128555100,753022.1
202411,4128555100,759885.94
202412,4128555100,778448.8
202501,4128555100,789959.9
202502,4128555100,729149.44
202503,4128555100,745425.5
202504,4128555100,700147.3
202505,4128555100,732736.3
202506,4128555100,710070.7
202307,4128555200,1405389.8
202308,4128555200,1301341.4
202309,4128555200,1271995.6
202310,4128555200,1313787.5
202311,4128555200,1235780.0
202312,4128555200,1291024.8
202401,4128555200,1271762.6
202402,4128555200,1148192.4
202403,4128555200,1279131.2
202404,4128555200,1219298.4
202405,4128555200,1239840.9
202406,4128555200,1225547.8
202407,4128555200,1246022.8
202408,4128555200,1235072.4
202409,4128555200,1256474.1
202410,4128555200,1132573.6
202411,4128555200,1115942.0
202412,4128555200,1134260.1
202501,4128555200,1171494.2
202502,4128555200,1081095.9
202503,4128555200,1158518.8
202504,4128555200,1232716.4
202505,4128555200,1229784.4
202506,4128555200,1194395.8
202307,4128556000,656027.3
202308,4128556000,648763.25
202309,4128556000,614930.6
202310,4128556000,632579.75
202311,4128556000,635720.3
202312,4128556000,626744.06
202401,4128556000,676752.06
202402,4128556000,573473.56
202403,4128556000,640549.7
202404,4128556000,640996.0
202405,4128556000,645543.7
202406,4128556000,657772.75
202407,4128556000,673127.06
202408,4128556000,639443.06
202409,4128556000,701451.8
202410,4128556000,696999.44
202411,4128556000,684681.7
202412,4128556000,691554.44
202501,4128556000,678552.7
202502,4128556000,643657.6
202503,4128556000,675533.8
202504,4128556000,668628.44
202505,4128556000,656980.7
202506,4128556000,638549.3
202307,4128557000,835014.2
202308,4128557000,786248.7
202309,4128557000,790032.25
202310,4128557000,823806.3
202311,4128557000,763610.1
202312,4128557000,737688.8
202401,4128557000,810198.0
202402,4128557000,724418.2
202403,4128557000,825950.06
202404,4128557000,762347.06
202405,4128557000,752776.44
202406,4128557000,747388.7
202407,4128557000,755770.56
202408,4128557000,873068.94
202409,4128557000,982763.4
202410,4128557000,901227.8
202411,4128557000,878862.06
202412,4128557000,892597.3
202501,4128557000,926022.56
202502,4128557000,863844.25
202503,4128557000,902950.06
202504,4128557000,892544.75
202505,4128557000,908363.6
202506,4128557000,887728.56
202307,4128558000,57907.88
202308,4128558000,56162.84
202309,4128558000,55414.65
202310,4128558000,58470.36
202311,4128558000,60560.79
202312,4128558000,59214.78
202401,4128558000,59030.96
202402,4128558000,53451.89
202403,4128558000,60002.67
202404,4128558000,70077.41
202405,4128558000,71690.86
202406,4128558000,67214.32
202407,4128558000,70100.45
202408,4128558000,71512.41
202409,4128558000,73217.96
202410,4128558000,70945.54
202411,4128558000,69100.27
202412,4128558000,68427.26
202501,4128558000,69313.85
202502,4128558000,67843.26
202503,4128558000,73511.33
202504,4128558000,80400.02
202505,4128558000,77474.63
202506,4128558000,70638.86
202307,4128559000,672404.8
202308,4128559000,648032.44
202309,4128559000,622980.5
202310,4128559000,661524.6
202311,4128559000,605093.94
202312,4128559000,635527.5
202401,4128559000,624701.5
202402,4128559000,567444.44
202403,4128559000,651715.7
202404,4128559000,668124.4
202405,4128559000,685550.75
202406,4128559000,625166.06
202407,4128559000,661450.06
202408,4128559000,638166.5
202409,4128559000,659626.2
202410,4128559000,665716.7
202411,4128559000,597887.1
202412,4128559000,607188.44
202501,4128559000,610303.06
202502,4128559000,590621.3
202503,4128559000,606010.94
202504,4128559000,604510.25
202505,4128559000,654801.44
202506,4128559000,590310.06
202307,4128560000,46509.79
202308,4128560000,44278.57
202309,4128560000,45008.11
202310,4128560000,45046.28
202311,4128560000,43592.37
202312,4128560000,43930.64
202401,4128560000,44550.79
202402,4128560000,40006.43
202403,4128560000,45591.8
202404,4128560000,44272.32
202405,4128560000,44654.67
202406,4128560000,43935.68
202407,4128560000,45264.92
202408,4128560000,44461.34
202409,4128560000,47676.73
202410,4128560000,44983.63
202411,4128560000,44162.26
202412,4128560000,45182.45
202501,4128560000,49140.38
202502,4128560000,45217.19
202503,4128560000,45493.23
202504,4128560000,46243.57
202505,4128560000,45960.75
202506,4128560000,43993.88
202307,4128751000,827996.06
202308,4128751000,748896.94
202309,4128751000,759965.9
202310,4128751000,783767.94
202311,4128751000,743716.7
202312,4128751000,788321.2
202401,4128751000,918406.9
202402,4128751000,821349.44
202403,4128751000,921766.3
202404,4128751000,751961.06
202405,4128751000,747662.94
202406,4128751000,872393.8
202407,4128751000,939555.75
202408,4128751000,951429.56
202409,4128751000,1024549.8
202410,4128751000,992125.44
202411,4128751000,955857.3
202412,4128751000,942500.3
202501,4128751000,1009038.2
202502,4128751000,906735.8
202503,4128751000,968421.5
202504,4128751000,936028.7
202505,4128751000,1074346.2
202506,4128751000,1005931.1
202307,4128752000,984165.44
202308,4128752000,916969.0
202309,4128752000,1015229.75
202310,4128752000,952757.6
202311,4128752000,896412.75
202312,4128752000,935661.3
202401,4128752000,888408.75
202402,4128752000,902676.3
202403,4128752000,945464.3
202404,4128752000,895130.06
202405,4128752000,944913.2
202406,4128752000,845018.94
202407,4128752000,884736.9
202408,4128752000,923133.94
202409,4128752000,1006133.1
202410,4128752000,1010845.2
202411,4128752000,894507.44
202412,4128752000,934203.6
202501,4128752000,1026422.0
202502,4128752000,923971.6
202503,4128752000,944121.75
202504,4128752000,909236.3
202505,4128752000,949379.4
202506,4128752000,897385.6
202307,4128753000,952749.56
202308,4128753000,943014.1
202309,4128753000,875979.75
202310,4128753000,891292.0
202311,4128753000,893430.6
202312,4128753000,898897.9
202401,4128753000,962130.06
202402,4128753000,922942.5
202403,4128753000,965359.0
202404,4128753000,985100.2
202405,4128753000,985571.7
202406,4128753000,979249.9
202407,4128753000,1160719.1
202408,4128753000,1127295.1
202409,4128753000,1137306.1
202410,4128753000,1118559.0
202411,4128753000,1102780.5
202412,4128753000,1066193.1
202501,4128753000,1174190.4
202502,4128753000,1081633.0
202503,4128753000,1115800.4
202504,4128753000,1095747.8
202505,4128753000,1123054.8
202506,4128753000,1086096.8
202307,4128754500,1601079.2
202308,4128754500,1510839.8
202309,4128754500,1504646.8
202310,4128754500,1567943.9
202311,4128754500,1492329.5
202312,4128754500,1562358.9
202401,4128754500,1548249.4
202402,4128754500,1467156.8
202403,4128754500,1587786.8
202404,4128754500,1680930.5
202405,4128754500,1629140.1
202406,4128754500,1573612.2
202407,4128754500,1623159.9
202408,4128754500,1628391.5
202409,4128754500,1790440.6
202410,4128754500,1684601.5
202411,4128754500,1592777.9
202412,4128754500,1640372.9
202501,4128754500,1742946.5
202502,4128754500,1583949.5
202503,4128754500,1636860.4
202504,4128754500,1618053.5
202505,4128754500,1655630.8
202506,4128754500,1596573.4
202307,4128754600,108430.36
202308,4128754600,99622.63
202309,4128754600,104459.04
202310,4128754600,107110.8
202311,4128754600,112404.68
202312,4128754600,119804.53
202401,4128754600,111670.82
202402,4128754600,100165.68
202403,4128754600,126270.81
202404,4128754600,118065.48
202405,4128754600,103242.87
202406,4128754600,101434.83
202407,4128754600,102139.03
202408,4128754600,102034.69
202409,4128754600,117283.81
202410,4128754600,106219.49
202411,4128754600,103379.87
202412,4128754600,105484.56
202501,4128754600,107265.1
202502,4128754600,90796.07
202503,4128754600,100706.77
202504,4128754600,99251.8
202505,4128754600,101562.4
202506,4128754600,159685.81
202307,4128755000,1552381.9
202308,4128755000,1501806.6
202309,4128755000,1441929.5
202310,4128755000,1460985.4
202311,4128755000,1401935.5
202312,4128755000,1441034.5
202401,4128755000,1451603.8
202402,4128755000,1336394.8
202403,4128755000,1513110.4
202404,4128755000,1467750.0
202405,4128755000,1517018.1
202406,4128755000,1463075.8
202407,4128755000,1502087.1
202408,4128755000,1592302.1
202409,4128755000,1597498.8
202410,4128755000,1466802.4
202411,4128755000,1376743.1
202412,4128755000,1380185.2
202501,4128755000,1472720.0
202502,4128755000,1356032.9
202503,4128755000,1396792.8
202504,4128755000,1403557.6
202505,4128755000,1442624.6
202506,4128755000,1392448.5
202307,4128756000,242338.69
202308,4128756000,230797.42
202309,4128756000,220416.17
202310,4128756000,221477.48
202311,4128756000,212872.27
202312,4128756000,219804.06
202401,4128756000,225585.7
202402,4128756000,204343.2
202403,4128756000,229388.02
202404,4128756000,222733.72
202405,4128756000,216937.45
202406,4128756000,217510.42
202407,4128756000,213349.14
202408,4128756000,232002.4
202409,4128756000,239396.02
202410,4128756000,223906.48
202411,4128756000,214515.8
202412,4128756000,212623.84
202501,4128756000,224265.53
202502,4128756000,206828.58
202503,4128756000,225389.25
202504,4128756000,222467.25
202505,4128756000,228185.73
202506,4128756000,219298.56
202307,4128757000,328032.38
202308,4128757000,343233.8
202309,4128757000,315964.0
202310,4128757000,327547.5
202311,4128757000,316642.72
202312,4128757000,328173.5
202401,4128757000,300633.0
202402,4128757000,286260.62
202403,4128757000,320513.62
202404,4128757000,318919.34
202405,4128757000,347352.03
202406,4128757000,312207.2
202407,4128757000,342143.56
202408,4128757000,328727.44
202409,4128757000,322792.88
202410,4128757000,320022.88
202411,4128757000,301883.28
202412,4128757000,314040.03
202501,4128757000,306284.97
202502,4128757000,295136.62
202503,4128757000,317786.12
202504,4128757000,356953.44
202505,4128757000,339737.84
202506,4128757000,306878.34
202307,4128758000,79661.4
202308,4128758000,78358.64
202309,4128758000,72876.98
202310,4128758000,74107.34
202311,4128758000,72546.32
202312,4128758000,69960.15
202401,4128758000,66002.87
202402,4128758000,64072.84
202403,4128758000,69740.73
202404,4128758000,71003.98
202405,4128758000,69249.69
202406,4128758000,70715.21
202407,4128758000,79760.3
202408,4128758000,77463.21
202409,4128758000,74110.91
202410,4128758000,81056.02
202411,4128758000,85249.82
202412,4128758000,77427.54
202501,4128758000,76965.01
202502,4128758000,71832.97
202503,4128758000,85019.61
202504,4128758000,79039.27
202505,4128758000,89500.5
202506,4128758000,77246.4
202307,4128760000,214127.88
202308,4128760000,202809.72
202309,4128760000,200429.81
202310,4128760000,207122.77
202311,4128760000,202021.02
202312,4128760000,197800.31
202401,4128760000,192799.88
202402,4128760000,177434.8
202403,4128760000,208787.0
202404,4128760000,202447.02
202405,4128760000,213273.56
202406,4128760000,197003.19
202407,4128760000,201127.3
202408,4128760000,202165.58
202409,4128760000,218949.84
202410,4128760000,207161.89
202411,4128760000,202378.7
202412,4128760000,202466.45
202501,4128760000,209791.12
202502,4128760000,192079.06
202503,4128760000,208257.33
202504,4128760000,201638.27
202505,4128760000,218654.34
202506,4128760000,204584.95
202307,4128761000,31165.04
202308,4128761000,30134.24
202309,4128761000,30428.91
202310,4128761000,30675.45
202311,4128761000,31239.78
202312,4128761000,30477.37
202401,4128761000,29884.71
202402,4128761000,28059.86
202403,4128761000,32682.5
202404,4128761000,30404.81
202405,4128761000,30960.44
202406,4128761000,30529.99
202407,4128761000,30921.7
202408,4128761000,30130.5
202409,4128761000,31591.48
202410,4128761000,31103.17
202411,4128761000,30974.62
202412,4128761000,29587.63
202501,4128761000,29890.12
202502,4128761000,27679.13
202503,4128761000,29623.85
202504,4128761000,29385.91
202505,4128761000,30324.81
202506,4128761000,28809.77
202307,4129051000,214870.44
202308,4129051000,215439.4
202309,4129051000,207775.5
202310,4129051000,210285.2
202311,4129051000,213755.94
202312,4129051000,205692.33
202401,4129051000,206264.9
202402,4129051000,187032.77
202403,4129051000,218079.84
202404,4129051000,222537.75
202405,4129051000,229766.8
202406,4129051000,240942.38
202407,4129051000,255466.66
202408,4129051000,218454.16
202409,4129051000,221865.23
202410,4129051000,227747.69
202411,4129051000,224834.98
202412,4129051000,216926.48
202501,4129051000,214571.9
202502,4129051000,215220.39
202503,4129051000,227375.52
202504,4129051000,232179.3
202505,4129051000,222169.66
202506,4129051000,218761.78
202308,4129051500,140770.11
202309,4129051500,131599.25
202310,4129051500,139304.48
202311,4129051500,136294.62
202312,4129051500,133742.52
202401,4129051500,130825.52
202402,4129051500,122500.61
202403,4129051500,139913.1
202404,4129051500,145455.19
202405,4129051500,138189.94
202406,4129051500,136348.66
202407,4129051500,140885.84
202408,4129051500,137182.19
202409,4129051500,143119.72
202410,4129051500,128299.08
202411,4129051500,127784.82
202412,4129051500,126921.74
202501,4129051500,136917.31
202502,4129051500,126638.78
202503,4129051500,134404.55
202504,4129051500,131198.17
202505,4129051500,129847.65
202506,4129051500,129488.23
202307,4129052000,31476.71
202308,4129052000,31922.48
202309,4129052000,30693.08
202310,4129052000,32322.91
202311,4129052000,32819.0
202312,4129052000,32500.26
202401,4129052000,36956.53
202402,4129052000,35439.82
202403,4129052000,53775.29
202404,4129052000,63195.12
202405,4129052000,59826.41
202406,4129052000,54482.99
202407,4129052000,57205.5
202408,4129052000,72554.0
202409,4129052000,73960.48
202410,4129052000,77214.99
202411,4129052000,78230.16
202412,4129052000,77124.52
202501,4129052000,78672.97
202502,4129052000,84284.37
202503,4129052000,82848.21
202504,4129052000,84880.51
202505,4129052000,81289.5
202506,4129052000,81415.97
202307,4129053000,116418.97
202308,4129053000,119268.9
202309,4129053000,121664.37
202310,4129053000,121733.4
202311,4129053000,122645.17
202312,4129053000,125926.46
202401,4129053000,133378.3
202402,4129053000,120890.83
202403,4129053000,135311.67
202404,4129053000,143704.6
202405,4129053000,137874.86
202406,4129053000,138142.83
202407,4129053000,145558.95
202408,4129053000,174775.27
202409,4129053000,157827.05
202410,4129053000,138499.8
202411,4129053000,130620.17
202412,4129053000,130306.36
202501,4129053000,136629.56
202502,4129053000,129050.7
202503,4129053000,125076.28
202504,4129053000,119791.67
202505,4129053000,117705.59
202506,4129053000,115739.59
202307,4129054000,81796.24
202308,4129054000,80163.35
202309,4129054000,79311.81
202310,4129054000,83281.13
202311,4129054000,79674.49
202312,4129054000,78178.65
202401,4129054000,75853.85
202402,4129054000,70427.08
202403,4129054000,81380.55
202404,4129054000,80102.9
202405,4129054000,78693.91
202406,4129054000,78140.76
202407,4129054000,79156.03
202408,4129054000,81329.85
202409,4129054000,87126.09
202410,4129054000,97850.57
202411,4129054000,79308.74
202412,4129054000,77675.32
202501,4129054000,83196.86
202502,4129054000,76909.43
202503,4129054000,81930.04
202504,4129054000,74245.8
202505,4129054000,70617.23
202506,4129054000,63867.09
202307,4129055000,197886.23
202308,4129055000,200589.16
202309,4129055000,196772.4
202310,4129055000,195796.23
202311,4129055000,179503.88
202312,4129055000,184294.31
202401,4129055000,162793.47
202402,4129055000,142036.03
202403,4129055000,185916.34
202404,4129055000,192175.19
202405,4129055000,186406.05
202406,4129055000,178071.23
202407,4129055000,171019.52
202408,4129055000,174439.2
202409,4129055000,175932.98
202410,4129055000,180812.55
202411,4129055000,177525.03
202412,4129055000,166599.52
202501,4129055000,160227.98
202502,4129055000,153214.28
202503,4129055000,165054.94
202504,4129055000,173585.98
202505,4129055000,179966.84
202506,4129055000,173696.2
202307,4129056000,104631.65
202308,4129056000,106918.45
202309,4129056000,140592.62
202310,4129056000,185383.19
202311,4129056000,103987.53
202312,4129056000,90868.95
202401,4129056000,94694.94
202402,4129056000,94118.44
202403,4129056000,112919.75
202404,4129056000,180579.05
202405,4129056000,169275.88
202406,4129056000,138691.84
202407,4129056000,109693.52
202408,4129056000,112902.04
202409,4129056000,142471.05
202410,4129056000,199493.94
202411,4129056000,141949.0
202412,4129056000,89016.94
202501,4129056000,97797.38
202502,4129056000,93977.45
202503,4129056000,110132.45
202504,4129056000,148555.83
202505,4129056000,177755.8
202506,4129056000,141295.38
202307,4131051000,167954.9
202308,4131051000,145865.08
202309,4131051000,139517.95
202310,4131051000,143429.98
202311,4131051000,144335.9
202312,4131051000,153727.94
202401,4131051000,157837.11
202402,4131051000,148728.44
202403,4131051000,162806.31
202404,4131051000,166464.73
202405,4131051000,162022.38
202406,4131051000,151658.48
202407,4131051000,167777.8
202408,4131051000,171967.2
202409,4131051000,178484.45
202410,4131051000,175953.48
202411,4131051000,159469.12
202412,4131051000,154705.7
202501,4131051000,158932.66
202502,4131051000,148410.12
202503,4131051000,166410.48
202504,4131051000,158880.36
202505,4131051000,166075.62
202506,4131051000,162883.58
202307,4131052000,691483.0
202308,4131052000,698441.9
202309,4131052000,646337.0
202310,4131052000,650832.4
202311,4131052000,650130.0
202312,4131052000,655590.44
202401,4131052000,654544.2
202402,4131052000,623141.75
202403,4131052000,697891.44
202404,4131052000,605926.6
202405,4131052000,616205.8
202406,4131052000,612438.8
202407,4131052000,639457.25
202408,4131052000,748041.8
202409,4131052000,672876.9
202410,4131052000,646057.8
202411,4131052000,606086.56
202412,4131052000,611166.3
202501,4131052000,642024.75
202502,4131052000,572254.8
202503,4131052000,602790.0
202504,4131052000,599199.6
202505,4131052000,617046.56
202506,4131052000,616357.7
202307,4131053000,402342.97
202308,4131053000,385663.47
202309,4131053000,380812.72
202310,4131053000,367228.5
202311,4131053000,358295.94
202312,4131053000,356524.66
202401,4131053000,359621.03
202402,4131053000,316670.4
202403,4131053000,358383.28
202404,4131053000,344407.47
202405,4131053000,363774.22
202406,4131053000,343497.4
202407,4131053000,344682.66
202408,4131053000,345254.88
202409,4131053000,360051.03
202410,4131053000,341995.25
202411,4131053000,341457.84
202412,4131053000,350308.25
202501,4131053000,362982.1
202502,4131053000,330260.75
202503,4131053000,348159.22
202504,4131053000,338242.66
202505,4131053000,348589.88
202506,4131053000,344256.38
202307,4131054100,192005.19
202308,4131054100,182236.84
202309,4131054100,167748.55
202310,4131054100,177277.48
202311,4131054100,178878.1
202312,4131054100,179975.92
202401,4131054100,181821.3
202402,4131054100,164108.89
202403,4131054100,193261.9
202404,4131054100,207912.9
202405,4131054100,201047.8
202406,4131054100,182044.12
202407,4131054100,183112.6
202408,4131054100,181236.25
202409,4131054100,199696.73
202410,4131054100,194509.52
202411,4131054100,189458.73
202412,4131054100,183230.67
202501,4131054100,188908.48
202502,4131054100,176186.52
202503,4131054100,195944.19
202504,4131054100,193500.2
202505,4131054100,199813.05
202506,4131054100,192380.23
202307,4131054200,218978.1
202308,4131054200,258690.64
202309,4131054200,231981.44
202310,4131054200,225749.34
202311,4131054200,221539.02
202312,4131054200,220669.94
202401,4131054200,210960.66
202402,4131054200,204160.84
202403,4131054200,229472.62
202404,4131054200,223050.0
202405,4131054200,220221.6
202406,4131054200,206536.28
202407,4131054200,238362.34
202408,4131054200,245104.23
202409,4131054200,241314.27
202410,4131054200,224875.5
202411,4131054200,215239.1
202412,4131054200,215941.19
202501,4131054200,222390.3
202502,4131054200,198967.2
202503,4131054200,219702.66
202504,4131054200,215552.45
202505,4131054200,223776.98
202506,4131054200,213519.47
202307,4131057000,460455.12
202308,4131057000,463095.22
202309,4131057000,429964.25
202310,4131057000,442738.22
202311,4131057000,425373.84
202312,4131057000,447021.6
202401,4131057000,443455.97
202402,4131057000,410468.8
202403,4131057000,464855.47
202404,4131057000,453325.62
202405,4131057000,454954.78
202406,4131057000,441849.97
202407,4131057000,423938.47
202408,4131057000,401613.8
202409,4131057000,421978.12
202410,4131057000,405174.88
202411,4131057000,396990.44
202412,4131057000,409917.88
202501,4131057000,426090.9
202502,4131057000,393124.66
202503,4131057000,405577.34
202504,4131057000,389123.88
202505,4131057000,415141.66
202506,4131057000,398799.78
202307,4131058000,242791.05
202308,4131058000,212062.66
202309,4131058000,213348.31
202310,4131058000,213254.88
202311,4131058000,211424.2
202312,4131058000,217880.81
202401,4131058000,227103.55
202402,4131058000,213078.48
202403,4131058000,232030.34
202404,4131058000,208520.2
202405,4131058000,196796.55
202406,4131058000,200642.81
202407,4131058000,231517.8
202408,4131058000,251902.48
202409,4131058000,238638.34
202410,4131058000,224474.77
202411,4131058000,220665.84
202412,4131058000,216112.19
202501,4131058000,235174.61
202502,4131058000,211883.38
202503,4131058000,225032.94
202504,4131058000,216128.88
202505,4131058000,225916.73
202506,4131058000,220764.48
202307,4131059000,348367.6
202308,4131059000,410788.12
202309,4131059000,344347.72
202310,4131059000,359116.8
202311,4131059000,330103.6
202312,4131059000,316041.3
202401,4131059000,300229.4
202402,4131059000,280862.4
202403,4131059000,336160.16
202404,4131059000,328055.0
202405,4131059000,348955.22
202406,4131059000,328057.56
202407,4131059000,315341.1
202408,4131059000,293363.03
202409,4131059000,341023.9
202410,4131059000,349116.97
202411,4131059000,320116.7
202412,4131059000,313134.4
202501,4131059000,302409.56
202502,4131059000,277839.2
202503,4131059000,310834.38
202504,4131059000,310048.28
202505,4131059000,325728.1
202506,4131059000,308953.28
202307,4136025000,89862.66
202308,4136025000,87153.13
202309,4136025000,88258.26
202310,4136025000,89442.22
202311,4136025000,82998.99
202312,4136025000,83503.98
202401,4136025000,83534.02
202402,4136025000,77067.24
202403,4136025000,91157.77
202404,4136025000,98067.48
202405,4136025000,90561.72
202406,4136025000,86390.51
202407,4136025000,87870.05
202408,4136025000,91301.4
202409,4136025000,94228.1
202410,4136025000,90185.19
202411,4136025000,86384.2
202412,4136025000,82687.88
202501,4136025000,86267.75
202502,4136025000,77812.15
202503,4136025000,85105.0
202504,4136025000,85436.11
202505,4136025000,90849.62
202506,4136025000,87098.53
202307,4136025300,148081.34
202308,4136025300,137115.3
202309,4136025300,140604.98
202310,4136025300,142751.52
202311,4136025300,142397.88
202312,4136025300,139790.58
202401,4136025300,138739.03
202402,4136025300,129362.51
202403,4136025300,150231.95
202404,4136025300,139325.4
202405,4136025300,141064.3
202406,4136025300,142551.4
202407,4136025300,139304.28
202408,4136025300,141138.88
202409,4136025300,152292.55
202410,4136025300,143364.72
202411,4136025300,141323.62
202412,4136025300,140138.78
202501,4136025300,142059.16
202502,4136025300,129450.84
202503,4136025300,143136.62
202504,4136025300,141781.23
202505,4136025300,143982.9
202506,4136025300,136836.19
202307,4136025600,81040.95
202308,4136025600,80947.93
202309,4136025600,78585.08
202310,4136025600,81514.51
202311,4136025600,73519.72
202312,4136025600,73614.34
202401,4136025600,73719.2
202402,4136025600,68579.2
202403,4136025600,79579.62
202404,4136025600,78084.91
202405,4136025600,76351.68
202406,4136025600,77066.68
202407,4136025600,75331.58
202408,4136025600,77260.48
202409,4136025600,81449.21
202410,4136025600,73578.79
202411,4136025600,72851.53
202412,4136025600,69735.68
202501,4136025600,77146.9
202502,4136025600,67083.5
202503,4136025600,73237.11
202504,4136025600,71915.27
202505,4136025600,76823.25
202506,4136025600,72289.72
202307,4136025900,34875.71
202308,4136025900,40061.39
202309,4136025900,34726.75
202310,4136025900,34242.24
202311,4136025900,39431.72
202312,4136025900,31902.71
202401,4136025900,31489.89
202402,4136025900,29285.1
202403,4136025900,33886.76
202404,4136025900,33416.65
202405,4136025900,33524.71
202406,4136025900,32073.58
202407,4136025900,32328.16
202408,4136025900,31563.17
202409,4136025900,34180.0
202410,4136025900,32323.33
202411,4136025900,31629.89
202412,4136025900,30082.68
202501,4136025900,30076.69
202502,4136025900,29134.6
202503,4136025900,32414.24
202504,4136025900,32781.14
202505,4136025900,32301.21
202506,4136025900,31258.61
202307,4136026200,76344.9
202308,4136026200,69139.36
202309,4136026200,69228.69
202310,4136026200,69680.17
202311,4136026200,69743.94
202312,4136026200,69192.24
202401,4136026200,75931.65
202402,4136026200,66552.21
202403,4136026200,77859.01
202404,4136026200,69969.64
202405,4136026200,69730.24
202406,4136026200,79584.96
202407,4136026200,70001.53
202408,4136026200,72565.68
202409,4136026200,81361.71
202410,4136026200,72508.89
202411,4136026200,72554.27
202412,4136026200,73420.5
202501,4136026200,74839.76
202502,4136026200,65075.95
202503,4136026200,72715.52
202504,4136026200,69816.03
202505,4136026200,73210.21
202506,4136026200,71186.64
202307,4136026500,85181.9
202308,4136026500,86210.75
202309,4136026500,87833.75
202310,4136026500,87725.35
202311,4136026500,86727.7
202312,4136026500,87872.88
202401,4136026500,86550.97
202402,4136026500,80599.55
202403,4136026500,95385.26
202404,4136026500,86108.77
202405,4136026500,88801.82
202406,4136026500,93081.43
202407,4136026500,94369.58
202408,4136026500,89246.35
202409,4136026500,92873.83
202410,4136026500,84906.63
202411,4136026500,82847.82
202412,4136026500,82090.52
202501,4136026500,84192.41
202502,4136026500,73767.64
202503,4136026500,84136.35
202504,4136026500,81204.27
202505,4136026500,84258.57
202506,4136026500,80806.62
202307,4136031000,68405.53
202308,4136031000,70905.03
202309,4136031000,74678.79
202310,4136031000,73703.65
202311,4136031000,71393.13
202312,4136031000,70270.89
202401,4136031000,69080.15
202402,4136031000,63611.09
202403,4136031000,73119.43
202404,4136031000,70789.41
202405,4136031000,70798.57
202406,4136031000,68715.95
202407,4136031000,70145.84
202408,4136031000,72676.32
202409,4136031000,75436.11
202410,4136031000,70112.61
202411,4136031000,67473.62
202412,4136031000,65720.04
202501,4136031000,69258.59
202502,4136031000,61160.55
202503,4136031000,67992.29
202504,4136031000,68150.69
202505,4136031000,71853.9
202506,4136031000,69504.57
202307,4136034000,1949.75
202308,4136034000,1983.37
202309,4136034000,1777.89
202310,4136034000,1785.41
202311,4136034000,1653.11
202312,4136034000,1554.79
202401,4136034000,1446.01
202402,4136034000,1496.18
202403,4136034000,1801.38
202404,4136034000,1943.35
202405,4136034000,2077.41
202406,4136034000,1978.41
202407,4136034000,1948.36
202408,4136034000,2183.23
202409,4136034000,2070.14
202410,4136034000,1929.02
202411,4136034000,1832.55
202412,4136034000,1565.55
202501,4136034000,1681.18
202502,4136034000,1491.53
202503,4136034000,1675.59
202504,4136034000,1797.08
202505,4136034000,2030.14
202506,4136034000,1851.39
202307,4136036000,2442.51
202308,4136036000,2387.21
202309,4136036000,2743.61
202310,4136036000,3759.11
202311,4136036000,1887.04
202312,4136036000,1278.31
202401,4136036000,1308.43
202402,4136036000,1504.17
202403,4136036000,2352.62
202404,4136036000,3121.97
202405,4136036000,3049.63
202406,4136036000,2651.24
202407,4136036000,1919.68
202408,4136036000,1924.89
202409,4136036000,2480.75
202410,4136036000,2904.34
202411,4136036000,2130.79
202412,4136036000,1088.53
202501,4136036000,1359.89
202502,4136036000,1164.5
202503,4136036000,1973.46
202504,4136036000,2615.13
202505,4136036000,2883.7
202506,4136036000,2424.9
202307,4136051000,69089.57
202308,4136051000,67710.92
202309,4136051000,68268.86
202310,4136051000,69076.32
202311,4136051000,67051.74
202312,4136051000,69737.53
202401,4136051000,72202.73
202402,4136051000,64397.51
202403,4136051000,74511.13
202404,4136051000,72894.77
202405,4136051000,68605.2
202406,4136051000,65951.05
202407,4136051000,69264.36
202408,4136051000,67504.34
202409,4136051000,70717.07
202410,4136051000,68267.73
202411,4136051000,67631.75
202412,4136051000,67137.71
202501,4136051000,68928.39
202502,4136051000,61812.96
202503,4136051000,67656.7
202504,4136051000,79539.77
202505,4136051000,71919.67
202506,4136051000,67789.31
202307,4136052000,75893.17
202308,4136052000,75415.14
202309,4136052000,73887.12
202310,4136052000,75024.06
202311,4136052000,74372.32
202312,4136052000,74274.6
202401,4136052000,75417.23
202402,4136052000,67348.77
202403,4136052000,79215.14
202404,4136052000,72932.58
202405,4136052000,72133.3
202406,4136052000,70311.77
202407,4136052000,74045.33
202408,4136052000,76931.05
202409,4136052000,80556.58
202410,4136052000,89431.21
202411,4136052000,76589.7
202412,4136052000,76370.58
202501,4136052000,78235.43
202502,4136052000,71190.38
202503,4136052000,77041.36
202504,4136052000,75585.78
202505,4136052000,78486.78
202506,4136052000,76552.16
202307,4136053000,259619.67
202308,4136053000,243406.38
202309,4136053000,242590.53
202310,4136053000,247050.88
202311,4136053000,246560.23
202312,4136053000,243703.7
202401,4136053000,238471.06
202402,4136053000,225952.98
202403,4136053000,248787.45
202404,4136053000,235618.94
202405,4136053000,239304.45
202406,4136053000,225831.3
202407,4136053000,230331.64
202408,4136053000,228420.69
202409,4136053000,240635.9
202410,4136053000,231039.9
202411,4136053000,226859.11
202412,4136053000,229509.03
202501,4136053000,233636.0
202502,4136053000,214143.75
202503,4136053000,235492.31
202504,4136053000,249808.36
202505,4136053000,244405.7
202506,4136053000,233353.2
202307,4136054000,2728.55
202308,4136054000,2641.58
202309,4136054000,2764.24
202310,4136054000,2741.58
202311,4136054000,2461.44
202312,4136054000,2125.86
202401,4136054000,1945.98
202402,4136054000,1763.83
202403,4136054000,2163.69
202404,4136054000,2325.53
202405,4136054000,2434.61
202406,4136054000,2253.37
202407,4136054000,2127.67
202408,4136054000,2116.08
202409,4136054000,2515.95
202410,4136054000,2337.87
202411,4136054000,2169.99
202412,4136054000,1891.87
202501,4136054000,1911.94
202502,4136054000,1957.29
202503,4136054000,2277.12
202504,4136054000,2463.29
202505,4136054000,2279.5
202506,4136054000,2334.33
202307,4136054500,181919.02
202308,4136054500,172393.84
202309,4136054500,175688.61
202310,4136054500,177548.03
202311,4136054500,180853.19
202312,4136054500,182506.9
202401,4136054500,181108.8
202402,4136054500,172658.69
202403,4136054500,197161.08
202404,4136054500,182938.66
202405,4136054500,181886.47
202406,4136054500,179951.1
202407,4136054500,187443.39
202408,4136054500,187972.53
202409,4136054500,208477.06
202410,4136054500,195022.3
202411,4136054500,188679.8
202412,4136054500,200119.7
202501,4136054500,200619.4
202502,4136054500,181204.7
202503,4136054500,195199.22
202504,4136054500,187489.16
202505,4136054500,196702.61
202506,4136054500,190947.44
202307,4136056500,161341.56
202308,4136056500,157976.36
202309,4136056500,162885.36
202310,4136056500,162881.95
202311,4136056500,160402.9
202312,4136056500,162518.95
202401,4136056500,159091.06
202402,4136056500,147281.03
202403,4136056500,185160.2
202404,4136056500,176279.06
202405,4136056500,178296.2
202406,4136056500,167317.9
202407,4136056500,176716.9
202408,4136056500,176112.38
202409,4136056500,182744.11
202410,4136056500,171898.16
202411,4136056500,171768.9
202412,4136056500,169277.19
202501,4136056500,172616.27
202502,4136056500,160332.19
202503,4136056500,173174.36
202504,4136056500,172272.39
202505,4136056500,177270.36
202506,4136056500,172896.34
202307,4136057000,379472.62
202308,4136057000,364642.97
202309,4136057000,350274.0
202310,4136057000,357123.1
202311,4136057000,361865.0
202312,4136057000,356149.34
202401,4136057000,363170.12
202402,4136057000,343884.03
202403,4136057000,382741.3
202404,4136057000,360750.56
202405,4136057000,360832.0
202406,4136057000,350393.78
202407,4136057000,372358.28
202408,4136057000,372773.53
202409,4136057000,392952.12
202410,4136057000,370131.22
202411,4136057000,361508.56
202412,4136057000,364827.06
202501,4136057000,380262.66
202502,4136057000,346149.2
202503,4136057000,370190.5
202504,4136057000,363552.12
202505,4136057000,382565.4
202506,4136057000,366894.88
202307,4137051000,428757.7
202308,4137051000,406920.72
202309,4137051000,405157.84
202310,4137051000,420343.56
202311,4137051000,412860.0
202312,4137051000,415222.84
202401,4137051000,407714.28
202402,4137051000,389916.06
202403,4137051000,419820.94
202404,4137051000,407803.84
202405,4137051000,408723.4
202406,4137051000,400264.72
202407,4137051000,402526.94
202408,4137051000,381447.38
202409,4137051000,432089.0
202410,4137051000,405892.12
202411,4137051000,396927.56
202412,4137051000,403208.88
202501,4137051000,426095.16
202502,4137051000,396511.9
202503,4137051000,413944.88
202504,4137051000,402158.78
202505,4137051000,408767.0
202506,4137051000,402200.03
202405,4137052300,224955.9
202406,4137052300,215953.86
202407,4137052300,220275.52
202408,4137052300,213913.53
202409,4137052300,235828.31
202410,4137052300,217403.02
202411,4137052300,213858.5
202412,4137052300,217464.53
202501,4137052300,229300.97
202502,4137052300,212080.1
202503,4137052300,219935.7
202504,4137052300,210554.66
202505,4137052300,213289.23
202506,4137052300,205130.77
202405,4137052600,33592.47
202406,4137052600,32162.23
202407,4137052600,33533.71
202408,4137052600,33771.95
202409,4137052600,35342.96
202410,4137052600,33755.16
202411,4137052600,32621.2
202412,4137052600,33469.49
202501,4137052600,34876.06
202502,4137052600,31381.91
202503,4137052600,33577.51
202504,4137052600,32999.91
202505,4137052600,34382.49
202506,4137052600,33408.61
202307,4137053000,385911.25
202308,4137053000,430407.44
202309,4137053000,413560.8
202310,4137053000,413781.16
202311,4137053000,396296.56
202312,4137053000,366095.6
202401,4137053000,375472.5
202402,4137053000,361798.2
202403,4137053000,402178.9
202404,4137053000,422690.4
202405,4137053000,421800.84
202406,4137053000,391010.3
202407,4137053000,398019.44
202408,4137053000,404034.38
202409,4137053000,458885.5
202410,4137053000,431167.3
202411,4137053000,434366.78
202412,4137053000,424249.47
202501,4137053000,459101.4
202502,4137053000,438306.97
202503,4137053000,465945.44
202504,4137053000,448232.22
202505,4137053000,436038.44
202506,4137053000,420508.28
202405,4137054300,305601.38
202406,4137054300,297634.16
202407,4137054300,295222.88
202408,4137054300,298669.47
202409,4137054300,310407.12
202410,4137054300,300390.8
202411,4137054300,292344.56
202412,4137054300,287930.62
202501,4137054300,293021.03
202502,4137054300,265034.28
202503,4137054300,296737.3
202504,4137054300,286429.94
202505,4137054300,302092.6
202506,4137054300,286939.1
202405,4137054600,177295.45
202406,4137054600,166881.95
202407,4137054600,169656.42
202408,4137054600,159349.48
202409,4137054600,171120.83
202410,4137054600,159072.17
202411,4137054600,151241.8
202412,4137054600,150089.06
202501,4137054600,155119.9
202502,4137054600,143647.81
202503,4137054600,151923.67
202504,4137054600,160355.8
202505,4137054600,155892.38
202506,4137054600,148765.98
202307,4137055000,61876.79
202308,4137055000,59398.74
202309,4137055000,60846.12
202310,4137055000,62110.44
202311,4137055000,61422.75
202312,4137055000,59718.25
202401,4137055000,57415.93
202402,4137055000,55503.9
202403,4137055000,61514.92
202404,4137055000,60818.96
202405,4137055000,60955.48
202406,4137055000,55623.99
202407,4137055000,57620.86
202408,4137055000,58403.95
202409,4137055000,61674.53
202410,4137055000,59014.36
202411,4137055000,57954.0
202412,4137055000,57091.7
202501,4137055000,57122.72
202502,4137055000,54271.93
202503,4137055000,60859.07
202504,4137055000,58240.82
202505,4137055000,58962.7
202506,4137055000,57251.44
202307,4137056000,40123.14
202308,4137056000,39331.26
202309,4137056000,39684.48
202310,4137056000,40325.59
202311,4137056000,39241.85
202312,4137056000,39641.76
202401,4137056000,43188.37
202402,4137056000,43474.69
202403,4137056000,45742.03
202404,4137056000,45197.6
202405,4137056000,46108.19
202406,4137056000,47969.12
202407,4137056000,49675.11
202408,4137056000,49360.81
202409,4137056000,52592.52
202410,4137056000,52877.36
202411,4137056000,55346.94
202412,4137056000,54583.07
202501,4137056000,55893.42
202502,4137056000,52890.67
202503,4137056000,61164.48
202504,4137056000,64734.64
202505,4137056000,63869.64
202506,4137056000,61886.82
202307,4139051000,504904.47
202308,4139051000,481241.78
202309,4139051000,475273.2
202310,4139051000,486191.72
202311,4139051000,467179.34
202312,4139051000,470288.9
202401,4139051000,457962.3
202402,4139051000,459262.75
202403,4139051000,476921.75
202404,4139051000,474043.03
202405,4139051000,510545.66
202406,4139051000,457804.5
202407,4139051000,466909.16
202408,4139051000,457625.28
202409,4139051000,449500.4
202410,4139051000,493507.1
202411,4139051000,445104.12
202412,4139051000,451478.1
202501,4139051000,459939.53
202502,4139051000,428682.8
202503,4139051000,453445.56
202504,4139051000,455718.56
202505,4139051000,450237.9
202506,4139051000,437227.8
202307,4139052000,315866.75
202308,4139052000,313154.97
202309,4139052000,311519.62
202310,4139052000,317881.38
202311,4139052000,305023.97
202312,4139052000,315340.72
202401,4139052000,303207.75
202402,4139052000,305839.47
202403,4139052000,330255.47
202404,4139052000,305756.3
202405,4139052000,323583.34
202406,4139052000,321413.47
202407,4139052000,323128.06
202408,4139052000,311029.5
202409,4139052000,309000.53
202410,4139052000,324803.03
202411,4139052000,307702.06
202412,4139052000,309351.8
202501,4139052000,335577.88
202502,4139052000,298806.22
202503,4139052000,323516.1
202504,4139052000,316000.97
202505,4139052000,319452.25
202506,4139052000,308845.88
202307,4139053100,43766.61
202308,4139053100,43244.29
202309,4139053100,42970.34
202310,4139053100,44168.85
202311,4139053100,42291.08
202312,4139053100,40220.97
202401,4139053100,40225.62
202402,4139053100,38011.87
202403,4139053100,40997.31
202404,4139053100,42449.19
202405,4139053100,45654.2
202406,4139053100,42317.8
202407,4139053100,43259.5
202408,4139053100,40957.94
202409,4139053100,40025.55
202410,4139053100,40994.17
202411,4139053100,44217.42
202412,4139053100,38945.74
202501,4139053100,38652.76
202502,4139053100,37702.42
202503,4139053100,40482.76
202504,4139053100,40914.68
202505,4139053100,41180.75
202506,4139053100,39510.43
202307,4139054000,188125.69
202308,4139054000,171862.3
202309,4139054000,174723.53
202310,4139054000,177036.84
202311,4139054000,169308.97
202312,4139054000,177834.38
202401,4139054000,173768.02
202402,4139054000,164539.73
202403,4139054000,186203.2
202404,4139054000,174491.83
202405,4139054000,183938.72
202406,4139054000,161169.84
202407,4139054000,165021.53
202408,4139054000,163287.9
202409,4139054000,163767.84
202410,4139054000,171192.19
202411,4139054000,191556.95
202412,4139054000,178651.62
202501,4139054000,182223.61
202502,4139054000,175573.05
202503,4139054000,181085.2
202504,4139054000,182829.31
202505,4139054000,186108.83
202506,4139054000,188833.67
202307,4139055000,45745.39
202308,4139055000,45762.57
202309,4139055000,46302.18
202310,4139055000,46328.61
202311,4139055000,45971.37
202312,4139055000,44017.03
202401,4139055000,44265.25
202402,4139055000,41852.89
202403,4139055000,43673.19
202404,4139055000,45462.67
202405,4139055000,45731.38
202406,4139055000,43529.09
202407,4139055000,45792.05
202408,4139055000,43069.24
202409,4139055000,43565.27
202410,4139055000,46752.01
202411,4139055000,46269.9
202412,4139055000,44906.86
202501,4139055000,42945.62
202502,4139055000,41167.73
202503,4139055000,43801.17
202504,4139055000,45571.1
202505,4139055000,43941.49
202506,4139055000,44279.62
202307,4139057000,169116.83
202308,4139057000,166310.7
202309,4139057000,169416.61
202310,4139057000,169642.62
202311,4139057000,160167.8
202312,4139057000,163869.8
202401,4139057000,158885.39
202402,4139057000,159269.55
202403,4139057000,163666.12
202404,4139057000,166938.73
202405,4139057000,166770.7
202406,4139057000,162095.0
202407,4139057000,164846.97
202408,4139057000,162919.6
202409,4139057000,165011.44
202410,4139057000,166922.9
202411,4139057000,160750.14
202412,4139057000,167981.36
202501,4139057000,170653.88
202502,4139057000,148457.02
202503,4139057000,163609.23
202504,4139057000,164962.94
202505,4139057000,182417.52
202506,4139057000,166169.17
202307,4139058100,184970.2
202308,4139058100,180329.34
202309,4139058100,184285.56
202310,4139058100,180602.33
202311,4139058100,175529.05
202312,4139058100,174246.02
202401,4139058100,175550.2
202402,4139058100,168274.27
202403,4139058100,188392.2
202404,4139058100,177352.3
202405,4139058100,182792.89
202406,4139058100,178585.62
202407,4139058100,177502.89
202408,4139058100,169631.2
202409,4139058100,175302.44
202410,4139058100,176857.31
202411,4139058100,181477.19
202412,4139058100,165497.3
202501,4139058100,170562.62
202502,4139058100,155841.06
202503,4139058100,166162.56
202504,4139058100,165722.9
202505,4139058100,178162.44
202506,4139058100,179746.7
202307,4139058200,129358.58
202308,4139058200,129246.29
202309,4139058200,139423.12
202310,4139058200,144214.27
202311,4139058200,127145.24
202312,4139058200,129944.25
202401,4139058200,123009.67
202402,4139058200,118822.82
202403,4139058200,127806.37
202404,4139058200,128058.77
202405,4139058200,133244.48
202406,4139058200,126851.14
202407,4139058200,128500.01
202408,4139058200,129109.96
202409,4139058200,133212.78
202410,4139058200,131574.0
202411,4139058200,122082.08
202412,4139058200,121440.61
202501,4139058200,129390.77
202502,4139058200,117242.75
202503,4139058200,122284.93
202504,4139058200,119665.15
202505,4139058200,126951.15
202506,4139058200,121399.79
202307,4139058900,42031.95
202308,4139058900,40457.13
202309,4139058900,40389.4
202310,4139058900,39441.58
202311,4139058900,37509.74
202312,4139058900,37583.41
202401,4139058900,36605.79
202402,4139058900,37420.88
202403,4139058900,39021.62
202404,4139058900,39236.85
202405,4139058900,39766.63
202406,4139058900,38458.63
202407,4139058900,39689.6
202408,4139058900,38803.82
202409,4139058900,37872.27
202410,4139058900,38496.04
202411,4139058900,37105.42
202412,4139058900,36488.53
202501,4139058900,48341.83
202502,4139058900,43531.35
202503,4139058900,41833.07
202504,4139058900,37302.83
202505,4139058900,37865.16
202506,4139058900,36105.4
202307,4139059100,109921.52
202308,4139059100,106581.43
202309,4139059100,112316.37
202310,4139059100,110285.21
202311,4139059100,116561.91
202312,4139059100,109179.69
202401,4139059100,115811.54
202402,4139059100,104850.15
202403,4139059100,124192.19
202404,4139059100,122108.27
202405,4139059100,119708.87
202406,4139059100,109832.6
202407,4139059100,115592.15
202408,4139059100,106889.0
202409,4139059100,109285.31
202410,4139059100,116168.73
202411,4139059100,112397.42
202412,4139059100,106792.02
202501,4139059100,113546.41
202502,4139059100,112205.05
202503,4139059100,128481.37
202504,4139059100,116070.25
202505,4139059100,111375.66
202506,4139059100,103319.42
202307,4139059200,70918.46
202308,4139059200,68493.87
202309,4139059200,71669.42
202310,4139059200,72037.65
202311,4139059200,70501.24
202312,4139059200,69735.54
202401,4139059200,70886.09
202402,4139059200,69780.35
202403,4139059200,74293.27
202404,4139059200,73057.16
202405,4139059200,72563.04
202406,4139059200,69007.2
202407,4139059200,72842.76
202408,4139059200,69361.64
202409,4139059200,68655.98
202410,4139059200,71914.12
202411,4139059200,70195.83
202412,4139059200,69069.88
202501,4139059200,70880.37
202502,4139059200,69047.91
202503,4139059200,73339.94
202504,4139059200,69423.4
202505,4139059200,69017.45
202506,4139059200,69817.97
202307,4139059300,619065.56
202308,4139059300,73801.49
202309,4139059300,75876.04
202310,4139059300,78447.59
202311,4139059300,75407.62
202312,4139059300,72051.94
202401,4139059300,72344.38
202402,4139059300,67706.25
202403,4139059300,71349.12
202404,4139059300,73162.22
202405,4139059300,75491.08
202406,4139059300,71594.09
202407,4139059300,73872.86
202408,4139059300,71165.51
202409,4139059300,69062.25
202410,4139059300,74332.74
202411,4139059300,69413.02
202412,4139059300,68227.41
202501,4139059300,70203.99
202502,4139059300,68508.84
202503,4139059300,70444.76
202504,4139059300,68688.12
202505,4139059300,68128.73
202506,4139059300,65887.69
202307,4139059400,32984.53
202308,4139059400,32780.31
202309,4139059400,32336.13
202310,4139059400,32895.47
202311,4139059400,31286.6
202312,4139059400,31334.22
202401,4139059400,30171.07
202402,4139059400,29459.55
202403,4139059400,32630.34
202404,4139059400,32820.96
202405,4139059400,32448.12
202406,4139059400,31208.81
202407,4139059400,30550.18
202408,4139059400,30233.91
202409,4139059400,29972.41
202410,4139059400,39703.3
202411,4139059400,30157.7
202412,4139059400,29912.66
202501,4139059400,29536.13
202502,4139059400,27752.78
202503,4139059400,31052.0
202504,4139059400,32864.91
202505,4139059400,34550.76
202506,4139059400,31266.12
202307,4139059600,258389.36
202308,4139059600,270215.47
202309,4139059600,273497.66
202310,4139059600,297350.06
202311,4139059600,269250.22
202312,4139059600,279455.44
202401,4139059600,255345.05
202402,4139059600,250652.81
202403,4139059600,269697.78
202404,4139059600,266151.97
202405,4139059600,275727.06
202406,4139059600,262690.6
202407,4139059600,264366.75
202408,4139059600,256569.84
202409,4139059600,265688.6
202410,4139059600,276749.97
202411,4139059600,266082.9
202412,4139059600,265934.38
202501,4139059600,265074.22
202502,4139059600,237367.94
202503,4139059600,278760.1
202504,4139059600,263192.34
202505,4139059600,278735.34
202506,4139059600,274633.03
202307,4139059700,549331.44
202308,4139059700,536578.6
202309,4139059700,519741.03
202310,4139059700,527952.75
202311,4139059700,502693.44
202312,4139059700,539068.44
202401,4139059700,521986.88
202402,4139059700,486928.25
202403,4139059700,515264.53
202404,4139059700,507886.28
202405,4139059700,537125.94
202406,4139059700,517001.88
202407,4139059700,534864.5
202408,4139059700,535018.75
202409,4139059700,515323.2
202410,4139059700,530249.2
202411,4139059700,563814.75
202412,4139059700,534390.7
202501,4139059700,551603.75
202502,4139059700,518501.06
202503,4139059700,532563.25
202504,4139059700,519783.16
202505,4139059700,543302.0
202506,4139059700,529597.75
202307,4139062100,20661.2
202308,4139062100,20368.81
202309,4139062100,20677.76
202310,4139062100,20065.82
202311,4139062100,20258.36
202312,4139062100,17947.01
202401,4139062100,18084.66
202402,4139062100,15881.79
202403,4139062100,21522.85
202404,4139062100,21429.11
202405,4139062100,21111.13
202406,4139062100,20152.34
202407,4139062100,20960.0
202408,4139062100,19526.88
202409,4139062100,18152.15
202410,4139062100,20668.24
202411,4139062100,19908.79
202412,4139062100,18299.59
202501,4139062100,16846.41
202502,4139062100,18081.73
202503,4139062100,21108.33
202504,4139062100,20582.74
202505,4139062100,19184.09
202506,4139062100,18693.23
202307,4139063000,132020.97
202308,4139063000,129938.3
202309,4139063000,127816.79
202310,4139063000,130439.35
202311,4139063000,128016.79
202312,4139063000,128103.09
202401,4139063000,140498.6
202402,4139063000,139397.78
202403,4139063000,135213.19
202404,4139063000,133044.61
202405,4139063000,148690.55
202406,4139063000,133311.84
202407,4139063000,139116.9
202408,4139063000,139628.5
202409,4139063000,139661.52
202410,4139063000,146073.42
202411,4139063000,133569.06
202412,4139063000,134199.92
202501,4139063000,142325.66
202502,4139063000,127727.42
202503,4139063000,133791.19
202504,4139063000,133995.42
202505,4139063000,137996.39
202506,4139063000,133760.31
202307,4139063100,108851.0
202308,4139063100,109143.97
202309,4139063100,115746.77
202310,4139063100,124756.56
202311,4139063100,119547.56
202312,4139063100,118096.63
202401,4139063100,112746.21
202402,4139063100,109127.77
202403,4139063100,111080.24
202404,4139063100,111657.17
202405,4139063100,116512.16
202406,4139063100,104392.1
202407,4139063100,102885.6
202408,4139063100,101462.97
202409,4139063100,106121.9
202410,4139063100,110567.31
202411,4139063100,104975.36
202412,4139063100,108458.0
202501,4139063100,112511.93
202502,4139063100,102756.95
202503,4139063100,112244.49
202504,4139063100,109567.36
202505,4139063100,112854.24
202506,4139063100,111483.81
202307,4139064000,125341.05
202308,4139064000,121528.51
202309,4139064000,119917.03
202310,4139064000,123323.75
202311,4139064000,120728.81
202312,4139064000,124176.14
202401,4139064000,114655.18
202402,4139064000,102114.83
202403,4139064000,100692.54
202404,4139064000,98621.6
202405,4139064000,101844.71
202406,4139064000,95543.94
202407,4139064000,98596.88
202408,4139064000,96603.69
202409,4139064000,96135.36
202410,4139064000,98597.11
202411,4139064000,96222.6
202412,4139064000,99223.56
202501,4139064000,100624.52
202502,4139064000,102438.81
202503,4139064000,111159.5
202504,4139064000,112026.64
202505,4139064000,115336.65
202506,4139064000,113009.34
202308,4139065000,16955.65
202309,4139065000,16653.4
202310,4139065000,17175.95
202311,4139065000,19349.07
202312,4139065000,19046.97
202401,4139065000,15010.59
202402,4139065000,17285.5
202403,4139065000,15112.81
202404,4139065000,16549.61
202405,4139065000,16524.29
202406,4139065000,17234.3
202407,4139065000,17306.0
202408,4139065000,19112.92
202409,4139065000,17386.49
202410,4139065000,19063.29
202411,4139065000,16198.5
202412,4139065000,20273.9
202501,4139065000,15967.96
202502,4139065000,21679.41
202503,4139065000,16681.05
202504,4139065000,16710.38
202505,4139065000,18340.12
202506,4139065000,18269.37
202307,4141051000,571275.5
202308,4141051000,558979.3
202309,4141051000,555656.5
202310,4141051000,569079.56
202311,4141051000,580499.56
202312,4141051000,554463.4
202401,4141051000,561085.3
202402,4141051000,539495.2
202403,4141051000,582015.75
202404,4141051000,582011.6
202405,4141051000,560562.2
202406,4141051000,525665.0
202407,4141051000,556146.6
202408,4141051000,518750.97
202409,4141051000,565377.8
202410,4141051000,539621.25
202411,4141051000,528513.4
202412,4141051000,522489.47
202501,4141051000,527750.25
202502,4141051000,523905.7
202503,4141051000,552280.0
202504,4141051000,546400.25
202505,4141051000,523571.25
202506,4141051000,503070.84
202307,4141052000,311457.56
202308,4141052000,313886.62
202309,4141052000,310973.6
202310,4141052000,312578.88
202311,4141052000,294976.2
202312,4141052000,302827.5
202401,4141052000,293079.12
202402,4141052000,288673.12
202403,4141052000,301158.06
202404,4141052000,317254.12
202405,4141052000,316921.56
202406,4141052000,300689.53
202407,4141052000,309765.12
202408,4141052000,302655.16
202409,4141052000,316746.7
202410,4141052000,306028.3
202411,4141052000,297452.66
202412,4141052000,296467.75
202501,4141052000,324460.6
202502,4141052000,280241.44
202503,4141052000,310565.56
202504,4141052000,300199.06
202505,4141052000,300894.84
202506,4141052000,296131.75
202307,4141054000,2015338.6
202308,4141054000,1979992.1
202309,4141054000,1972649.9
202310,4141054000,1956215.1
202311,4141054000,1876082.2
202312,4141054000,1935697.2
202401,4141054000,1897557.8
202402,4141054000,1853009.6
202403,4141054000,1872365.4
202404,4141054000,1951438.9
202405,4141054000,1964622.1
202406,4141054000,1865283.4
202407,4141054000,1923887.2
202408,4141054000,1853606.8
202409,4141054000,2077591.1
202410,4141054000,1875880.6
202411,4141054000,1971935.9
202412,4141054000,1855953.9
202501,4141054000,2105576.8
202502,4141054000,1940476.2
202503,4141054000,1949595.8
202504,4141054000,1882535.1
202505,4141054000,1950111.8
202506,4141054000,1872107.2
202307,4141055000,1970781.6
202308,4141055000,1859642.0
202309,4141055000,1841686.4
202310,4141055000,1908432.1
202311,4141055000,1845082.4
202312,4141055000,1849685.4
202401,4141055000,1865551.8
202402,4141055000,1814783.2
202403,4141055000,1816149.2
202404,4141055000,1901167.2
202405,4141055000,1865651.0
202406,4141055000,1805552.1
202407,4141055000,1984447.2
202408,4141055000,1861604.0
202409,4141055000,1915076.2
202410,4141055000,1866963.9
202411,4141055000,1863165.0
202412,4141055000,1856613.6
202501,4141055000,1981364.8
202502,4141055000,1830841.1
202503,4141055000,1862226.6
202504,4141055000,1848548.4
202505,4141055000,1874160.0
202506,4141055000,1787240.2
202307,4141056000,818910.44
202308,4141056000,778424.3
202309,4141056000,773543.9
202310,4141056000,802342.7
202311,4141056000,782073.06
202312,4141056000,772835.5
202401,4141056000,785938.7
202402,4141056000,753576.7
202403,4141056000,794195.0
202404,4141056000,836672.94
202405,4141056000,808610.5
202406,4141056000,778063.8
202407,4141056000,809812.9
202408,4141056000,786522.1
202409,4141056000,813791.7
202410,4141056000,805960.3
202411,4141056000,782882.9
202412,4141056000,774949.0
202501,4141056000,801506.8
202502,4141056000,758137.0
202503,4141056000,777859.2
202504,4141056000,783230.5
202505,4141056000,792888.75
202506,4141056000,719211.25
202307,4141057000,675968.0
202308,4141057000,662878.56
202309,4141057000,653415.25
202310,4141057000,651690.7
202311,4141057000,634017.1
202312,4141057000,633558.7
202401,4141057000,622364.06
202402,4141057000,588497.1
202403,4141057000,642499.6
202404,4141057000,673916.7
202405,4141057000,664350.1
202406,4141057000,634688.2
202407,4141057000,636984.56
202408,4141057000,626751.7
202409,4141057000,646734.44
202410,4141057000,637562.4
202411,4141057000,616723.4
202412,4141057000,601887.06
202501,4141057000,631576.06
202502,4141057000,590735.8
202503,4141057000,636756.06
202504,4141057000,624699.7
202505,4141057000,630118.2
202506,4141057000,609829.2
202307,4141058000,299494.44
202308,4141058000,294264.12
202309,4141058000,295109.94
202310,4141058000,310032.66
202311,4141058000,296077.8
202312,4141058000,296884.62
202401,4141058000,279327.47
202402,4141058000,263544.88
202403,4141058000,325406.7
202404,4141058000,318592.75
202405,4141058000,304517.75
202406,4141058000,295342.8
202407,4141058000,296719.12
202408,4141058000,294759.0
202409,4141058000,313011.62
202410,4141058000,299635.94
202411,4141058000,290735.34
202412,4141058000,292558.53
202501,4141058000,295820.06
202502,4141058000,261389.64
202503,4141058000,292691.3
202504,4141058000,295849.66
202505,4141058000,292120.38
202506,4141058000,286325.22
202307,4141059000,95320.28
202308,4141059000,91241.85
202309,4141059000,92349.5
202310,4141059000,95067.34
202311,4141059000,87907.94
202312,4141059000,86985.45
202401,4141059000,81372.92
202402,4141059000,70479.54
202403,4141059000,84647.98
202404,4141059000,101970.33
202405,4141059000,94260.43
202406,4141059000,89415.56
202407,4141059000,85742.71
202408,4141059000,82243.65
202409,4141059000,89848.71
202410,4141059000,86666.91
202411,4141059000,85170.86
202412,4141059000,84428.91
202501,4141059000,88195.61
202502,4141059000,74180.84
202503,4141059000,89415.63
202504,4141059000,94711.41
202505,4141059000,87814.37
202506,4141059000,86164.55
202307,4141060000,314328.3
202308,4141060000,310284.0
202309,4141060000,313287.25
202310,4141060000,316708.4
202311,4141060000,304077.56
202312,4141060000,313494.97
202401,4141060000,305986.38
202402,4141060000,288474.9
202403,4141060000,308424.3
202404,4141060000,324346.16
202405,4141060000,323358.62
202406,4141060000,316452.47
202407,4141060000,322694.0
202408,4141060000,310174.88
202409,4141060000,328451.56
202410,4141060000,321191.0
202411,4141060000,309333.66
202412,4141060000,311871.6
202501,4141060000,311735.7
202502,4141060000,281439.2
202503,4141060000,309719.03
202504,4141060000,308920.9
202505,4141060000,310310.66
202506,4141060000,299751.06
202307,4141061000,66824.53
202308,4141061000,65994.44
202309,4141061000,70265.67
202310,4141061000,72967.18
202311,4141061000,63430.27
202312,4141061000,59260.78
202401,4141061000,57526.47
202402,4141061000,57054.4
202403,4141061000,64171.79
202404,4141061000,79567.69
202405,4141061000,69972.07
202406,4141061000,65569.86
202407,4141061000,59808.7
202408,4141061000,68424.59
202409,4141061000,67830.31
202410,4141061000,65395.01
202411,4141061000,60958.51
202412,4141061000,55297.08
202501,4141061000,59113.23
202502,4141061000,52764.57
202503,4141061000,58675.37
202504,4141061000,63076.4
202505,4141061000,67071.51
202506,4141061000,61717.48
202307,4141062000,721674.6
202308,4141062000,713813.3
202309,4141062000,700143.25
202310,4141062000,720515.6
202311,4141062000,683543.06
202312,4141062000,724958.9
202401,4141062000,697607.3
202402,4141062000,658359.6
202403,4141062000,699051.56
202404,4141062000,707659.0
202405,4141062000,717792.9
202406,4141062000,700962.25
202407,4141062000,711689.8
202408,4141062000,695943.8
202409,4141062000,698031.94
202410,4141062000,694328.0
202411,4141062000,668144.94
202412,4141062000,683259.4
202501,4141062000,693990.44
202502,4141062000,640710.75
202503,4141062000,682073.1
202504,4141062000,667625.5
202505,4141062000,693109.44
202506,4141062000,673170.9
202307,4141063000,136118.31
202308,4141063000,131875.62
202309,4141063000,128370.25
202310,4141063000,129534.19
202311,4141063000,129166.35
202312,4141063000,127414.39
202401,4141063000,124785.97
202402,4141063000,119159.69
202403,4141063000,126115.69
202404,4141063000,131816.17
202405,4141063000,130526.73
202406,4141063000,123781.59
202407,4141063000,127554.89
202408,4141063000,122461.97
202409,4141063000,131372.34
202410,4141063000,127039.63
202411,4141063000,140503.23
202412,4141063000,123078.07
202501,4141063000,126690.82
202502,4141063000,119708.26
202503,4141063000,124355.73
202504,4141063000,126038.03
202505,4141063000,122534.88
202506,4141063000,120921.41
202307,4143051000,150182.86
202308,4143051000,140179.4
202309,4143051000,157166.81
202310,4143051000,158300.19
202311,4143051000,153371.22
202312,4143051000,148389.69
202401,4143051000,149903.73
202402,4143051000,140123.77
202403,4143051000,148567.12
202404,4143051000,146554.31
202405,4143051000,151831.11
202406,4143051000,144188.47
202407,4143051000,150927.34
202408,4143051000,148897.05
202409,4143051000,152528.31
202410,4143051000,149584.6
202411,4143051000,150175.48
202412,4143051000,144983.17
202501,4143051000,144564.56
202502,4143051000,142566.06
202503,4143051000,148071.03
202504,4143051000,148249.98
202505,4143051000,146822.67
202506,4143051000,146603.98
202307,4143052000,185823.36
202308,4143052000,184968.44
202309,4143052000,184219.34
202310,4143052000,191726.39
202311,4143052000,195430.42
202312,4143052000,195231.3
202401,4143052000,190143.56
202402,4143052000,175955.17
202403,4143052000,195426.5
202404,4143052000,209926.38
202405,4143052000,209296.4
202406,4143052000,198143.12
202407,4143052000,202164.86
202408,4143052000,192308.17
202409,4143052000,204271.38
202410,4143052000,206327.88
202411,4143052000,194938.94
202412,4143052000,189284.64
202501,4143052000,196403.12
202502,4143052000,187845.47
202503,4143052000,201437.33
202504,4143052000,200888.39
202505,4143052000,197503.81
202506,4143052000,189129.19
202307,4143053000,405870.94
202308,4143053000,396439.16
202309,4143053000,392925.3
202310,4143053000,398578.9
202311,4143053000,385357.78
202312,4143053000,381972.8
202401,4143053000,368009.75
202402,4143053000,348218.47
202403,4143053000,372930.4
202404,4143053000,389966.62
202405,4143053000,386008.34
202406,4143053000,368440.56
202407,4143053000,382549.06
202408,4143053000,379010.97
202409,4143053000,389251.62
202410,4143053000,376917.75
202411,4143053000,378641.56
202412,4143053000,376608.97
202501,4143053000,407409.47
202502,4143053000,347855.72
202503,4143053000,378815.34
202504,4143053000,375530.25
202505,4143053000,373083.1
202506,4143053000,367005.22
202307,4143054000,1276485.2
202308,4143054000,1244474.9
202309,4143054000,1294791.1
202310,4143054000,1333699.2
202311,4143054000,1298349.0
202312,4143054000,1279951.6
202401,4143054000,1175268.4
202402,4143054000,1094418.4
202403,4143054000,1246405.6
202404,4143054000,1280887.1
202405,4143054000,1302765.0
202406,4143054000,1275436.1
202407,4143054000,1255624.5
202408,4143054000,1238000.0
202409,4143054000,1291102.0
202410,4143054000,1265826.6
202411,4143054000,1217856.0
202412,4143054000,1189641.4
202501,4143054000,1236979.0
202502,4143054000,1115764.5
202503,4143054000,1294272.4
202504,4143054000,1270544.2
202505,4143054000,1237508.0
202506,4143054000,1184284.1
202307,4143055000,96875.46
202308,4143055000,96724.67
202309,4143055000,93151.56
202310,4143055000,96851.52
202311,4143055000,93028.11
202312,4143055000,94276.58
202401,4143055000,92310.87
202402,4143055000,90309.31
202403,4143055000,93630.24
202404,4143055000,93621.99
202405,4143055000,93235.4
202406,4143055000,89260.58
202407,4143055000,91610.98
202408,4143055000,93828.44
202409,4143055000,100858.46
202410,4143055000,95804.63
202411,4143055000,101390.98
202412,4143055000,94432.66
202501,4143055000,99625.72
202502,4143055000,88756.84
202503,4143055000,94691.24
202504,4143055000,81105.63
202505,4143055000,88709.26
202506,4143055000,104894.24
202307,4143056000,157113.8
202308,4143056000,153220.39
202309,4143056000,152714.34
202310,4143056000,153531.78
202311,4143056000,142960.2
202312,4143056000,144113.84
202401,4143056000,138908.88
202402,4143056000,131526.53
202403,4143056000,145839.39
202404,4143056000,154374.64
202405,4143056000,158051.06
202406,4143056000,150863.4
202407,4143056000,151994.73
202408,4143056000,155137.05
202409,4143056000,158666.72
202410,4143056000,153837.84
202411,4143056000,147871.12
202412,4143056000,144651.67
202501,4143056000,152285.75
202502,4143056000,141532.45
202503,4143056000,148689.31
202504,4143056000,149431.03
202505,4143056000,154669.77
202506,4143056000,148960.31
202307,4145051000,33810.02
202308,4145051000,34647.45
202309,4145051000,35801.02
202310,4145051000,35475.11
202311,4145051000,31220.57
202312,4145051000,29695.13
202401,4145051000,28600.36
202402,4145051000,26553.44
202403,4145051000,31757.98
202404,4145051000,33035.15
202405,4145051000,34285.64
202406,4145051000,31632.98
202407,4145051000,31334.94
202408,4145051000,31766.74
202409,4145051000,33222.98
202410,4145051000,32165.31
202411,4145051000,30013.27
202412,4145051000,27418.82
202501,4145051000,28667.97
202502,4145051000,26978.54
202503,4145051000,28463.15
202504,4145051000,27575.33
202505,4145051000,32381.57
202506,4145051000,28246.6
202307,4145052000,207683.42
202308,4145052000,205289.89
202309,4145052000,194296.48
202310,4145052000,195000.4
202311,4145052000,189563.6
202312,4145052000,187516.38
202401,4145052000,187281.45
202402,4145052000,174951.22
202403,4145052000,196358.38
202404,4145052000,193120.81
202405,4145052000,185795.75
202406,4145052000,190132.92
202407,4145052000,185352.69
202408,4145052000,186113.19
202409,4145052000,197152.48
202410,4145052000,184838.2
202411,4145052000,179503.7
202412,4145052000,183363.62
202501,4145052000,197785.06
202502,4145052000,197025.52
202503,4145052000,212741.0
202504,4145052000,202465.84
202505,4145052000,213433.95
202506,4145052000,207885.0
202307,4145053000,136865.88
202308,4145053000,131360.62
202309,4145053000,128146.36
202310,4145053000,127883.18
202311,4145053000,122435.27
202312,4145053000,139549.6
202401,4145053000,125679.1
202402,4145053000,118275.35
202403,4145053000,127753.16
202404,4145053000,135491.69
202405,4145053000,131469.44
202406,4145053000,132061.38
202407,4145053000,133360.98
202408,4145053000,139719.4
202409,4145053000,139394.0
202410,4145053000,126879.91
202411,4145053000,125210.64
202412,4145053000,131782.86
202501,4145053000,137452.66
202502,4145053000,121996.09
202503,4145053000,133514.44
202504,4145053000,126274.78
202505,4145053000,128078.08
202506,4145053000,125545.55
202307,4145054000,43773.09
202308,4145054000,44721.42
202309,4145054000,45566.76
202310,4145054000,44663.16
202311,4145054000,43658.2
202312,4145054000,43378.85
202401,4145054000,41448.77
202402,4145054000,39054.7
202403,4145054000,44587.63
202404,4145054000,47016.68
202405,4145054000,45035.95
202406,4145054000,44592.03
202407,4145054000,43887.58
202408,4145054000,44644.29
202409,4145054000,49441.93
202410,4145054000,44703.22
202411,4145054000,43748.7
202412,4145054000,43590.69
202501,4145054000,45246.63
202502,4145054000,38924.22
202503,4145054000,43471.63
202504,4145054000,41329.75
202505,4145054000,42389.58
202506,4145054000,40732.12
202307,4145055000,646204.3
202308,4145055000,611785.56
202309,4145055000,611494.75
202310,4145055000,626888.1
202311,4145055000,600049.9
202312,4145055000,606196.4
202401,4145055000,601612.7
202402,4145055000,569924.8
202403,4145055000,602965.8
202404,4145055000,662652.56
202405,4145055000,611818.6
202406,4145055000,632898.7
202407,4145055000,621178.6
202408,4145055000,643866.94
202409,4145055000,704993.25
202410,4145055000,624883.8
202411,4145055000,614107.9
202412,4145055000,624270.06
202501,4145055000,676850.1
202502,4145055000,615614.0
202503,4145055000,660370.7
202504,4145055000,618404.5
202505,4145055000,590565.5
202506,4145055000,568578.8
202307,4145056000,523147.34
202308,4145056000,511887.97
202309,4145056000,497463.03
202310,4145056000,527432.9
202311,4145056000,495054.1
202312,4145056000,498945.06
202401,4145056000,487467.38
202402,4145056000,448071.56
202403,4145056000,505334.28
202404,4145056000,611827.4
202405,4145056000,570874.9
202406,4145056000,533630.25
202407,4145056000,542088.5
202408,4145056000,531606.6
202409,4145056000,582198.1
202410,4145056000,544483.6
202411,4145056000,524683.4
202412,4145056000,532296.75
202501,4145056000,547180.8
202502,4145056000,522449.16
202503,4145056000,561324.06
202504,4145056000,545749.06
202505,4145056000,539749.94
202506,4145056000,515814.5
202307,4145058000,19757.93
202308,4145058000,19244.07
202309,4145058000,18365.93
202310,4145058000,18870.44
202311,4145058000,18298.11
202312,4145058000,17639.57
202401,4145058000,17694.9
202402,4145058000,15846.17
202403,4145058000,18649.07
202404,4145058000,18770.08
202405,4145058000,18919.82
202406,4145058000,18109.37
202407,4145058000,18366.41
202408,4145058000,17536.25
202409,4145058000,18629.15
202410,4145058000,18262.01
202411,4145058000,17671.35
202412,4145058000,16605.92
202501,4145058000,18126.52
202502,4145058000,18875.01
202503,4145058000,18608.32
202504,4145058000,19109.0
202505,4145058000,19750.3
202506,4145058000,19791.06
202307,4145058200,36354.57
202308,4145058200,36047.86
202309,4145058200,35527.85
202310,4145058200,36076.07
202311,4145058200,34896.26
202312,4145058200,35413.6
202401,4145058200,32983.4
202402,4145058200,32894.53
202403,4145058200,38130.51
202404,4145058200,40414.67
202405,4145058200,38920.42
202406,4145058200,39104.33
202407,4145058200,37104.12
202408,4145058200,36604.15
202409,4145058200,38975.94
202410,4145058200,36132.49
202411,4145058200,37783.09
202412,4145058200,37210.32
202501,4145058200,37409.33
202502,4145058200,35212.42
202503,4145058200,36899.68
202504,4145058200,36071.51
202505,4145058200,36679.7
202506,4145058200,36478.22
202307,4145058500,665813.75
202308,4145058500,628443.0
202309,4145058500,630929.06
202310,4145058500,630686.0
202311,4145058500,613773.7
202312,4145058500,644833.4
202401,4145058500,610178.25
202402,4145058500,568067.3
202403,4145058500,637238.5
202404,4145058500,615895.75
202405,4145058500,610255.8
202406,4145058500,628292.06
202407,4145058500,620016.5
202408,4145058500,643986.0
202409,4145058500,721268.4
202410,4145058500,649530.25
202411,4145058500,709532.2
202412,4145058500,667240.06
202501,4145058500,680913.2
202502,4145058500,626738.56
202503,4145058500,682254.0
202504,4145058500,655980.06
202505,4145058500,683106.8
202506,4145058500,670042.3
202307,4145059000,1066.07
202308,4145059000,1080.85
202309,4145059000,1057.8
202310,4145059000,977.92
202311,4145059000,929.46
202312,4145059000,821.07
202401,4145059000,758.18
202402,4145059000,675.97
202403,4145059000,753.65
202404,4145059000,786.51
202405,4145059000,796.92
202406,4145059000,734.61
202407,4145059000,744.04
202408,4145059000,747.0
202409,4145059000,746.88
202410,4145059000,670.02
202411,4145059000,617.64
202412,4145059000,558.99
202501,4145059000,527.83
202502,4145059000,519.65
202503,4145059000,527.05
202504,4145059000,548.26
202505,4145059000,552.22
202506,4145059000,511.86
202307,4145060000,88544.03
202308,4145060000,87198.18
202309,4145060000,85378.88
202310,4145060000,87429.64
202311,4145060000,88316.4
202312,4145060000,83439.86
202401,4145060000,83980.18
202402,4145060000,75099.8
202403,4145060000,84674.41
202404,4145060000,86643.81
202405,4145060000,86538.44
202406,4145060000,81980.31
202407,4145060000,84949.63
202408,4145060000,81880.08
202409,4145060000,86046.28
202410,4145060000,87472.5
202411,4145060000,86185.51
202412,4145060000,84583.75
202501,4145060000,82457.38
202502,4145060000,84257.08
202503,4145060000,82127.02
202504,4145060000,85459.53
202505,4145060000,82314.97
202506,4145060000,79684.68
202307,4145061000,532410.1
202308,4145061000,511939.47
202309,4145061000,495466.47
202310,4145061000,512375.62
202311,4145061000,490279.28
202312,4145061000,504016.8
202401,4145061000,502626.8
202402,4145061000,464575.88
202403,4145061000,552153.4
202404,4145061000,546296.2
202405,4145061000,541359.94
202406,4145061000,531005.4
202407,4145061000,531616.44
202408,4145061000,520251.94
202409,4145061000,547534.44
202410,4145061000,529462.7
202411,4145061000,511222.56
202412,4145061000,523493.12
202501,4145061000,542335.56
202502,4145061000,509239.6
202503,4145061000,532600.25
202504,4145061000,517998.84
202505,4145061000,540431.56
202506,4145061000,520861.94
202307,4145062000,110784.7
202308,4145062000,106667.96
202309,4145062000,105538.88
202310,4145062000,109398.68
202311,4145062000,103668.51
202312,4145062000,104042.17
202401,4145062000,104420.53
202402,4145062000,98947.8
202403,4145062000,111714.91
202404,4145062000,121641.49
202405,4145062000,119341.74
202406,4145062000,119905.14
202407,4145062000,113968.91
202408,4145062000,110415.22
202409,4145062000,118921.8
202410,4145062000,111692.7
202411,4145062000,108373.58
202412,4145062000,107769.52
202501,4145062000,110437.28
202502,4145062000,105504.32
202503,4145062000,112032.06
202504,4145062000,110112.47
202505,4145062000,112547.85
202506,4145062000,111059.17
202308,4145063000,481928.38
202309,4145063000,474516.66
202310,4145063000,491681.97
202311,4145063000,488334.22
202312,4145063000,487859.6
202401,4145063000,500386.38
202402,4145063000,457523.66
202403,4145063000,491016.2
202404,4145063000,522465.12
202405,4145063000,519504.1
202406,4145063000,513182.5
202407,4145063000,524588.25
202408,4145063000,504840.84
202409,4145063000,545350.2
202410,4145063000,515332.8
202411,4145063000,503801.25
202412,4145063000,513720.2
202501,4145063000,558214.94
202502,4145063000,534659.25
202503,4145063000,552004.9
202504,4145063000,536566.44
202505,4145063000,534880.3
202506,4145063000,534947.3
202307,4146125000,111732.78
202308,4146125000,126289.61
202309,4146125000,110246.79
202310,4146125000,138369.58
202311,4146125000,111477.14
202312,4146125000,94787.77
202401,4146125000,89527.07
202402,4146125000,98856.39
202403,4146125000,103268.62
202404,4146125000,128964.71
202405,4146125000,138180.66
202406,4146125000,115808.59
202407,4146125000,107872.07
202408,4146125000,118472.92
202409,4146125000,121817.97
202410,4146125000,140099.3
202411,4146125000,108530.87
202412,4146125000,85158.56
202501,4146125000,86409.69
202502,4146125000,89939.96
202503,4146125000,97181.04
202504,4146125000,119618.07
202505,4146125000,131353.22
202506,4146125000,113709.63
202307,4146125300,29264.21
202308,4146125300,29968.34
202309,4146125300,34129.88
202310,4146125300,34959.02
202311,4146125300,35699.5
202312,4146125300,33634.25
202401,4146125300,30000.31
202402,4146125300,29460.91
202403,4146125300,43077.69
202404,4146125300,36484.0
202405,4146125300,37422.08
202406,4146125300,34329.64
202407,4146125300,32576.28
202408,4146125300,32519.17
202409,4146125300,39898.39
202410,4146125300,34192.93
202411,4146125300,34341.33
202412,4146125300,35054.56
202501,4146125300,41094.54
202502,4146125300,39755.75
202503,4146125300,48814.42
202504,4146125300,43593.89
202505,4146125300,44694.61
202506,4146125300,41831.75
202307,4146125600,11001.16
202308,4146125600,11574.22
202309,4146125600,11759.05
202310,4146125600,13285.64
202311,4146125600,13490.73
202312,4146125600,12056.99
202401,4146125600,11966.83
202402,4146125600,11244.22
202403,4146125600,13085.88
202404,4146125600,13173.01
202405,4146125600,13353.53
202406,4146125600,12550.07
202407,4146125600,12432.07
202408,4146125600,12132.47
202409,4146125600,12821.87
202410,4146125600,11668.6
202411,4146125600,11083.89
202412,4146125600,10376.19
202501,4146125600,11018.33
202502,4146125600,11437.26
202503,4146125600,13077.76
202504,4146125600,13505.36
202505,4146125600,13611.65
202506,4146125600,13417.79
202307,4146125900,17084.45
202308,4146125900,16618.73
202309,4146125900,17983.01
202310,4146125900,19151.82
202311,4146125900,19427.65
202312,4146125900,17660.87
202401,4146125900,17437.85
202402,4146125900,17632.69
202403,4146125900,19353.66
202404,4146125900,19897.4
202405,4146125900,20445.43
202406,4146125900,19271.13
202407,4146125900,19248.96
202408,4146125900,19219.31
202409,4146125900,20148.06
202410,4146125900,19344.65
202411,4146125900,18169.48
202412,4146125900,16658.68
202501,4146125900,17597.42
202502,4146125900,17747.25
202503,4146125900,19021.73
202504,4146125900,19855.36
202505,4146125900,20414.78
202506,4146125900,19788.05
202307,4146134000,2510.5
202308,4146134000,2456.28
202309,4146134000,2550.63
202310,4146134000,2953.27
202311,4146134000,2805.29
202312,4146134000,2511.58
202401,4146134000,2467.74
202402,4146134000,2397.17
202403,4146134000,2699.89
202404,4146134000,2908.15
202405,4146134000,3021.9
202406,4146134000,2712.86
202407,4146134000,2554.75
202408,4146134000,2611.18
202409,4146134000,2986.68
202410,4146134000,2830.45
202411,4146134000,2675.07
202412,4146134000,2419.53
202501,4146134000,2898.05
202502,4146134000,3046.61
202503,4146134000,3288.47
202504,4146134000,3467.52
202505,4146134000,3740.1
202506,4146134000,3539.79
202307,4146135000,2765.73
202308,4146135000,2720.8
202309,4146135000,2820.63
202310,4146135000,3115.28
202311,4146135000,3210.64
202312,4146135000,2693.91
202401,4146135000,2725.31
202402,4146135000,2602.15
202403,4146135000,2904.3
202404,4146135000,2916.87
202405,4146135000,3098.2
202406,4146135000,2876.72
202407,4146135000,2825.32
202408,4146135000,2842.75
202409,4146135000,3269.54
202410,4146135000,2843.35
202411,4146135000,2724.06
202412,4146135000,2386.28
202501,4146135000,2826.3
202502,4146135000,2888.05
202503,4146135000,2927.05
202504,4146135000,3089.42
202505,4146135000,3217.64
202506,4146135000,2907.02
202307,4146136000,24384.64
202308,4146136000,24746.81
202309,4146136000,24036.12
202310,4146136000,25985.1
202311,4146136000,26025.64
202312,4146136000,24121.44
202401,4146136000,24849.69
202402,4146136000,23935.61
202403,4146136000,25308.98
202404,4146136000,26582.81
202405,4146136000,28097.47
202406,4146136000,25815.91
202407,4146136000,26017.04
202408,4146136000,27439.36
202409,4146136000,29133.14
202410,4146136000,26782.8
202411,4146136000,24952.13
202412,4146136000,22931.55
202501,4146136000,26644.39
202502,4146136000,26938.75
202503,4146136000,26802.63
202504,4146136000,26895.31
202505,4146136000,28546.07
202506,4146136000,26273.23
202307,4146151000,172536.75
202308,4146151000,173530.98
202309,4146151000,186937.16
202310,4146151000,182167.61
202311,4146151000,175348.52
202312,4146151000,170068.92
202401,4146151000,162541.39
202402,4146151000,159175.48
202403,4146151000,197068.31
202404,4146151000,198155.31
202405,4146151000,201590.16
202406,4146151000,183554.72
202407,4146151000,181678.33
202408,4146151000,175935.02
202409,4146151000,213513.02
202410,4146151000,190677.34
202411,4146151000,187279.28
202412,4146151000,192278.6
202501,4146151000,190999.45
202502,4146151000,177154.28
202503,4146151000,216026.45
202504,4146151000,192827.52
202505,4146151000,198762.98
202506,4146151000,185265.66
202307,4146152500,53866.33
202308,4146152500,54125.54
202309,4146152500,55124.24
202310,4146152500,54596.02
202311,4146152500,52913.73
202312,4146152500,54207.96
202401,4146152500,52200.06
202402,4146152500,53514.76
202403,4146152500,58837.54
202404,4146152500,54429.29
202405,4146152500,57899.89
202406,4146152500,52327.45
202407,4146152500,54151.69
202408,4146152500,52622.03
202409,4146152500,59528.64
202410,4146152500,54712.43
202411,4146152500,52377.99
202412,4146152500,53575.02
202501,4146152500,55106.78
202502,4146152500,53002.28
202503,4146152500,58177.0
202504,4146152500,57209.37
202505,4146152500,58348.83
202506,4146152500,56260.41
202307,4146152600,142574.81
202308,4146152600,143486.8
202309,4146152600,162415.56
202310,4146152600,159113.98
202311,4146152600,154462.3
202312,4146152600,147141.06
202401,4146152600,140643.23
202402,4146152600,144284.23
202403,4146152600,158097.1
202404,4146152600,156995.27
202405,4146152600,160544.94
202406,4146152600,141736.94
202407,4146152600,142819.95
202408,4146152600,167267.44
202409,4146152600,163882.34
202410,4146152600,189746.3
202411,4146152600,167100.31
202412,4146152600,156026.78
202501,4146152600,153774.23
202502,4146152600,158614.55
202503,4146152600,167200.31
202504,4146152600,171080.45
202505,4146152600,171187.31
202506,4146152600,163704.86
202307,4146153000,70695.25
202308,4146153000,60154.06
202309,4146153000,63032.6
202310,4146153000,62012.4
202311,4146153000,61347.63
202312,4146153000,59105.06
202401,4146153000,60237.22
202402,4146153000,63194.78
202403,4146153000,69053.9
202404,4146153000,71262.95
202405,4146153000,71743.82
202406,4146153000,68716.31
202407,4146153000,66222.13
202408,4146153000,68751.09
202409,4146153000,81386.37
202410,4146153000,79057.56
202411,4146153000,74340.63
202412,4146153000,73916.83
202501,4146153000,76471.82
202502,4146153000,69972.24
202503,4146153000,76117.15
202504,4146153000,73700.12
202505,4146153000,73716.79
202506,4146153000,74208.33
202307,4146154000,41633.51
202308,4146154000,42926.29
202309,4146154000,46265.65
202310,4146154000,44780.24
202311,4146154000,43145.3
202312,4146154000,39378.96
202401,4146154000,39378.83
202402,4146154000,42516.29
202403,4146154000,46346.94
202404,4146154000,46912.9
202405,4146154000,46924.95
202406,4146154000,44309.71
202407,4146154000,42157.24
202408,4146154000,46416.91
202409,4146154000,46814.58
202410,4146154000,45676.9
202411,4146154000,40676.86
202412,4146154000,32576.25
202501,4146154000,37096.55
202502,4146154000,34209.0
202503,4146154000,38909.06
202504,4146154000,39159.76
202505,4146154000,36897.58
202506,4146154000,39289.97
202307,4146351000,592931.94
202308,4146351000,575707.4
202309,4146351000,575619.0
202310,4146351000,582457.9
202311,4146351000,564884.7
202312,4146351000,563974.9
202401,4146351000,545800.6
202402,4146351000,531393.3
202403,4146351000,574661.25
202404,4146351000,574249.5
202405,4146351000,579928.44
202406,4146351000,554248.5
202407,4146351000,560975.3
202408,4146351000,554174.2
202409,4146351000,658835.4
202410,4146351000,572321.9
202411,4146351000,554729.9
202412,4146351000,558663.1
202501,4146351000,577055.0
202502,4146351000,533435.2
202503,4146351000,568588.75
202504,4146351000,557543.2
202505,4146351000,568144.1
202506,4146351000,551041.25
202307,4146351600,766690.44
202308,4146351600,739842.75
202309,4146351600,745409.56
202310,4146351600,747875.75
202311,4146351600,782798.2
202312,4146351600,779844.5
202401,4146351600,799123.2
202402,4146351600,786285.6
202403,4146351600,844062.5
202404,4146351600,855290.6
202405,4146351600,827625.5
202406,4146351600,815158.6
202407,4146351600,834452.94
202408,4146351600,825844.75
202409,4146351600,856895.0
202410,4146351600,831002.4
202411,4146351600,811727.5
202412,4146351600,822986.56
202501,4146351600,844331.7
202502,4146351600,813865.6
202503,4146351600,832093.1
202504,4146351600,819359.7
202505,4146351600,796748.06
202506,4146351600,781239.1
202307,4146351700,116123.42
202308,4146351700,104262.41
202309,4146351700,109376.32
202310,4146351700,111155.27
202311,4146351700,107676.86
202312,4146351700,106375.53
202401,4146351700,101426.84
202402,4146351700,96587.91
202403,4146351700,109780.8
202404,4146351700,111826.71
202405,4146351700,109913.87
202406,4146351700,106594.42
202407,4146351700,102569.06
202408,4146351700,98771.68
202409,4146351700,110854.82
202410,4146351700,111215.2
202411,4146351700,105181.5
202412,4146351700,105112.97
202501,4146351700,102262.04
202502,4146351700,99608.85
202503,4146351700,110461.92
202504,4146351700,113543.37
202505,4146351700,107835.72
202506,4146351700,105472.94
202307,4146352000,687929.0
202308,4146352000,659490.7
202309,4146352000,667589.25
202310,4146352000,677862.6
202311,4146352000,660708.0
202312,4146352000,645603.7
202401,4146352000,632547.56
202402,4146352000,610002.25
202403,4146352000,698312.3
202404,4146352000,676039.06
202405,4146352000,705969.5
202406,4146352000,639382.2
202407,4146352000,642190.56
202408,4146352000,643155.0
202409,4146352000,686613.44
202410,4146352000,671194.2
202411,4146352000,655577.44
202412,4146352000,647910.25
202501,4146352000,640424.9
202502,4146352000,617752.44
202503,4146352000,688552.75
202504,4146352000,672890.0
202505,4146352000,682020.06
202506,4146352000,635450.06
202307,4146353000,155902.84
202308,4146353000,148026.45
202309,4146353000,153047.19
202310,4146353000,148934.45
202311,4146353000,148137.89
202312,4146353000,144072.47
202401,4146353000,144742.03
202402,4146353000,133185.4
202403,4146353000,140264.06
202404,4146353000,142729.02
202405,4146353000,146199.06
202406,4146353000,141390.19
202407,4146353000,142184.47
202408,4146353000,136720.17
202409,4146353000,145530.89
202410,4146353000,138779.1
202411,4146353000,133541.84
202412,4146353000,132493.84
202501,4146353000,141833.42
202502,4146353000,132579.56
202503,4146353000,145816.92
202504,4146353000,136904.03
202505,4146353000,136636.94
202506,4146353000,132541.66
202307,4146353500,350597.56
202308,4146353500,348782.06
202309,4146353500,364579.16
202310,4146353500,385753.34
202311,4146353500,340364.25
202312,4146353500,336276.66
202401,4146353500,323549.8
202402,4146353500,324128.38
202403,4146353500,347188.47
202404,4146353500,359969.53
202405,4146353500,361457.34
202406,4146353500,341104.3
202407,4146353500,346862.4
202408,4146353500,349857.7
202409,4146353500,366936.56
202410,4146353500,372445.88
202411,4146353500,342642.12
202412,4146353500,329221.0
202501,4146353500,338186.62
202502,4146353500,304913.94
202503,4146353500,336468.72
202504,4146353500,342276.9
202505,4146353500,355221.38
202506,4146353500,334587.72
202307,4146354000,44634.36
202308,4146354000,40503.65
202309,4146354000,40749.76
202310,4146354000,42183.38
202311,4146354000,40202.6
202312,4146354000,39155.33
202401,4146354000,38538.75
202402,4146354000,37195.57
202403,4146354000,40486.93
202404,4146354000,41726.0
202405,4146354000,41623.22
202406,4146354000,40334.47
202407,4146354000,40932.63
202408,4146354000,40460.01
202409,4146354000,42901.75
202410,4146354000,42888.75
202411,4146354000,41076.88
202412,4146354000,40395.16
202501,4146354000,42551.69
202502,4146354000,39889.61
202503,4146354000,42269.08
202504,4146354000,40512.17
202505,4146354000,42144.68
202506,4146354000,39996.43
202307,4146355000,394457.94
202308,4146355000,407961.28
202309,4146355000,432697.34
202310,4146355000,429825.9
202311,4146355000,453776.47
202312,4146355000,425004.28
202401,4146355000,442881.8
202402,4146355000,401709.2
202403,4146355000,532032.3
202404,4146355000,509859.56
202405,4146355000,511117.22
202406,4146355000,499895.3
202407,4146355000,486629.56
202408,4146355000,456667.8
202409,4146355000,493293.06
202410,4146355000,479644.78
202411,4146355000,460574.56
202412,4146355000,438803.22
202501,4146355000,401782.53
202502,4146355000,415465.75
202503,4146355000,480154.9
202504,4146355000,451330.84
202505,4146355000,412624.3
202506,4146355000,393919.06
202307,4146356000,542953.94
202308,4146356000,515881.4
202309,4146356000,529834.94
202310,4146356000,529981.94
202311,4146356000,522698.97
202312,4146356000,524512.4
202401,4146356000,509105.34
202402,4146356000,490043.25
202403,4146356000,529809.8
202404,4146356000,519379.97
202405,4146356000,528369.44
202406,4146356000,518540.94
202407,4146356000,537827.0
202408,4146356000,524452.6
202409,4146356000,529961.56
202410,4146356000,519976.97
202411,4146356000,512453.9
202412,4146356000,503369.7
202501,4146356000,520401.6
202502,4146356000,480581.34
202503,4146356000,546193.94
202504,4146356000,519173.62
202505,4146356000,535675.56
202506,4146356000,511833.66
202307,4146357000,629056.5
202308,4146357000,601515.06
202309,4146357000,610833.5
202310,4146357000,607360.56
202311,4146357000,598557.1
202312,4146357000,582949.0
202401,4146357000,577005.4
202402,4146357000,574836.6
202403,4146357000,598550.0
202404,4146357000,601336.2
202405,4146357000,649043.1
202406,4146357000,616747.3
202407,4146357000,641283.5
202408,4146357000,598103.25
202409,4146357000,655811.44
202410,4146357000,631459.3
202411,4146357000,619120.0
202412,4146357000,614389.56
202501,4146357000,629838.4
202502,4146357000,582463.4
202503,4146357000,636588.56
202504,4146357000,631527.7
202505,4146357000,623096.25
202506,4146357000,615335.8
202307,4146357200,88025.25
202308,4146357200,74852.3
202309,4146357200,78372.79
202310,4146357200,80098.85
202311,4146357200,76758.63
202312,4146357200,76429.7
202401,4146357200,70924.81
202402,4146357200,72281.21
202403,4146357200,78786.33
202404,4146357200,92916.18
202405,4146357200,88676.38
202406,4146357200,81169.59
202407,4146357200,78849.74
202408,4146357200,74880.88
202409,4146357200,89721.16
202410,4146357200,82199.09
202411,4146357200,79138.43
202412,4146357200,79871.97
202501,4146357200,79802.15
202502,4146357200,70349.12
202503,4146357200,79049.44
202504,4146357200,87536.98
202505,4146357200,87892.13
202506,4146357200,82895.39
202307,4146357500,838611.6
202308,4146357500,828739.75
202309,4146357500,769654.2
202310,4146357500,790958.56
202311,4146357500,752334.25
202312,4146357500,779002.56
202401,4146357500,778982.1
202402,4146357500,745295.0
202403,4146357500,794453.0
202404,4146357500,777095.06
202405,4146357500,844469.44
202406,4146357500,732988.3
202407,4146357500,752873.56
202408,4146357500,746176.75
202409,4146357500,767152.4
202410,4146357500,781186.06
202411,4146357500,731272.2
202412,4146357500,721795.7
202501,4146357500,779248.8
202502,4146357500,704483.9
202503,4146357500,726613.8
202504,4146357500,719744.6
202505,4146357500,707771.6
202506,4146357500,681847.0
202307,4146357700,269148.47
202308,4146357700,269144.22
202309,4146357700,277331.12
202310,4146357700,282146.62
202311,4146357700,268391.56
202312,4146357700,278780.3
202401,4146357700,273182.56
202402,4146357700,290251.62
202403,4146357700,291787.9
202404,4146357700,300419.44
202405,4146357700,278463.72
202406,4146357700,286367.9
202407,4146357700,298495.03
202408,4146357700,283786.12
202409,4146357700,294902.62
202410,4146357700,278756.56
202411,4146357700,272692.8
202412,4146357700,280315.5
202501,4146357700,295659.4
202502,4146357700,276808.47
202503,4146357700,281432.7
202504,4146357700,276757.97
202505,4146357700,276029.34
202506,4146357700,264278.66
202307,4146358600,316009.8
202308,4146358600,307098.25
202309,4146358600,310266.5
202310,4146358600,309826.53
202311,4146358600,297045.7
202312,4146358600,307983.9
202401,4146358600,300886.9
202402,4146358600,288759.25
202403,4146358600,293992.1
202404,4146358600,298335.12
202405,4146358600,307085.0
202406,4146358600,291286.6
202407,4146358600,303072.12
202408,4146358600,298088.7
202409,4146358600,318859.06
202410,4146358600,305463.88
202411,4146358600,293849.44
202412,4146358600,296759.94
202501,4146358600,313894.94
202502,4146358600,281215.1
202503,4146358600,293704.7
202504,4146358600,288503.6
202505,4146358600,298450.56
202506,4146358600,288921.2
202307,4146359000,817363.2
202308,4146359000,801285.6
202309,4146359000,787753.25
202310,4146359000,798404.5
202311,4146359000,809626.94
202312,4146359000,815819.8
202401,4146359000,797978.0
202402,4146359000,772335.3
202403,4146359000,830245.5
202404,4146359000,814115.6
202405,4146359000,812444.8
202406,4146359000,787579.3
202407,4146359000,759809.6
202408,4146359000,762036.7
202409,4146359000,824328.25
202410,4146359000,794447.6
202411,4146359000,771199.6
202412,4146359000,763080.56
202501,4146359000,779458.06
202502,4146359000,772750.2
202503,4146359000,799862.94
202504,4146359000,778811.06
202505,4146359000,781429.3
202506,4146359000,762887.2
202307,4146551000,330190.03
202308,4146551000,343390.84
202309,4146551000,343869.94
202310,4146551000,341678.62
202311,4146551000,327586.1
202312,4146551000,338320.06
202401,4146551000,341528.12
202402,4146551000,329965.4
202403,4146551000,353660.75
202404,4146551000,356450.88
202405,4146551000,357292.7
202406,4146551000,355451.88
202407,4146551000,357728.8
202408,4146551000,358766.47
202409,4146551000,359550.72
202410,4146551000,361778.7
202411,4146551000,342775.97
202412,4146551000,346782.78
202501,4146551000,376598.38
202502,4146551000,333642.88
202503,4146551000,344280.47
202504,4146551000,334308.12
202505,4146551000,343015.94
202506,4146551000,340227.12
202307,4146552000,665060.25
202308,4146552000,665875.5
202309,4146552000,652612.9
202310,4146552000,672906.44
202311,4146552000,649946.5
202312,4146552000,643760.94
202401,4146552000,648743.7
202402,4146552000,601681.25
202403,4146552000,655277.8
202404,4146552000,642873.06
202405,4146552000,654883.1
202406,4146552000,618889.7
202407,4146552000,642091.5
202408,4146552000,611887.3
202409,4146552000,655714.25
202410,4146552000,660014.4
202411,4146552000,652378.9
202412,4146552000,637510.75
202501,4146552000,659341.5
202502,4146552000,622129.06
202503,4146552000,659179.75
202504,4146552000,650685.3
202505,4146552000,640582.1
202506,4146552000,647855.6
202307,4146553000,668586.2
202308,4146553000,622120.06
202309,4146553000,622037.0
202310,4146553000,623355.2
202311,4146553000,596156.25
202312,4146553000,613377.94
202401,4146553000,571583.3
202402,4146553000,571718.2
202403,4146553000,608509.2
202404,4146553000,612472.94
202405,4146553000,625003.7
202406,4146553000,601302.0
202407,4146553000,650679.1
202408,4146553000,633251.5
202409,4146553000,648517.2
202410,4146553000,618984.06
202411,4146553000,611264.0
202412,4146553000,615624.94
202501,4146553000,625219.6
202502,4146553000,565125.56
202503,4146553000,626450.2
202504,4146553000,620525.9
202505,4146553000,635660.56
202506,4146553000,628203.06
202307,4146554000,70747.33
202308,4146554000,66664.14
202309,4146554000,65534.89
202310,4146554000,70602.23
202311,4146554000,68584.04
202312,4146554000,72163.08
202401,4146554000,67607.06
202402,4146554000,65366.73
202403,4146554000,70624.66
202404,4146554000,69264.42
202405,4146554000,70029.63
202406,4146554000,70280.09
202407,4146554000,69410.11
202408,4146554000,69312.29
202409,4146554000,72764.09
202410,4146554000,69939.79
202411,4146554000,68292.44
202412,4146554000,70721.16
202501,4146554000,72887.41
202502,4146554000,65988.08
202503,4146554000,73204.05
202504,4146554000,70724.78
202505,4146554000,71491.78
202506,4146554000,69862.46
202307,4146555000,427576.4
202308,4146555000,454991.44
202309,4146555000,446985.28
202310,4146555000,442037.5
202311,4146555000,430640.12
202312,4146555000,440662.1
202401,4146555000,396004.2
202402,4146555000,382620.84
202403,4146555000,428431.12
202404,4146555000,438115.97
202405,4146555000,444660.1
202406,4146555000,403114.53
202407,4146555000,418057.94
202408,4146555000,394563.1
202409,4146555000,445236.88
202410,4146555000,426860.44
202411,4146555000,412252.56
202412,4146555000,421397.28
202501,4146555000,427506.1
202502,4146555000,399915.97
202503,4146555000,433887.1
202504,4146555000,414302.5
202505,4146555000,431749.3
202506,4146555000,408815.3
202307,4146555500,414545.75
202308,4146555500,445455.6
202309,4146555500,495997.12
202310,4146555500,519029.84
202311,4146555500,506030.34
202312,4146555500,461880.06
202401,4146555500,396302.66
202402,4146555500,392374.97
202403,4146555500,544677.44
202404,4146555500,519261.44
202405,4146555500,521658.47
202406,4146555500,469582.88
202407,4146555500,432780.66
202408,4146555500,413160.12
202409,4146555500,545355.56
202410,4146555500,498220.03
202411,4146555500,471525.12
202412,4146555500,454446.88
202501,4146555500,409300.94
202502,4146555500,400930.72
202503,4146555500,553633.3
202504,4146555500,499208.4
202505,4146555500,501191.06
202506,4146555500,464462.38
202307,4146556000,258788.52
202308,4146556000,255899.36
202309,4146556000,241637.94
202310,4146556000,247642.64
202311,4146556000,237578.38
202312,4146556000,245499.27
202401,4146556000,233479.03
202402,4146556000,224580.02
202403,4146556000,241998.34
202404,4146556000,239434.7
202405,4146556000,244321.95
202406,4146556000,230084.3
202407,4146556000,246761.6
202408,4146556000,243128.47
202409,4146556000,247284.73
202410,4146556000,238777.45
202411,4146556000,228358.75
202412,4146556000,232131.34
202501,4146556000,242122.95
202502,4146556000,225892.64
202503,4146556000,242313.16
202504,4146556000,233439.48
202505,4146556000,237400.83
202506,4146556000,230616.92
202307,4146557000,395738.97
202308,4146557000,385637.2
202309,4146557000,396092.12
202310,4146557000,409634.28
202311,4146557000,394785.06
202312,4146557000,424672.06
202401,4146557000,399171.8
202402,4146557000,404460.88
202403,4146557000,411014.22
202404,4146557000,426386.72
202405,4146557000,415527.3
202406,4146557000,380352.4
202407,4146557000,422525.34
202408,4146557000,379536.22
202409,4146557000,422887.47
202410,4146557000,409485.97
202411,4146557000,402198.9
202412,4146557000,421070.12
202501,4146557000,443136.44
202502,4146557000,407663.5
202503,4146557000,422531.84
202504,4146557000,403506.75
202505,4146557000,386259.25
202506,4146557000,378141.9
202307,4146558000,433507.75
202308,4146558000,422270.9
202309,4146558000,423671.47
202310,4146558000,434431.06
202311,4146558000,418673.84
202312,4146558000,430451.6
202401,4146558000,421139.7
202402,4146558000,407648.16
202403,4146558000,420539.34
202404,4146558000,412973.72
202405,4146558000,429523.16
202406,4146558000,406530.62
202407,4146558000,412410.53
202408,4146558000,416436.0
202409,4146558000,426373.6
202410,4146558000,409593.8
202411,4146558000,396735.97
202412,4146558000,401563.4
202501,4146558000,421032.7
202502,4146558000,385154.56
202503,4146558000,403817.16
202504,4146558000,395735.47
202505,4146558000,409829.6
202506,4146558000,407264.56
202307,4146558500,472650.34
202308,4146558500,471375.47
202309,4146558500,462900.47
202310,4146558500,475582.1
202311,4146558500,468142.2
202312,4146558500,467022.97
202401,4146558500,466480.62
202402,4146558500,451016.03
202403,4146558500,478202.8
202404,4146558500,493977.75
202405,4146558500,470293.94
202406,4146558500,480310.34
202407,4146558500,486098.12
202408,4146558500,479354.1
202409,4146558500,469034.78
202410,4146558500,460180.34
202411,4146558500,445953.62
202412,4146558500,449044.88
202501,4146558500,464344.1
202502,4146558500,450712.88
202503,4146558500,463675.2
202504,4146558500,460739.78
202505,4146558500,456097.1
202506,4146558500,459346.22
202307,4146559000,785910.75
202308,4146559000,747686.2
202309,4146559000,720076.44
202310,4146559000,740605.9
202311,4146559000,717789.25
202312,4146559000,760872.8
202401,4146559000,721727.44
202402,4146559000,726677.56
202403,4146559000,738694.3
202404,4146559000,711835.6
202405,4146559000,724094.8
202406,4146559000,692083.9
202407,4146559000,793721.0
202408,4146559000,695927.25
202409,4146559000,745162.4
202410,4146559000,720866.4
202411,4146559000,699036.6
202412,4146559000,713351.8
202501,4146559000,735017.8
202502,4146559000,659925.3
202503,4146559000,702084.3
202504,4146559000,674769.1
202505,4146559000,704214.3
202506,4146559000,683748.5
202307,4148025000,55035.06
202308,4148025000,56241.84
202309,4148025000,56596.82
202310,4148025000,63293.76
202311,4148025000,64659.83
202312,4148025000,55605.05
202401,4148025000,52496.3
202402,4148025000,54906.13
202403,4148025000,63724.76
202404,4148025000,63136.4
202405,4148025000,66399.2
202406,4148025000,63476.59
202407,4148025000,69199.73
202408,4148025000,66245.01
202409,4148025000,75250.2
202410,4148025000,69559.0
202411,4148025000,63702.74
202412,4148025000,59139.4
202501,4148025000,66792.84
202502,4148025000,61844.27
202503,4148025000,64937.2
202504,4148025000,64885.88
202505,4148025000,68879.87
202506,4148025000,65789.26
202307,4148025300,8869.5
202308,4148025300,8894.68
202309,4148025300,9373.48
202310,4148025300,10374.19
202311,4148025300,10754.65
202312,4148025300,9554.18
202401,4148025300,9550.47
202402,4148025300,9546.37
202403,4148025300,11295.27
202404,4148025300,11066.27
202405,4148025300,11599.46
202406,4148025300,10552.7
202407,4148025300,10990.06
202408,4148025300,10543.32
202409,4148025300,11736.86
202410,4148025300,10472.99
202411,4148025300,10326.38
202412,4148025300,9619.08
202501,4148025300,10818.84
202502,4148025300,10067.23
202503,4148025300,10160.24
202504,4148025300,10552.68
202505,4148025300,10580.57
202506,4148025300,9734.28
202307,4148025600,951.39
202308,4148025600,943.74
202309,4148025600,1011.24
202310,4148025600,1162.48
202311,4148025600,1099.04
202312,4148025600,942.89
202401,4148025600,910.2
202402,4148025600,903.31
202403,4148025600,1159.97
202404,4148025600,1165.53
202405,4148025600,1255.44
202406,4148025600,1175.42
202407,4148025600,1163.71
202408,4148025600,1156.4
202409,4148025600,1367.81
202410,4148025600,1145.49
202411,4148025600,1099.47
202412,4148025600,952.89
202501,4148025600,1186.08
202502,4148025600,1066.91
202503,4148025600,1021.49
202504,4148025600,1066.78
202505,4148025600,1112.91
202506,4148025600,931.87
202307,4148026200,26467.64
202308,4148026200,26260.55
202309,4148026200,28099.47
202310,4148026200,30655.13
202311,4148026200,33050.42
202312,4148026200,28553.27
202401,4148026200,27299.49
202402,4148026200,26702.26
202403,4148026200,30469.96
202404,4148026200,30827.04
202405,4148026200,31787.41
202406,4148026200,31155.42
202407,4148026200,32192.53
202408,4148026200,29752.37
202409,4148026200,32632.18
202410,4148026200,28533.22
202411,4148026200,27182.52
202412,4148026200,23850.09
202501,4148026200,28002.66
202502,4148026200,25922.73
202503,4148026200,28087.96
202504,4148026200,29719.55
202505,4148026200,30891.02
202506,4148026200,30021.57
202307,4148031000,7441.26
202308,4148031000,7632.77
202309,4148031000,7332.75
202310,4148031000,8597.35
202311,4148031000,9257.41
202312,4148031000,6739.8
202401,4148031000,6659.32
202402,4148031000,6360.65
202403,4148031000,8326.36
202404,4148031000,8374.38
202405,4148031000,8840.64
202406,4148031000,8066.94
202407,4148031000,8554.25
202408,4148031000,8206.48
202409,4148031000,9213.05
202410,4148031000,8387.83
202411,4148031000,8176.3
202412,4148031000,6874.28
202501,4148031000,7656.56
202502,4148031000,8429.66
202503,4148031000,8183.68
202504,4148031000,8994.7
202505,4148031000,8402.74
202506,4148031000,7735.22
202307,4148032000,19365.99
202308,4148032000,20157.22
202309,4148032000,20402.89
202310,4148032000,24307.03
202311,4148032000,21491.1
202312,4148032000,17951.28
202401,4148032000,17396.96
202402,4148032000,19135.69
202403,4148032000,21547.42
202404,4148032000,20697.6
202405,4148032000,22745.65
202406,4148032000,21122.88
202407,4148032000,20491.14
202408,4148032000,21313.44
202409,4148032000,24541.22
202410,4148032000,22151.1
202411,4148032000,18198.78
202412,4148032000,15128.95
202501,4148032000,17756.54
202502,4148032000,18703.62
202503,4148032000,20599.8
202504,4148032000,20392.44
202505,4148032000,23328.66
202506,4148032000,20880.04
202307,4148035000,1991.72
202308,4148035000,1868.56
202309,4148035000,2229.31
202310,4148035000,2499.56
202311,4148035000,2261.48
202312,4148035000,1696.52
202401,4148035000,1720.42
202402,4148035000,1916.85
202403,4148035000,2344.52
202404,4148035000,2474.73
202405,4148035000,2579.48
202406,4148035000,2333.5
202407,4148035000,2274.68
202408,4148035000,2264.44
202409,4148035000,2747.34
202410,4148035000,2445.13
202411,4148035000,2226.19
202412,4148035000,1740.86
202501,4148035000,2035.81
202502,4148035000,2006.22
202503,4148035000,2147.31
202504,4148035000,2444.51
202505,4148035000,2580.1
202506,4148035000,2098.47
202307,4148036000,172.61
202308,4148036000,162.66
202309,4148036000,184.04
202310,4148036000,209.91
202311,4148036000,176.78
202312,4148036000,146.33
202401,4148036000,139.76
202402,4148036000,138.95
202403,4148036000,176.88
202404,4148036000,188.19
202405,4148036000,185.08
202406,4148036000,175.02
202407,4148036000,156.71
202408,4148036000,161.49
202409,4148036000,229.63
202410,4148036000,183.94
202411,4148036000,162.64
202412,4148036000,133.28
202501,4148036000,199.79
202502,4148036000,166.63
202503,4148036000,140.13
202504,4148036000,171.73
202505,4148036000,183.96
202506,4148036000,158.94
202307,4148037000,267.49
202308,4148037000,292.23
202309,4148037000,291.78
202310,4148037000,310.25
202311,4148037000,303.13
202312,4148037000,250.97
202401,4148037000,237.57
202402,4148037000,249.05
202403,4148037000,279.2
202404,4148037000,297.77
202405,4148037000,329.37
202406,4148037000,306.57
202407,4148037000,280.46
202408,4148037000,295.88
202409,4148037000,386.44
202410,4148037000,288.31
202411,4148037000,273.16
202412,4148037000,214.56
202501,4148037000,293.83
202502,4148037000,280.19
202503,4148037000,238.55
202504,4148037000,278.46
202505,4148037000,323.9
202506,4148037000,278.68
202307,4148051000,122385.02
202308,4148051000,116051.23
202309,4148051000,117544.67
202310,4148051000,117710.3
202311,4148051000,118049.19
202312,4148051000,112463.43
202401,4148051000,122105.62
202402,4148051000,115252.65
202403,4148051000,124072.14
202404,4148051000,115278.95
202405,4148051000,118056.69
202406,4148051000,114555.57
202407,4148051000,118279.79
202408,4148051000,111310.7
202409,4148051000,121549.2
202410,4148051000,118980.79
202411,4148051000,122934.81
202412,4148051000,119259.15
202501,4148051000,125228.09
202502,4148051000,117685.41
202503,4148051000,118994.65
202504,4148051000,116867.56
202505,4148051000,119380.16
202506,4148051000,118233.22
202307,4148052000,108227.88
202308,4148052000,104926.0
202309,4148052000,107622.61
202310,4148052000,108461.96
202311,4148052000,108573.06
202312,4148052000,107135.86
202401,4148052000,110475.25
202402,4148052000,109848.6
202403,4148052000,109792.51
202404,4148052000,111019.02
202405,4148052000,113006.61
202406,4148052000,109455.13
202407,4148052000,110897.65
202408,4148052000,109693.72
202409,4148052000,115125.68
202410,4148052000,111982.76
202411,4148052000,108215.76
202412,4148052000,107061.26
202501,4148052000,111685.13
202502,4148052000,102665.59
202503,4148052000,109812.98
202504,4148052000,108470.15
202505,4148052000,112235.35
202506,4148052000,115921.18
202307,4148053000,24839.26
202308,4148053000,24118.26
202309,4148053000,24750.07
202310,4148053000,24248.01
202311,4148053000,25096.3
202312,4148053000,24033.95
202401,4148053000,23868.35
202402,4148053000,23200.58
202403,4148053000,24554.72
202404,4148053000,24927.8
202405,4148053000,24444.32
202406,4148053000,23921.04
202407,4148053000,26331.52
202408,4148053000,24180.08
202409,4148053000,28071.3
202410,4148053000,24493.91
202411,4148053000,22961.97
202412,4148053000,21730.75
202501,4148053000,24243.9
202502,4148053000,22032.63
202503,4148053000,22865.63
202504,4148053000,22831.68
202505,4148053000,22907.31
202506,4148053000,22422.14
202307,4148054000,46310.51
202308,4148054000,46671.53
202309,4148054000,45170.12
202310,4148054000,47367.33
202311,4148054000,46398.57
202312,4148054000,43142.94
202401,4148054000,41875.94
202402,4148054000,39145.57
202403,4148054000,41845.39
202404,4148054000,40477.34
202405,4148054000,43756.6
202406,4148054000,40417.02
202407,4148054000,42744.38
202408,4148054000,42763.64
202409,4148054000,44334.42
202410,4148054000,43277.39
202411,4148054000,40986.51
202412,4148054000,38240.91
202501,4148054000,39376.46
202502,4148054000,39351.59
202503,4148054000,40215.9
202504,4148054000,39701.11
202505,4148054000,39802.34
202506,4148054000,38528.78
202307,4148055000,114039.08
202308,4148055000,105771.68
202309,4148055000,106879.82
202310,4148055000,121413.86
202311,4148055000,125851.19
202312,4148055000,120377.4
202401,4148055000,126070.98
202402,4148055000,127030.17
202403,4148055000,139853.27
202404,4148055000,128395.13
202405,4148055000,128141.06
202406,4148055000,121804.86
202407,4148055000,144974.84
202408,4148055000,139101.81
202409,4148055000,145489.16
202410,4148055000,140435.77
202411,4148055000,139308.98
202412,4148055000,140113.95
202501,4148055000,143635.88
202502,4148055000,133299.92
202503,4148055000,147965.5
202504,4148055000,141279.94
202505,4148055000,147406.16
202506,4148055000,143750.45
202307,4148056000,392388.9
202308,4148056000,367366.28
202309,4148056000,361808.72
202310,4148056000,341716.2
202311,4148056000,271770.12
202312,4148056000,298773.25
202401,4148056000,319586.6
202402,4148056000,310554.38
202403,4148056000,336164.1
202404,4148056000,301089.5
202405,4148056000,300483.28
202406,4148056000,322557.53
202407,4148056000,381857.1
202408,4148056000,382905.53
202409,4148056000,397189.38
202410,4148056000,377476.8
202411,4148056000,366787.8
202412,4148056000,443129.1
202501,4148056000,449375.84
202502,4148056000,390624.1
202503,4148056000,427864.84
202504,4148056000,418406.3
202505,4148056000,443659.34
202506,4148056000,429990.28
202307,4148057000,376775.8
202308,4148057000,350896.12
202309,4148057000,337931.88
202310,4148057000,366473.5
202311,4148057000,397076.7
202312,4148057000,358493.72
202401,4148057000,365877.94
202402,4148057000,367776.22
202403,4148057000,398666.94
202404,4148057000,368906.97
202405,4148057000,381189.75
202406,4148057000,360942.72
202407,4148057000,378492.9
202408,4148057000,331183.03
202409,4148057000,368341.66
202410,4148057000,353689.44
202411,4148057000,349432.72
202412,4148057000,380350.72
202501,4148057000,361588.4
202502,4148057000,324363.34
202503,4148057000,352106.72
202504,4148057000,341430.62
202505,4148057000,359326.84
202506,4148057000,349928.2
202307,4148058000,85919.11
202308,4148058000,75865.12
202309,4148058000,74703.23
202310,4148058000,75841.94
202311,4148058000,74188.49
202312,4148058000,82342.73
202401,4148058000,74752.57
202402,4148058000,72899.55
202403,4148058000,81945.88
202404,4148058000,75299.67
202405,4148058000,78194.66
202406,4148058000,73156.64
202407,4148058000,81115.09
202408,4148058000,81181.79
202409,4148058000,83801.27
202410,4148058000,80043.66
202411,4148058000,76284.95
202412,4148058000,77976.25
202501,4148058000,82530.65
202502,4148058000,73439.97
202503,4148058000,77831.03
202504,4148058000,74607.82
202505,4148058000,76355.92
202506,4148058000,73717.91
202307,4148059000,63271.09
202308,4148059000,60264.37
202309,4148059000,59537.64
202310,4148059000,60172.66
202311,4148059000,55737.4
202312,4148059000,57456.76
202401,4148059000,60394.36
202402,4148059000,58974.63
202403,4148059000,61717.34
202404,4148059000,64197.48
202405,4148059000,63657.3
202406,4148059000,61324.41
202407,4148059000,69588.75
202408,4148059000,69157.36
202409,4148059000,70897.74
202410,4148059000,71341.73
202411,4148059000,70122.08
202412,4148059000,69632.0
202501,4148059000,80618.16
202502,4148059000,78390.67
202503,4148059000,81029.48
202504,4148059000,80297.91
202505,4148059000,85238.1
202506,4148059000,86255.04
202307,4148060000,420.01
202308,4148060000,425.62
202309,4148060000,543.15
202310,4148060000,528.59
202311,4148060000,557.63
202312,4148060000,548.01
202401,4148060000,761.36
202402,4148060000,831.72
202403,4148060000,683.52
202404,4148060000,637.41
202405,4148060000,657.04
202406,4148060000,626.57
202407,4148060000,946.88
202408,4148060000,876.7
202409,4148060000,840.81
202410,4148060000,784.07
202411,4148060000,787.39
202412,4148060000,973.13
202501,4148060000,1093.36
202502,4148060000,1068.22
202503,4148060000,1051.11
202504,4148060000,1009.26
202505,4148060000,1084.85
202506,4148060000,1048.87
202307,4150025000,4846.84
202308,4150025000,4670.8
202309,4150025000,5171.55
202310,4150025000,5386.52
202311,4150025000,5535.56
202312,4150025000,5177.62
202401,4150025000,4810.17
202402,4150025000,4844.02
202403,4150025000,5850.68
202404,4150025000,5794.45
202405,4150025000,6118.31
202406,4150025000,5610.01
202407,4150025000,5643.79
202408,4150025000,5484.07
202409,4150025000,6647.18
202410,4150025000,5146.44
202411,4150025000,5077.71
202412,4150025000,4874.82
202501,4150025000,5761.9
202502,4150025000,5301.33
202503,4150025000,5555.04
202504,4150025000,5748.31
202505,4150025000,5774.49
202506,4150025000,5467.84
202307,4150025300,40244.47
202308,4150025300,38687.95
202309,4150025300,39344.21
202310,4150025300,44912.66
202311,4150025300,48362.02
202312,4150025300,46395.87
202401,4150025300,46029.6
202402,4150025300,41443.45
202403,4150025300,47405.04
202404,4150025300,48168.84
202405,4150025300,48609.66
202406,4150025300,46174.72
202407,4150025300,49736.21
202408,4150025300,48278.82
202409,4150025300,50596.32
202410,4150025300,48034.69
202411,4150025300,45234.6
202412,4150025300,45035.94
202501,4150025300,49429.52
202502,4150025300,51273.97
202503,4150025300,49805.54
202504,4150025300,50340.36
202505,4150025300,48297.77
202506,4150025300,47592.04
202307,4150031000,7335.58
202308,4150031000,7592.76
202309,4150031000,7772.25
202310,4150031000,8486.38
202311,4150031000,8338.13
202312,4150031000,7725.76
202401,4150031000,7453.91
202402,4150031000,7447.02
202403,4150031000,8789.16
202404,4150031000,8878.72
202405,4150031000,8704.97
202406,4150031000,8086.79
202407,4150031000,8179.75
202408,4150031000,8386.83
202409,4150031000,9173.18
202410,4150031000,8404.43
202411,4150031000,8177.22
202412,4150031000,7397.95
202501,4150031000,8258.91
202502,4150031000,7928.36
202503,4150031000,8722.95
202504,4150031000,8460.97
202505,4150031000,8224.79
202506,4150031000,7287.01
202307,4150032000,7054.96
202308,4150032000,7175.02
202309,4150032000,7852.87
202310,4150032000,8108.28
202311,4150032000,8390.44
202312,4150032000,7872.65
202401,4150032000,7508.86
202402,4150032000,7221.03
202403,4150032000,8616.14
202404,4150032000,8289.0
202405,4150032000,8567.2
202406,4150032000,7880.71
202407,4150032000,8294.39
202408,4150032000,7934.41
202409,4150032000,8751.11
202410,4150032000,7772.67
202411,4150032000,7710.52
202412,4150032000,7832.34
202501,4150032000,9366.91
202502,4150032000,8889.09
202503,4150032000,8902.1
202504,4150032000,8875.75
202505,4150032000,8636.89
202506,4150032000,8139.31
202307,4150033000,5862.49
202308,4150033000,5781.36
202309,4150033000,6747.4
202310,4150033000,7708.55
202311,4150033000,7867.04
202312,4150033000,7019.79
202401,4150033000,7043.36
202402,4150033000,6711.27
202403,4150033000,7207.83
202404,4150033000,7547.59
202405,4150033000,7856.11
202406,4150033000,7309.95
202407,4150033000,7015.62
202408,4150033000,7310.24
202409,4150033000,7834.6
202410,4150033000,7077.41
202411,4150033000,6650.46
202412,4150033000,6057.2
202501,4150033000,6860.88
202502,4150033000,6974.31
202503,4150033000,7255.35
202504,4150033000,6901.19
202505,4150033000,6967.91
202506,4150033000,6277.62
202307,4150034000,24516.23
202308,4150034000,24936.38
202309,4150034000,26775.31
202310,4150034000,29463.6
202311,4150034000,29374.01
202312,4150034000,29818.12
202401,4150034000,29619.68
202402,4150034000,26635.2
202403,4150034000,31030.48
202404,4150034000,28334.54
202405,4150034000,28465.37
202406,4150034000,27539.58
202407,4150034000,27483.57
202408,4150034000,29059.12
202409,4150034000,30957.78
202410,4150034000,27783.48
202411,4150034000,26339.21
202412,4150034000,26519.48
202501,4150034000,30948.08
202502,4150034000,30268.5
202503,4150034000,30618.94
202504,4150034000,28787.07
202505,4150034000,28093.08
202506,4150034000,25718.03
202307,4150035000,9845.57
202308,4150035000,9816.68
202309,4150035000,9864.37
202310,4150035000,10905.26
202311,4150035000,11965.81
202312,4150035000,11164.13
202401,4150035000,11231.65
202402,4150035000,10331.92
202403,4150035000,11766.86
202404,4150035000,11798.2
202405,4150035000,11777.98
202406,4150035000,11380.93
202407,4150035000,11806.05
202408,4150035000,11369.05
202409,4150035000,12170.42
202410,4150035000,11111.37
202411,4150035000,11009.63
202412,4150035000,10874.19
202501,4150035000,12895.6
202502,4150035000,12830.65
202503,4150035000,11975.24
202504,4150035000,12832.84
202505,4150035000,12185.75
202506,4150035000,11683.21
202307,4150036000,1991.68
202308,4150036000,1996.6
202309,4150036000,2125.63
202310,4150036000,2522.44
202311,4150036000,2568.11
202312,4150036000,2125.24
202401,4150036000,1849.45
202402,4150036000,1992.08
202403,4150036000,2149.85
202404,4150036000,2379.03
202405,4150036000,2436.55
202406,4150036000,2242.72
202407,4150036000,2108.74
202408,4150036000,2253.48
202409,4150036000,2414.13
202410,4150036000,2438.1
202411,4150036000,2173.79
202412,4150036000,1872.22
202501,4150036000,2116.01
202502,4150036000,2001.01
202503,4150036000,2180.78
202504,4150036000,2256.97
202505,4150036000,2436.36
202506,4150036000,2256.74
202307,4150037000,488.66
202308,4150037000,433.04
202309,4150037000,539.93
202310,4150037000,557.48
202311,4150037000,535.18
202312,4150037000,456.47
202401,4150037000,447.32
202402,4150037000,490.77
202403,4150037000,521.35
202404,4150037000,548.37
202405,4150037000,564.67
202406,4150037000,527.38
202407,4150037000,506.59
202408,4150037000,506.58
202409,4150037000,636.11
202410,4150037000,492.56
202411,4150037000,441.29
202412,4150037000,368.43
202501,4150037000,530.07
202502,4150037000,472.52
202503,4150037000,521.28
202504,4150037000,557.26
202505,4150037000,582.62
202506,4150037000,540.8
202307,4150038000,27.32
202308,4150038000,25.61
202309,4150038000,31.98
202310,4150038000,33.37
202311,4150038000,33.62
202312,4150038000,25.28
202401,4150038000,22.23
202402,4150038000,25.1
202403,4150038000,30.83
202404,4150038000,32.81
202405,4150038000,33.84
202406,4150038000,31.1
202407,4150038000,29.37
202408,4150038000,30.69
202409,4150038000,34.56
202410,4150038000,31.2
202411,4150038000,28.69
202412,4150038000,22.23
202501,4150038000,27.18
202502,4150038000,23.01
202503,4150038000,29.67
202504,4150038000,31.7
202505,4150038000,35.36
202506,4150038000,29.75
202307,4150051000,180690.69
202308,4150051000,172748.97
202309,4150051000,167545.67
202310,4150051000,171929.44
202311,4150051000,173863.12
202312,4150051000,183224.02
202401,4150051000,180724.19
202402,4150051000,189531.58
202403,4150051000,186232.19
202404,4150051000,183486.12
202405,4150051000,189273.77
202406,4150051000,180988.2
202407,4150051000,190275.1
202408,4150051000,183202.4
202409,4150051000,192525.23
202410,4150051000,182535.2
202411,4150051000,180761.81
202412,4150051000,184577.95
202501,4150051000,195329.08
202502,4150051000,176859.08
202503,4150051000,182067.69
202504,4150051000,172135.66
202505,4150051000,176514.81
202506,4150051000,172952.1
202307,4150051500,104006.07
202308,4150051500,96092.45
202309,4150051500,95701.87
202310,4150051500,97752.72
202311,4150051500,98239.96
202312,4150051500,97854.48
202401,4150051500,93085.48
202402,4150051500,92552.82
202403,4150051500,100022.81
202404,4150051500,102734.99
202405,4150051500,99519.97
202406,4150051500,91351.1
202407,4150051500,96112.84
202408,4150051500,94170.63
202409,4150051500,100678.83
202410,4150051500,94787.57
202411,4150051500,92204.77
202412,4150051500,94489.26
202501,4150051500,97856.94
202502,4150051500,87367.51
202503,4150051500,95448.51
202504,4150051500,94177.16
202505,4150051500,96667.92
202506,4150051500,92369.01
202307,4150052000,41564.32
202308,4150052000,40097.39
202309,4150052000,38117.67
202310,4150052000,39749.81
202311,4150052000,39418.24
202312,4150052000,39041.99
202401,4150052000,37063.85
202402,4150052000,35914.89
202403,4150052000,38561.58
202404,4150052000,37654.73
202405,4150052000,36965.47
202406,4150052000,35473.61
202407,4150052000,36620.4
202408,4150052000,34225.77
202409,4150052000,36993.06
202410,4150052000,37760.91
202411,4150052000,35764.48
202412,4150052000,35092.2
202501,4150052000,37974.37
202502,4150052000,36572.16
202503,4150052000,36047.37
202504,4150052000,36007.45
202505,4150052000,36751.87
202506,4150052000,35569.06
202307,4150053000,29161.69
202308,4150053000,28664.12
202309,4150053000,29031.67
202310,4150053000,30283.77
202311,4150053000,29205.86
202312,4150053000,28283.21
202401,4150053000,27795.16
202402,4150053000,24713.12
202403,4150053000,29002.45
202404,4150053000,29529.04
202405,4150053000,35791.69
202406,4150053000,32019.54
202407,4150053000,31134.11
202408,4150053000,30656.52
202409,4150053000,33288.06
202410,4150053000,33027.69
202411,4150053000,29694.45
202412,4150053000,31475.23
202501,4150053000,33426.37
202502,4150053000,30594.19
202503,4150053000,33459.7
202504,4150053000,34411.05
202505,4150053000,35239.65
202506,4150053000,33176.79
202307,4155025000,93195.89
202308,4155025000,90339.19
202309,4155025000,91821.29
202310,4155025000,102781.83
202311,4155025000,100372.64
202312,4155025000,100025.7
202401,4155025000,98484.08
202402,4155025000,97083.3
202403,4155025000,108996.34
202404,4155025000,105682.27
202405,4155025000,111226.17
202406,4155025000,105442.3
202407,4155025000,106539.0
202408,4155025000,106841.24
202409,4155025000,113692.78
202410,4155025000,110142.69
202411,4155025000,104226.52
202412,4155025000,103485.43
202501,4155025000,113797.89
202502,4155025000,104703.81
202503,4155025000,113337.8
202504,4155025000,104432.37
202505,4155025000,108057.55
202506,4155025000,106415.06
202307,4155031000,1987.3
202308,4155031000,1884.45
202309,4155031000,2063.63
202310,4155031000,2923.96
202311,4155031000,2220.51
202312,4155031000,1576.11
202401,4155031000,1428.35
202402,4155031000,1700.26
202403,4155031000,2154.53
202404,4155031000,2533.49
202405,4155031000,2631.23
202406,4155031000,2305.68
202407,4155031000,2307.95
202408,4155031000,1926.43
202409,4155031000,2632.52
202410,4155031000,3098.2
202411,4155031000,2097.09
202412,4155031000,1369.45
202501,4155031000,1920.34
202502,4155031000,1743.96
202503,4155031000,1952.43
202504,4155031000,2507.93
202505,4155031000,2803.22
202506,4155031000,2410.06
202307,4155032000,628.91
202308,4155032000,626.5
202309,4155032000,685.34
202310,4155032000,725.27
202311,4155032000,711.16
202312,4155032000,638.15
202401,4155032000,555.02
202402,4155032000,612.55
202403,4155032000,830.87
202404,4155032000,884.31
202405,4155032000,922.34
202406,4155032000,865.14
202407,4155032000,831.09
202408,4155032000,855.19
202409,4155032000,908.51
202410,4155032000,767.65
202411,4155032000,717.23
202412,4155032000,629.36
202501,4155032000,746.6
202502,4155032000,658.06
202503,4155032000,858.46
202504,4155032000,845.46
202505,4155032000,901.48
202506,4155032000,801.84
202307,4155033000,1001.28
202308,4155033000,926.44
202309,4155033000,996.63
202310,4155033000,1050.75
202311,4155033000,1036.8
202312,4155033000,862.76
202401,4155033000,899.12
202402,4155033000,916.53
202403,4155033000,1031.11
202404,4155033000,1088.85
202405,4155033000,1119.48
202406,4155033000,1035.45
202407,4155033000,981.27
202408,4155033000,986.39
202409,4155033000,1103.15
202410,4155033000,1019.34
202411,4155033000,924.35
202412,4155033000,722.24
202501,4155033000,870.04
202502,4155033000,866.27
202503,4155033000,891.89
202504,4155033000,1036.79
202505,4155033000,1069.31
202506,4155033000,1002.34
202307,4155034000,3366.16
202308,4155034000,3305.92
202309,4155034000,3186.66
202310,4155034000,3383.22
202311,4155034000,3721.93
202312,4155034000,3383.89
202401,4155034000,3569.05
202402,4155034000,3224.36
202403,4155034000,3675.94
202404,4155034000,3871.56
202405,4155034000,3845.63
202406,4155034000,3631.79
202407,4155034000,3747.82
202408,4155034000,3618.86
202409,4155034000,3823.01
202410,4155034000,3657.11
202411,4155034000,3539.27
202412,4155034000,3301.06
202501,4155034000,3497.52
202502,4155034000,3638.2
202503,4155034000,3813.7
202504,4155034000,4059.6
202505,4155034000,3844.24
202506,4155034000,3758.99
202307,4155035000,10559.49
202308,4155035000,10822.79
202309,4155035000,13326.98
202310,4155035000,13100.0
202311,4155035000,13261.48
202312,4155035000,12420.18
202401,4155035000,11974.04
202402,4155035000,11808.83
202403,4155035000,16154.71
202404,4155035000,13194.82
202405,4155035000,13288.69
202406,4155035000,12379.96
202407,4155035000,11956.59
202408,4155035000,11527.42
202409,4155035000,15463.77
202410,4155035000,12377.68
202411,4155035000,12749.65
202412,4155035000,12559.48
202501,4155035000,12030.82
202502,4155035000,11827.46
202503,4155035000,16379.92
202504,4155035000,12819.26
202505,4155035000,12323.93
202506,4155035000,11719.5
202307,4155036000,3335.54
202308,4155036000,3338.77
202309,4155036000,3341.32
202310,4155036000,3917.51
202311,4155036000,3860.4
202312,4155036000,3095.37
202401,4155036000,3210.97
202402,4155036000,3108.26
202403,4155036000,3892.69
202404,4155036000,4310.52
202405,4155036000,4404.07
202406,4155036000,4011.15
202407,4155036000,3781.67
202408,4155036000,3790.19
202409,4155036000,4263.83
202410,4155036000,4072.86
202411,4155036000,3625.5
202412,4155036000,2947.4
202501,4155036000,3300.91
202502,4155036000,3146.57
202503,4155036000,3512.59
202504,4155036000,3932.25
202505,4155036000,3948.61
202506,4155036000,3543.58
202307,4155038000,14400.63
202308,4155038000,13929.71
202309,4155038000,14698.43
202310,4155038000,16602.62
202311,4155038000,16499.49
202312,4155038000,13474.09
202401,4155038000,13774.1
202402,4155038000,13624.87
202403,4155038000,14805.69
202404,4155038000,15256.55
202405,4155038000,15670.89
202406,4155038000,15007.15
202407,4155038000,15314.04
202408,4155038000,15325.53
202409,4155038000,16262.59
202410,4155038000,15181.09
202411,4155038000,14350.79
202412,4155038000,12895.84
202501,4155038000,13596.85
202502,4155038000,13782.85
202503,4155038000,13472.06
202504,4155038000,13864.52
202505,4155038000,13971.37
202506,4155038000,13441.6
202307,4155039000,2626.52
202308,4155039000,2647.4
202309,4155039000,2996.83
202310,4155039000,3089.83
202311,4155039000,3145.78
202312,4155039000,2561.72
202401,4155039000,2592.44
202402,4155039000,2729.43
202403,4155039000,2772.65
202404,4155039000,2946.51
202405,4155039000,3016.85
202406,4155039000,2749.81
202407,4155039000,2687.85
202408,4155039000,2854.59
202409,4155039000,3654.48
202410,4155039000,2966.52
202411,4155039000,2526.02
202412,4155039000,2194.14
202501,4155039000,2685.39
202502,4155039000,2674.0
202503,4155039000,2800.95
202504,4155039000,2756.31
202505,4155039000,2877.28
202506,4155039000,2731.83
202307,4155040000,2210.95
202308,4155040000,2136.9
202309,4155040000,2273.64
202310,4155040000,2511.44
202311,4155040000,2482.14
202312,4155040000,2229.34
202401,4155040000,2172.74
202402,4155040000,2041.16
202403,4155040000,2565.95
202404,4155040000,2621.49
202405,4155040000,2589.98
202406,4155040000,2394.96
202407,4155040000,2296.03
202408,4155040000,2320.93
202409,4155040000,2801.54
202410,4155040000,2529.56
202411,4155040000,2195.74
202412,4155040000,1848.56
202501,4155040000,2122.52
202502,4155040000,2067.45
202503,4155040000,2495.65
202504,4155040000,2433.27
202505,4155040000,2539.82
202506,4155040000,2394.63
202307,4155041000,730.36
202308,4155041000,761.91
202309,4155041000,847.17
202310,4155041000,810.11
202311,4155041000,811.62
202312,4155041000,672.47
202401,4155041000,639.12
202402,4155041000,646.93
202403,4155041000,1111.06
202404,4155041000,941.22
202405,4155041000,987.92
202406,4155041000,892.22
202407,4155041000,694.92
202408,4155041000,757.07
202409,4155041000,923.25
202410,4155041000,757.38
202411,4155041000,700.06
202412,4155041000,610.23
202501,4155041000,649.83
202502,4155041000,735.52
202503,4155041000,1208.49
202504,4155041000,917.86
202505,4155041000,906.19
202506,4155041000,790.6
202307,4155042000,187.43
202308,4155042000,170.36
202309,4155042000,181.35
202310,4155042000,209.28
202311,4155042000,200.71
202312,4155042000,143.23
202401,4155042000,127.43
202402,4155042000,142.9
202403,4155042000,205.36
202404,4155042000,224.95
202405,4155042000,237.32
202406,4155042000,232.01
202407,4155042000,202.13
202408,4155042000,211.23
202409,4155042000,227.22
202410,4155042000,223.4
202411,4155042000,198.27
202412,4155042000,138.66
202501,4155042000,143.93
202502,4155042000,137.03
202503,4155042000,165.25
202504,4155042000,202.36
202505,4155042000,210.37
202506,4155042000,196.96
202307,4155051000,23641.42
202308,4155051000,23581.15
202309,4155051000,25564.05
202310,4155051000,25223.44
202311,4155051000,24424.14
202312,4155051000,23945.93
202401,4155051000,22786.56
202402,4155051000,21681.92
202403,4155051000,27027.31
202404,4155051000,25544.8
202405,4155051000,25759.96
202406,4155051000,23989.34
202407,4155051000,24697.46
202408,4155051000,23596.72
202409,4155051000,26390.97
202410,4155051000,24677.89
202411,4155051000,23458.62
202412,4155051000,23281.03
202501,4155051000,23032.37
202502,4155051000,20905.86
202503,4155051000,25257.03
202504,4155051000,24340.19
202505,4155051000,24469.54
202506,4155051000,23638.64
202307,4155052000,67490.26
202308,4155052000,67079.33
202309,4155052000,72678.99
202310,4155052000,69340.97
202311,4155052000,68003.98
202312,4155052000,66806.74
202401,4155052000,63766.54
202402,4155052000,64535.93
202403,4155052000,73064.23
202404,4155052000,68819.4
202405,4155052000,71016.58
202406,4155052000,66566.73
202407,4155052000,66141.74
202408,4155052000,66080.71
202409,4155052000,75522.42
202410,4155052000,71001.78
202411,4155052000,67609.22
202412,4155052000,69316.79
202501,4155052000,70391.87
202502,4155052000,66528.58
202503,4155052000,85299.42
202504,4155052000,71533.33
202505,4155052000,75738.33
202506,4155052000,68375.36
202307,4155053000,79321.14
202308,4155053000,78187.54
202309,4155053000,80466.13
202310,4155053000,79862.61
202311,4155053000,78313.73
202312,4155053000,77569.96
202401,4155053000,75199.76
202402,4155053000,78987.9
202403,4155053000,87071.33
202404,4155053000,84243.44
202405,4155053000,85993.7
202406,4155053000,80797.12
202407,4155053000,81841.89
202408,4155053000,81797.29
202409,4155053000,89065.77
202410,4155053000,83870.89
202411,4155053000,84341.98
202412,4155053000,85064.02
202501,4155053000,89577.54
202502,4155053000,82581.84
202503,4155053000,90731.53
202504,4155053000,88353.48
202505,4155053000,93096.77
202506,4155053000,86292.53
202307,4157025000,30815.73
202308,4157025000,29322.52
202309,4157025000,30044.07
202310,4157025000,31773.7
202311,4157025000,31537.55
202312,4157025000,29660.27
202401,4157025000,30040.62
202402,4157025000,25857.34
202403,4157025000,29953.63
202404,4157025000,31219.35
202405,4157025000,30637.74
202406,4157025000,29623.72
202407,4157025000,30507.66
202408,4157025000,29096.51
202409,4157025000,31964.65
202410,4157025000,30727.32
202411,4157025000,29832.21
202412,4157025000,29535.25
202501,4157025000,30773.43
202502,4157025000,28774.51
202503,4157025000,30471.85
202504,4157025000,30507.9
202505,4157025000,30227.8
202506,4157025000,29197.52
202307,4157025300,164674.78
202308,4157025300,164266.95
202309,4157025300,166755.05
202310,4157025300,169807.44
202311,4157025300,156145.94
202312,4157025300,157050.62
202401,4157025300,152485.6
202402,4157025300,140599.02
202403,4157025300,159457.72
202404,4157025300,162612.72
202405,4157025300,165581.48
202406,4157025300,159358.81
202407,4157025300,161366.28
202408,4157025300,164468.05
202409,4157025300,173810.97
202410,4157025300,168835.27
202411,4157025300,163374.56
202412,4157025300,161025.69
202501,4157025300,165498.86
202502,4157025300,151643.44
202503,4157025300,165356.19
202504,4157025300,163888.67
202505,4157025300,177782.3
202506,4157025300,165662.56
202307,4157025600,101393.04
202308,4157025600,95156.92
202309,4157025600,91659.05
202310,4157025600,93126.74
202311,4157025600,94875.9
202312,4157025600,86994.87
202401,4157025600,91022.58
202402,4157025600,81753.42
202403,4157025600,91913.12
202404,4157025600,90336.75
202405,4157025600,91434.41
202406,4157025600,88841.03
202407,4157025600,93268.2
202408,4157025600,88375.06
202409,4157025600,93829.06
202410,4157025600,95073.56
202411,4157025600,87558.71
202412,4157025600,85967.62
202501,4157025600,88611.43
202502,4157025600,86116.39
202503,4157025600,89116.97
202504,4157025600,90461.5
202505,4157025600,88647.95
202506,4157025600,86235.01
202307,4157034000,1136.2
202308,4157034000,1097.8
202309,4157034000,1284.86
202310,4157034000,1290.94
202311,4157034000,1052.35
202312,4157034000,959.85
202401,4157034000,1016.13
202402,4157034000,901.78
202403,4157034000,1013.16
202404,4157034000,1070.1
202405,4157034000,1070.18
202406,4157034000,1011.34
202407,4157034000,1009.76
202408,4157034000,967.64
202409,4157034000,1142.41
202410,4157034000,1138.85
202411,4157034000,997.83
202412,4157034000,893.5
202501,4157034000,926.76
202502,4157034000,922.04
202503,4157034000,953.22
202504,4157034000,985.93
202505,4157034000,1010.02
202506,4157034000,950.04
202307,4157035000,638.04
202308,4157035000,652.01
202309,4157035000,646.64
202310,4157035000,691.6
202311,4157035000,694.11
202312,4157035000,589.85
202401,4157035000,618.69
202402,4157035000,576.44
202403,4157035000,676.13
202404,4157035000,702.54
202405,4157035000,727.83
202406,4157035000,667.89
202407,4157035000,668.14
202408,4157035000,642.25
202409,4157035000,776.67
202410,4157035000,696.06
202411,4157035000,616.75
202412,4157035000,535.97
202501,4157035000,613.67
202502,4157035000,642.82
202503,4157035000,621.53
202504,4157035000,676.3
202505,4157035000,702.94
202506,4157035000,672.41
202307,4157036000,790.66
202308,4157036000,776.86
202309,4157036000,775.96
202310,4157036000,762.7
202311,4157036000,739.69
202312,4157036000,663.32
202401,4157036000,686.48
202402,4157036000,619.58
202403,4157036000,706.15
202404,4157036000,736.19
202405,4157036000,741.02
202406,4157036000,720.74
202407,4157036000,721.38
202408,4157036000,714.67
202409,4157036000,802.14
202410,4157036000,773.97
202411,4157036000,727.5
202412,4157036000,689.48
202501,4157036000,721.77
202502,4157036000,703.7
202503,4157036000,726.46
202504,4157036000,749.44
202505,4157036000,754.33
202506,4157036000,714.19
202307,4157051500,184471.92
202308,4157051500,178137.7
202309,4157051500,172205.39
202310,4157051500,176085.5
202311,4157051500,167883.38
202312,4157051500,176969.36
202401,4157051500,178542.12
202402,4157051500,160700.23
202403,4157051500,176869.17
202404,4157051500,184697.27
202405,4157051500,188853.92
202406,4157051500,182538.7
202407,4157051500,185438.7
202408,4157051500,183876.7
202409,4157051500,188947.48
202410,4157051500,180896.83
202411,4157051500,171797.8
202412,4157051500,181115.27
202501,4157051500,181847.31
202502,4157051500,163230.31
202503,4157051500,173215.36
202504,4157051500,170592.19
202505,4157051500,170586.94
202506,4157051500,165697.77
202307,4157052500,122644.92
202308,4157052500,118455.86
202309,4157052500,119534.97
202310,4157052500,122898.71
202311,4157052500,117552.2
202312,4157052500,120415.2
202401,4157052500,120457.54
202402,4157052500,105835.43
202403,4157052500,121435.75
202404,4157052500,130128.93
202405,4157052500,133683.95
202406,4157052500,126784.68
202407,4157052500,126203.14
202408,4157052500,125601.67
202409,4157052500,131394.56
202410,4157052500,130200.47
202411,4157052500,130745.23
202412,4157052500,127031.14
202501,4157052500,136050.81
202502,4157052500,119079.03
202503,4157052500,128960.44
202504,4157052500,124967.31
202505,4157052500,125982.63
202506,4157052500,122331.04
202307,4157054000,136252.92
202308,4157054000,132111.02
202309,4157054000,128702.49
202310,4157054000,133945.0
202311,4157054000,135953.62
202312,4157054000,136168.36
202401,4157054000,129895.48
202402,4157054000,117704.91
202403,4157054000,130635.69
202404,4157054000,137345.6
202405,4157054000,134071.2
202406,4157054000,128755.19
202407,4157054000,133669.25
202408,4157054000,130876.15
202409,4157054000,134498.98
202410,4157054000,134228.16
202411,4157054000,131351.64
202412,4157054000,131614.6
202501,4157054000,134593.05
202502,4157054000,124602.32
202503,4157054000,135110.53
202504,4157054000,136496.66
202505,4157054000,134655.56
202506,4157054000,127169.13
202307,4157055000,210653.88
202308,4157055000,204737.2
202309,4157055000,205078.34
202310,4157055000,209002.2
202311,4157055000,194308.77
202312,4157055000,201549.1
202401,4157055000,198997.66
202402,4157055000,174531.67
202403,4157055000,191867.98
202404,4157055000,194645.77
202405,4157055000,196447.45
202406,4157055000,192884.67
202407,4157055000,194408.17
202408,4157055000,197172.25
202409,4157055000,211292.23
202410,4157055000,199843.03
202411,4157055000,198895.98
202412,4157055000,199934.62
202501,4157055000,207368.45
202502,4157055000,186329.53
202503,4157055000,199465.03
202504,4157055000,195184.6
202505,4157055000,205719.66
202506,4157055000,198415.0
202307,4157056000,496288.38
202308,4157056000,466309.88
202309,4157056000,468364.03
202310,4157056000,477530.28
202311,4157056000,450988.1
202312,4157056000,463811.38
202401,4157056000,454967.84
202402,4157056000,394931.34
202403,4157056000,446860.38
202404,4157056000,458500.34
202405,4157056000,461348.03
202406,4157056000,445268.47
202407,4157056000,466036.8
202408,4157056000,455811.12
202409,4157056000,478520.03
202410,4157056000,498617.1
202411,4157056000,451983.62
202412,4157056000,451435.6
202501,4157056000,457360.22
202502,4157056000,424704.38
202503,4157056000,465099.72
202504,4157056000,462042.03
202505,4157056000,481861.38
202506,4157056000,452793.56
202307,4157057000,137404.34
202308,4157057000,127527.35
202309,4157057000,122585.12
202310,4157057000,126074.73
202311,4157057000,125762.53
202312,4157057000,150886.06
202401,4157057000,136295.81
202402,4157057000,124254.41
202403,4157057000,133491.36
202404,4157057000,132080.05
202405,4157057000,137518.45
202406,4157057000,131536.98
202407,4157057000,139460.53
202408,4157057000,134160.25
202409,4157057000,142233.88
202410,4157057000,136896.22
202411,4157057000,138737.45
202412,4157057000,139795.31
202501,4157057000,145363.38
202502,4157057000,136056.73
202503,4157057000,139669.53
202504,4157057000,134706.72
202505,4157057000,139849.44
202506,4157057000,135328.72
202307,4157057500,65185.09
202308,4157057500,63991.18
202309,4157057500,63190.68
202310,4157057500,66175.22
202311,4157057500,63720.58
202312,4157057500,64086.25
202401,4157057500,63031.09
202402,4157057500,56559.86
202403,4157057500,61381.64
202404,4157057500,66247.14
202405,4157057500,65671.55
202406,4157057500,63951.94
202407,4157057500,65898.96
202408,4157057500,64537.14
202409,4157057500,69014.41
202410,4157057500,65676.23
202411,4157057500,64480.1
202412,4157057500,64945.0
202501,4157057500,66291.98
202502,4157057500,60704.15
202503,4157057500,66020.36
202504,4157057500,65665.11
202505,4157057500,66904.21
202506,4157057500,65055.59
202307,4157058000,396484.88
202308,4157058000,393748.3
202309,4157058000,419596.28
202310,4157058000,422500.84
202311,4157058000,401808.16
202312,4157058000,412492.56
202401,4157058000,400982.44
202402,4157058000,367065.47
202403,4157058000,416550.3
202404,4157058000,398824.56
202405,4157058000,410517.16
202406,4157058000,408132.47
202407,4157058000,408902.84
202408,4157058000,399724.62
202409,4157058000,429656.12
202410,4157058000,414239.0
202411,4157058000,396121.03
202412,4157058000,408938.25
202501,4157058000,405939.5
202502,4157058000,366513.1
202503,4157058000,404521.62
202504,4157058000,409567.03
202505,4157058000,418036.25
202506,4157058000,398588.5
202307,4159025300,133706.94
202308,4159025300,136183.7
202309,4159025300,154920.31
202310,4159025300,156256.44
202311,4159025300,150320.42
202312,4159025300,146364.44
202401,4159025300,143200.72
202402,4159025300,146838.1
202403,4159025300,162152.02
202404,4159025300,158615.98
202405,4159025300,161225.48
202406,4159025300,154303.05
202407,4159025300,154995.66
202408,4159025300,152402.36
202409,4159025300,169873.39
202410,4159025300,173058.48
202411,4159025300,168024.62
202412,4159025300,160627.53
202501,4159025300,162314.05
202502,4159025300,149730.78
202503,4159025300,172212.84
202504,4159025300,167893.66
202505,4159025300,168117.06
202506,4159025300,163243.02
202307,4159025600,11424.6
202308,4159025600,10586.18
202309,4159025600,11120.11
202310,4159025600,11345.5
202311,4159025600,11744.61
202312,4159025600,10553.76
202401,4159025600,11119.84
202402,4159025600,9955.51
202403,4159025600,11441.83
202404,4159025600,11604.29
202405,4159025600,11563.11
202406,4159025600,11288.22
202407,4159025600,11520.72
202408,4159025600,10917.16
202409,4159025600,11751.25
202410,4159025600,11971.7
202411,4159025600,11143.13
202412,4159025600,10717.08
202501,4159025600,10348.86
202502,4159025600,10939.83
202503,4159025600,11315.1
202504,4159025600,11442.59
202505,4159025600,11042.05
202506,4159025600,10882.03
202307,4159025900,130138.48
202308,4159025900,126591.33
202309,4159025900,127640.99
202310,4159025900,135518.55
202311,4159025900,131479.9
202312,4159025900,128074.21
202401,4159025900,128074.19
202402,4159025900,123913.29
202403,4159025900,132267.89
202404,4159025900,134217.27
202405,4159025900,133698.84
202406,4159025900,126678.0
202407,4159025900,130464.69
202408,4159025900,127246.05
202409,4159025900,135439.53
202410,4159025900,136216.6
202411,4159025900,128663.96
202412,4159025900,128730.12
202501,4159025900,128199.27
202502,4159025900,124837.08
202503,4159025900,132636.86
202504,4159025900,131525.31
202505,4159025900,129491.74
202506,4159025900,128135.25
202307,4159026200,37225.45
202308,4159026200,36105.92
202309,4159026200,35687.19
202310,4159026200,37204.72
202311,4159026200,37634.55
202312,4159026200,36944.81
202401,4159026200,37958.52
202402,4159026200,35685.96
202403,4159026200,38755.58
202404,4159026200,39122.92
202405,4159026200,39621.82
202406,4159026200,38494.93
202407,4159026200,40208.83
202408,4159026200,38380.26
202409,4159026200,40070.23
202410,4159026200,40056.31
202411,4159026200,39123.77
202412,4159026200,38686.36
202501,4159026200,38607.79
202502,4159026200,39232.79
202503,4159026200,39447.5
202504,4159026200,40444.59
202505,4159026200,39243.16
202506,4159026200,38601.53
202307,4159031000,9254.74
202308,4159031000,9054.03
202309,4159031000,10383.53
202310,4159031000,9928.36
202311,4159031000,9231.62
202312,4159031000,8177.43
202401,4159031000,7995.05
202402,4159031000,8130.99
202403,4159031000,9013.0
202404,4159031000,9906.88
202405,4159031000,10303.6
202406,4159031000,9898.04
202407,4159031000,9626.52
202408,4159031000,9482.0
202409,4159031000,11479.34
202410,4159031000,10114.13
202411,4159031000,9836.15
202412,4159031000,8853.23
202501,4159031000,9405.11
202502,4159031000,8770.2
202503,4159031000,9181.43
202504,4159031000,9548.59
202505,4159031000,9780.4
202506,4159031000,9401.11
202307,4159032000,1349.03
202308,4159032000,1276.39
202309,4159032000,1466.58
202310,4159032000,1437.19
202311,4159032000,1497.67
202312,4159032000,1273.79
202401,4159032000,1299.32
202402,4159032000,1307.01
202403,4159032000,1475.29
202404,4159032000,1603.51
202405,4159032000,1567.21
202406,4159032000,1472.91
202407,4159032000,1440.74
202408,4159032000,1404.73
202409,4159032000,1642.47
202410,4159032000,1582.18
202411,4159032000,1588.25
202412,4159032000,1499.46
202501,4159032000,1771.83
202502,4159032000,1891.29
202503,4159032000,1865.92
202504,4159032000,1894.52
202505,4159032000,1963.69
202506,4159032000,1910.92
202307,4159033000,4860.2
202308,4159033000,4742.54
202309,4159033000,4806.89
202310,4159033000,4893.46
202311,4159033000,4893.34
202312,4159033000,4455.4
202401,4159033000,4752.53
202402,4159033000,4245.13
202403,4159033000,4752.91
202404,4159033000,4995.14
202405,4159033000,5029.55
202406,4159033000,4740.28
202407,4159033000,4869.93
202408,4159033000,4617.1
202409,4159033000,4941.35
202410,4159033000,5074.8
202411,4159033000,4753.66
202412,4159033000,4467.51
202501,4159033000,4370.68
202502,4159033000,4785.8
202503,4159033000,4599.81
202504,4159033000,4985.43
202505,4159033000,4715.27
202506,4159033000,4623.3
202307,4159034000,1691.35
202308,4159034000,1723.33
202309,4159034000,1901.98
202310,4159034000,1776.08
202311,4159034000,1620.46
202312,4159034000,1454.83
202401,4159034000,1466.69
202402,4159034000,1393.94
202403,4159034000,1585.62
202404,4159034000,1692.29
202405,4159034000,1764.45
202406,4159034000,1716.75
202407,4159034000,1653.48
202408,4159034000,1711.85
202409,4159034000,1965.04
202410,4159034000,1815.72
202411,4159034000,1695.04
202412,4159034000,1535.49
202501,4159034000,1655.65
202502,4159034000,1547.41
202503,4159034000,1606.35
202504,4159034000,1671.09
202505,4159034000,1745.56
202506,4159034000,1711.88
202307,4159035000,5917.11
202308,4159035000,6646.52
202309,4159035000,8169.13
202310,4159035000,8398.77
202311,4159035000,5309.37
202312,4159035000,4832.65
202401,4159035000,4334.02
202402,4159035000,4616.26
202403,4159035000,5515.01
202404,4159035000,6284.25
202405,4159035000,7063.03
202406,4159035000,7301.38
202407,4159035000,5559.32
202408,4159035000,6639.74
202409,4159035000,8186.08
202410,4159035000,7675.85
202411,4159035000,5605.57
202412,4159035000,4254.26
202501,4159035000,4791.85
202502,4159035000,4501.59
202503,4159035000,5127.04
202504,4159035000,5579.29
202505,4159035000,7425.23
202506,4159035000,6532.54
202307,4159036000,5029.44
202308,4159036000,5054.93
202309,4159036000,5477.53
202310,4159036000,5315.52
202311,4159036000,5428.59
202312,4159036000,4609.99
202401,4159036000,4815.23
202402,4159036000,4545.05
202403,4159036000,4999.68
202404,4159036000,5297.05
202405,4159036000,5207.61
202406,4159036000,4902.04
202407,4159036000,4992.46
202408,4159036000,4922.66
202409,4159036000,5363.11
202410,4159036000,5467.2
202411,4159036000,5334.61
202412,4159036000,4851.2
202501,4159036000,4810.11
202502,4159036000,4970.27
202503,4159036000,4917.92
202504,4159036000,5278.5
202505,4159036000,4983.66
202506,4159036000,4804.63
202307,4159037000,931.81
202308,4159037000,925.92
202309,4159037000,958.34
202310,4159037000,943.19
202311,4159037000,942.72
202312,4159037000,824.51
202401,4159037000,884.85
202402,4159037000,808.37
202403,4159037000,962.53
202404,4159037000,957.13
202405,4159037000,950.82
202406,4159037000,880.75
202407,4159037000,934.45
202408,4159037000,855.21
202409,4159037000,913.83
202410,4159037000,953.82
202411,4159037000,926.68
202412,4159037000,866.94
202501,4159037000,844.58
202502,4159037000,915.01
202503,4159037000,898.64
202504,4159037000,958.91
202505,4159037000,909.13
202506,4159037000,895.43
202307,4159040000,1620.47
202308,4159040000,1607.42
202309,4159040000,1680.92
202310,4159040000,1592.82
202311,4159040000,1673.13
202312,4159040000,1414.01
202401,4159040000,1608.58
202402,4159040000,1412.55
202403,4159040000,1487.28
202404,4159040000,1541.8
202405,4159040000,1570.62
202406,4159040000,1424.31
202407,4159040000,1539.09
202408,4159040000,1452.62
202409,4159040000,1551.24
202410,4159040000,1558.05
202411,4159040000,1517.92
202412,4159040000,1424.56
202501,4159040000,1412.13
202502,4159040000,1574.77
202503,4159040000,1473.62
202504,4159040000,1607.29
202505,4159040000,1461.35
202506,4159040000,1437.59
202307,4159041000,10709.07
202308,4159041000,10928.06
202309,4159041000,11229.63
202310,4159041000,11197.27
202311,4159041000,11544.51
202312,4159041000,10170.65
202401,4159041000,10945.4
202402,4159041000,9748.7
202403,4159041000,10991.57
202404,4159041000,11629.17
202405,4159041000,11814.05
202406,4159041000,10983.15
202407,4159041000,11474.75
202408,4159041000,10966.94
202409,4159041000,11336.11
202410,4159041000,11767.93
202411,4159041000,11383.81
202412,4159041000,10553.28
202501,4159041000,10011.21
202502,4159041000,10533.87
202503,4159041000,10885.9
202504,4159041000,11536.49
202505,4159041000,11310.33
202506,4159041000,10880.19
202307,4159051500,203509.69
202308,4159051500,210227.77
202309,4159051500,206323.2
202310,4159051500,216680.53
202311,4159051500,202873.73
202312,4159051500,215833.19
202401,4159051500,213513.39
202402,4159051500,219888.05
202403,4159051500,224631.94
202404,4159051500,217496.73
202405,4159051500,225480.84
202406,4159051500,217055.42
202407,4159051500,224914.88
202408,4159051500,212312.53
202409,4159051500,229012.62
202410,4159051500,218596.97
202411,4159051500,210492.19
202412,4159051500,210766.62
202501,4159051500,218612.73
202502,4159051500,200677.4
202503,4159051500,225153.05
202504,4159051500,221488.88
202505,4159051500,221758.5
202506,4159051500,219135.19
202307,4159052000,420196.62
202308,4159052000,404773.66
202309,4159052000,398933.4
202310,4159052000,433104.84
202311,4159052000,413424.9
202312,4159052000,415036.25
202401,4159052000,405044.34
202402,4159052000,384023.75
202403,4159052000,414304.62
202404,4159052000,426250.66
202405,4159052000,420097.44
202406,4159052000,401656.16
202407,4159052000,406806.6
202408,4159052000,391861.4
202409,4159052000,412712.03
202410,4159052000,404642.1
202411,4159052000,397458.3
202412,4159052000,394756.12
202501,4159052000,401066.97
202502,4159052000,377988.03
202503,4159052000,408705.88
202504,4159052000,397816.16
202505,4159052000,395503.16
202506,4159052000,394442.53
202307,4159053000,228671.28
202308,4159053000,224403.25
202309,4159053000,228980.48
202310,4159053000,243814.88
202311,4159053000,224980.23
202312,4159053000,230979.48
202401,4159053000,225918.34
202402,4159053000,223553.8
202403,4159053000,233024.88
202404,4159053000,228947.52
202405,4159053000,234939.45
202406,4159053000,226399.38
202407,4159053000,233680.61
202408,4159053000,229754.77
202409,4159053000,240011.98
202410,4159053000,232264.73
202411,4159053000,228065.4
202412,4159053000,231994.89
202501,4159053000,236622.39
202502,4159053000,219899.31
202503,4159053000,241295.64
202504,4159053000,243729.45
202505,4159053000,244266.84
202506,4159053000,233212.02
202307,4159054000,300833.5
202308,4159054000,291831.94
202309,4159054000,294664.6
202310,4159054000,313823.6
202311,4159054000,293494.56
202312,4159054000,304466.88
202401,4159054000,302104.12
202402,4159054000,299481.22
202403,4159054000,312721.8
202404,4159054000,312261.66
202405,4159054000,315953.1
202406,4159054000,302870.9
202407,4159054000,316093.03
202408,4159054000,296718.7
202409,4159054000,318890.62
202410,4159054000,305846.44
202411,4159054000,305013.03
202412,4159054000,309603.72
202501,4159054000,317538.22
202502,4159054000,296062.97
202503,4159054000,307542.03
202504,4159054000,302025.06
202505,4159054000,315214.8
202506,4159054000,289138.2
202307,4159055000,904041.0
202308,4159055000,894172.75
202309,4159055000,846703.0
202310,4159055000,876993.2
202311,4159055000,911042.75
202312,4159055000,865793.5
202401,4159055000,906711.94
202402,4159055000,805941.94
202403,4159055000,910562.8
202404,4159055000,927330.7
202405,4159055000,911856.94
202406,4159055000,862973.5
202407,4159055000,955278.2
202408,4159055000,894773.2
202409,4159055000,903644.8
202410,4159055000,930282.7
202411,4159055000,905608.4
202412,4159055000,904508.94
202501,4159055000,907585.06
202502,4159055000,898217.94
202503,4159055000,926927.94
202504,4159055000,944495.56
202505,4159055000,871169.6
202506,4159055000,864714.75
202307,4159056000,24043.91
202308,4159056000,24434.93
202309,4159056000,24758.8
202310,4159056000,24073.62
202311,4159056000,23648.36
202312,4159056000,24075.43
202401,4159056000,23021.37
202402,4159056000,23705.62
202403,4159056000,26532.57
202404,4159056000,26343.12
202405,4159056000,26127.09
202406,4159056000,24889.07
202407,4159056000,26028.31
202408,4159056000,24960.89
202409,4159056000,26774.14
202410,4159056000,27330.05
202411,4159056000,25742.68
202412,4159056000,25346.68
202501,4159056000,25756.36
202502,4159056000,23582.43
202503,4159056000,25581.63
202504,4159056000,24926.45
202505,4159056000,25204.43
202506,4159056000,24885.85
202307,4159057000,40180.12
202308,4159057000,46256.82
202309,4159057000,44871.95
202310,4159057000,47073.84
202311,4159057000,44052.94
202312,4159057000,44418.2
202401,4159057000,43881.94
202402,4159057000,42356.2
202403,4159057000,46489.55
202404,4159057000,47728.62
202405,4159057000,49224.78
202406,4159057000,45909.41
202407,4159057000,47359.96
202408,4159057000,46350.69
202409,4159057000,48473.44
202410,4159057000,48139.98
202411,4159057000,46476.12
202412,4159057000,47294.67
202501,4159057000,46780.09
202502,4159057000,44064.33
202503,4159057000,47624.38
202504,4159057000,47411.72
202505,4159057000,47944.02
202506,4159057000,46221.21
202307,4159058500,1640338.4
202308,4159058500,1617570.2
202309,4159058500,1543313.4
202310,4159058500,1621215.5
202311,4159058500,1598774.0
202312,4159058500,1592389.5
202401,4159058500,1601326.6
202402,4159058500,1445050.8
202403,4159058500,1610016.6
202404,4159058500,1602562.8
202405,4159058500,1581332.5
202406,4159058500,1525675.6
202407,4159058500,1617415.1
202408,4159058500,1561447.0
202409,4159058500,1572712.8
202410,4159058500,1563245.2
202411,4159058500,1524453.4
202412,4159058500,1528812.2
202501,4159058500,1569180.8
202502,4159058500,1526689.6
202503,4159058500,1559877.2
202504,4159058500,1534794.8
202505,4159058500,1518872.9
202506,4159058500,1478837.1
202307,4159058600,300242.3
202308,4159058600,299679.94
202309,4159058600,293572.47
202310,4159058600,314158.4
202311,4159058600,293012.53
202312,4159058600,300169.2
202401,4159058600,295000.56
202402,4159058600,280367.72
202403,4159058600,304471.9
202404,4159058600,302976.4
202405,4159058600,303882.6
202406,4159058600,305671.72
202407,4159058600,305739.38
202408,4159058600,298905.3
202409,4159058600,315083.53
202410,4159058600,304305.62
202411,4159058600,296109.84
202412,4159058600,301621.34
202501,4159058600,315344.7
202502,4159058600,293325.72
202503,4159058600,313648.12
202504,4159058600,304235.38
202505,4159058600,304842.34
202506,4159058600,292613.12
202307,4159058700,684741.6
202308,4159058700,674379.06
202309,4159058700,666631.1
202310,4159058700,691302.94
202311,4159058700,662509.7
202312,4159058700,675462.44
202401,4159058700,662544.94
202402,4159058700,622118.44
202403,4159058700,680546.75
202404,4159058700,682837.2
202405,4159058700,673061.9
202406,4159058700,659484.9
202407,4159058700,689687.7
202408,4159058700,682230.44
202409,4159058700,714856.06
202410,4159058700,688858.2
202411,4159058700,691680.0
202412,4159058700,693351.5
202501,4159058700,722881.2
202502,4159058700,663048.56
202503,4159058700,702987.25
202504,4159058700,689984.6
202505,4159058700,691700.8
202506,4159058700,677606.4
202307,4159058800,221281.77
202308,4159058800,217395.36
202309,4159058800,219622.45
202310,4159058800,229360.94
202311,4159058800,219995.02
202312,4159058800,227946.38
202401,4159058800,225591.19
202402,4159058800,220458.94
202403,4159058800,225201.75
202404,4159058800,227404.44
202405,4159058800,220559.1
202406,4159058800,212006.44
202407,4159058800,218187.31
202408,4159058800,209173.56
202409,4159058800,213207.89
202410,4159058800,202795.1
202411,4159058800,198550.44
202412,4159058800,200212.58
202501,4159058800,206249.98
202502,4159058800,190854.23
202503,4159058800,203632.47
202504,4159058800,204201.33
202505,4159058800,206858.05
202506,4159058800,206349.11
202307,4159059000,74700.93
202308,4159059000,73710.73
202309,4159059000,72670.35
202310,4159059000,74433.8
202311,4159059000,74032.6
202312,4159059000,73419.97
202401,4159059000,75290.98
202402,4159059000,76287.09
202403,4159059000,76918.38
202404,4159059000,77413.2
202405,4159059000,76355.9
202406,4159059000,71663.69
202407,4159059000,76493.37
202408,4159059000,75881.63
202409,4159059000,76614.22
202410,4159059000,75114.95
202411,4159059000,73706.59
202412,4159059000,74494.36
202501,4159059000,76540.87
202502,4159059000,75701.67
202503,4159059000,78132.19
202504,4159059000,79601.78
202505,4159059000,80069.78
202506,4159059000,76398.45
202307,4159060000,237092.12
202308,4159060000,207703.78
202309,4159060000,214258.2
202310,4159060000,225121.31
202311,4159060000,220143.67
202312,4159060000,223274.55
202401,4159060000,221315.6
202402,4159060000,213702.33
202403,4159060000,241230.5
202404,4159060000,237139.1
202405,4159060000,241266.12
202406,4159060000,228048.73
202407,4159060000,234988.81
202408,4159060000,225358.28
202409,4159060000,257009.86
202410,4159060000,248657.52
202411,4159060000,243919.77
202412,4159060000,246681.45
202501,4159060000,247605.78
202502,4159060000,243763.84
202503,4159060000,253305.48
202504,4159060000,249520.98
202505,4159060000,247053.55
202506,4159060000,249092.94
202307,4159061000,248994.17
202308,4159061000,117840.12
202309,4159061000,152746.48
202310,4159061000,162959.38
202311,4159061000,158335.53
202312,4159061000,157632.02
202401,4159061000,151706.77
202402,4159061000,156369.05
202403,4159061000,161497.27
202404,4159061000,160827.58
202405,4159061000,163387.0
202406,4159061000,156911.75
202407,4159061000,157251.47
202408,4159061000,160452.6
202409,4159061000,164239.69
202410,4159061000,159589.31
202411,4159061000,156373.05
202412,4159061000,168519.48
202501,4159061000,170355.89
202502,4159061000,156483.66
202503,4159061000,171209.45
202504,4159061000,168753.73
202505,4159061000,172934.34
202506,4159061000,168759.64
202307,4159062000,15976.27
202308,4159062000,15507.86
202309,4159062000,15557.23
202310,4159062000,16271.48
202311,4159062000,15347.36
202312,4159062000,15733.43
202401,4159062000,15216.31
202402,4159062000,15276.49
202403,4159062000,16227.25
202404,4159062000,17483.67
202405,4159062000,16495.49
202406,4159062000,15752.29
202407,4159062000,17179.6
202408,4159062000,17782.33
202409,4159062000,18337.23
202410,4159062000,17546.36
202411,4159062000,17206.39
202412,4159062000,17365.97
202501,4159062000,17641.38
202502,4159062000,16339.73
202503,4159062000,17767.23
202504,4159062000,17302.26
202505,4159062000,17577.08
202506,4159062000,17136.65
202310,4159063000,89122.03
202311,4159063000,88475.49
202312,4159063000,91864.76
202401,4159063000,90393.68
202402,4159063000,92443.26
202403,4159063000,92421.24
202404,4159063000,92049.26
202405,4159063000,93245.2
202406,4159063000,92053.32
202407,4159063000,103274.42
202408,4159063000,100540.76
202409,4159063000,107032.35
202410,4159063000,106420.03
202411,4159063000,97026.55
202412,4159063000,93586.91
202501,4159063000,97891.26
202502,4159063000,93958.98
202503,4159063000,112818.57
202504,4159063000,102086.05
202505,4159063000,102574.46
202506,4159063000,99766.11
202307,4161025300,47066.74
202308,4161025300,46361.68
202309,4161025300,46263.48
202310,4161025300,51145.65
202311,4161025300,51196.37
202312,4161025300,47531.23
202401,4161025300,46772.79
202402,4161025300,44613.2
202403,4161025300,51225.96
202404,4161025300,50187.52
202405,4161025300,50590.87
202406,4161025300,48785.02
202407,4161025300,51630.23
202408,4161025300,52806.17
202409,4161025300,52513.42
202410,4161025300,45317.44
202411,4161025300,43618.36
202412,4161025300,43027.45
202501,4161025300,50484.85
202502,4161025300,51500.01
202503,4161025300,52198.24
202504,4161025300,52059.2
202505,4161025300,51924.27
202506,4161025300,48655.37
202307,4161025900,12767.24
202308,4161025900,13113.67
202309,4161025900,12969.85
202310,4161025900,15149.94
202311,4161025900,14640.56
202312,4161025900,12615.01
202401,4161025900,12282.73
202402,4161025900,11738.93
202403,4161025900,13757.64
202404,4161025900,14239.43
202405,4161025900,14362.27
202406,4161025900,13576.02
202407,4161025900,13526.84
202408,4161025900,13308.44
202409,4161025900,14192.96
202410,4161025900,12975.32
202411,4161025900,12178.15
202412,4161025900,11407.78
202501,4161025900,13043.01
202502,4161025900,13182.65
202503,4161025900,13755.53
202504,4161025900,13923.55
202505,4161025900,13984.03
202506,4161025900,13125.48
202307,4161033000,5481.74
202308,4161033000,5302.55
202309,4161033000,5781.91
202310,4161033000,7858.83
202311,4161033000,7325.76
202312,4161033000,7019.78
202401,4161033000,8130.65
202402,4161033000,6482.84
202403,4161033000,5606.25
202404,4161033000,6849.14
202405,4161033000,6218.45
202406,4161033000,5785.39
202407,4161033000,5887.3
202408,4161033000,5560.48
202409,4161033000,6288.52
202410,4161033000,6884.8
202411,4161033000,6542.41
202412,4161033000,5792.55
202501,4161033000,7808.47
202502,4161033000,7245.18
202503,4161033000,5324.72
202504,4161033000,6475.55
202505,4161033000,6048.37
202506,4161033000,5464.14
202307,4161034000,8390.08
202308,4161034000,7885.03
202309,4161034000,7794.59
202310,4161034000,8334.67
202311,4161034000,7529.39
202312,4161034000,7116.6
202401,4161034000,6733.92
202402,4161034000,6901.86
202403,4161034000,8194.47
202404,4161034000,7851.16
202405,4161034000,8124.15
202406,4161034000,8871.94
202407,4161034000,7695.3
202408,4161034000,7865.9
202409,4161034000,8655.83
202410,4161034000,7275.79
202411,4161034000,6811.33
202412,4161034000,6313.97
202501,4161034000,7656.08
202502,4161034000,7306.03
202503,4161034000,8020.72
202504,4161034000,8156.35
202505,4161034000,8758.0
202506,4161034000,8696.77
202307,4161035000,1372.23
202308,4161035000,1324.89
202309,4161035000,1440.55
202310,4161035000,2278.53
202311,4161035000,1192.31
202312,4161035000,499.66
202401,4161035000,458.6
202402,4161035000,611.62
202403,4161035000,1071.51
202404,4161035000,1959.57
202405,4161035000,1518.19
202406,4161035000,1170.49
202407,4161035000,710.68
202408,4161035000,741.33
202409,4161035000,1106.61
202410,4161035000,1050.19
202411,4161035000,889.29
202412,4161035000,264.29
202501,4161035000,441.02
202502,4161035000,538.21
202503,4161035000,988.92
202504,4161035000,1759.26
202505,4161035000,1684.62
202506,4161035000,1497.99
202307,4161037000,12756.42
202308,4161037000,13556.3
202309,4161037000,12043.55
202310,4161037000,15401.33
202311,4161037000,11098.89
202312,4161037000,6715.97
202401,4161037000,5984.8
202402,4161037000,7113.95
202403,4161037000,10796.98
202404,4161037000,13480.93
202405,4161037000,14422.16
202406,4161037000,14065.32
202407,4161037000,11267.56
202408,4161037000,14339.16
202409,4161037000,13889.95
202410,4161037000,13846.84
202411,4161037000,11561.29
202412,4161037000,5765.05
202501,4161037000,6649.04
202502,4161037000,6559.24
202503,4161037000,9884.31
202504,4161037000,11850.11
202505,4161037000,13894.51
202506,4161037000,13154.03
202307,4161051000,155555.55
202308,4161051000,154024.3
202309,4161051000,155853.34
202310,4161051000,154796.39
202311,4161051000,150167.86
202312,4161051000,153319.72
202401,4161051000,144397.84
202402,4161051000,142613.22
202403,4161051000,168010.6
202404,4161051000,154859.61
202405,4161051000,155768.08
202406,4161051000,147709.1
202407,4161051000,152053.12
202408,4161051000,146411.44
202409,4161051000,159012.9
202410,4161051000,150455.8
202411,4161051000,147695.9
202412,4161051000,147644.12
202501,4161051000,168713.02
202502,4161051000,149093.69
202503,4161051000,154528.1
202504,4161051000,146922.73
202505,4161051000,150578.94
202506,4161051000,144050.58
202307,4161052000,119163.0
202308,4161052000,116087.54
202309,4161052000,120032.91
202310,4161052000,118189.73
202311,4161052000,117853.09
202312,4161052000,115879.34
202401,4161052000,107959.65
202402,4161052000,102396.92
202403,4161052000,120515.01
202404,4161052000,119695.58
202405,4161052000,120863.93
202406,4161052000,120118.42
202407,4161052000,126282.92
202408,4161052000,121812.52
202409,4161052000,132908.73
202410,4161052000,127496.6
202411,4161052000,125070.51
202412,4161052000,120675.45
202501,4161052000,123836.14
202502,4161052000,113692.13
202503,4161052000,128607.58
202504,4161052000,123902.7
202505,4161052000,124807.32
202506,4161052000,125778.49
202307,4161054000,18892.8
202308,4161054000,18335.78
202309,4161054000,18417.9
202310,4161054000,18488.23
202311,4161054000,17862.83
202312,4161054000,18707.63
202401,4161054000,18174.56
202402,4161054000,18078.54
202403,4161054000,17481.22
202404,4161054000,17295.84
202405,4161054000,17859.86
202406,4161054000,17329.95
202407,4161054000,17750.66
202408,4161054000,17478.36
202409,4161054000,18764.04
202410,4161054000,18457.71
202411,4161054000,17251.67
202412,4161054000,17404.49
202501,4161054000,18741.62
202502,4161054000,16887.22
202503,4161054000,17731.16
202504,4161054000,17017.72
202505,4161054000,17967.13
202506,4161054000,17512.38
202307,4161055000,147848.2
202308,4161055000,148514.38
202309,4161055000,144538.34
202310,4161055000,146605.98
202311,4161055000,142868.53
202312,4161055000,150601.19
202401,4161055000,141130.92
202402,4161055000,149713.69
202403,4161055000,150684.77
202404,4161055000,150409.45
202405,4161055000,151668.66
202406,4161055000,146159.72
202407,4161055000,151919.34
202408,4161055000,146984.98
202409,4161055000,160442.2
202410,4161055000,162859.45
202411,4161055000,155727.92
202412,4161055000,155809.12
202501,4161055000,162745.3
202502,4161055000,142832.81
202503,4161055000,155495.73
202504,4161055000,156032.6
202505,4161055000,153515.89
202506,4161055000,153661.62
202307,4161056000,68118.77
202308,4161056000,65136.01
202309,4161056000,69301.46
202310,4161056000,66172.73
202311,4161056000,64751.29
202312,4161056000,64561.34
202401,4161056000,63350.32
202402,4161056000,61773.83
202403,4161056000,64040.54
202404,4161056000,64824.85
202405,4161056000,65922.86
202406,4161056000,63556.24
202407,4161056000,64713.12
202408,4161056000,64163.08
202409,4161056000,69967.36
202410,4161056000,65659.42
202411,4161056000,63461.83
202412,4161056000,63745.41
202501,4161056000,65901.44
202502,4161056000,62141.74
202503,4161056000,64289.03
202504,4161056000,65552.15
202505,4161056000,65555.28
202506,4161056000,62652.57
202307,4161057000,72515.73
202308,4161057000,69213.54
202309,4161057000,72447.27
202310,4161057000,72257.18
202311,4161057000,71965.19
202312,4161057000,71885.53
202401,4161057000,67574.24
202402,4161057000,65113.03
202403,4161057000,67408.02
202404,4161057000,66939.2
202405,4161057000,68390.35
202406,4161057000,66128.69
202407,4161057000,67379.45
202408,4161057000,64471.56
202409,4161057000,70358.57
202410,4161057000,68446.83
202411,4161057000,71952.25
202412,4161057000,72532.47
202501,4161057000,75708.48
202502,4161057000,66614.01
202503,4161057000,74486.82
202504,4161057000,73069.43
202505,4161057000,75769.48
202506,4161057000,77696.46
202307,4161058000,29969.53
202308,4161058000,29740.38
202309,4161058000,29000.94
202310,4161058000,31761.89
202311,4161058000,32843.06
202312,4161058000,31080.44
202401,4161058000,33310.42
202402,4161058000,34861.58
202403,4161058000,39420.06
202404,4161058000,38731.96
202405,4161058000,40420.68
202406,4161058000,37635.95
202407,4161058000,40622.35
202408,4161058000,38670.25
202409,4161058000,43385.08
202410,4161058000,38042.41
202411,4161058000,37018.34
202412,4161058000,36373.76
202501,4161058000,42329.44
202502,4161058000,45037.6
202503,4161058000,42142.11
202504,4161058000,41519.03
202505,4161058000,42394.28
202506,4161058000,43111.86
202307,4161059000,45756.63
202308,4161059000,43494.84
202309,4161059000,41299.91
202310,4161059000,46147.6
202311,4161059000,46611.63
202312,4161059000,42740.85
202401,4161059000,42648.76
202402,4161059000,41427.67
202403,4161059000,46556.1
202404,4161059000,45890.42
202405,4161059000,47749.8
202406,4161059000,46187.76
202407,4161059000,47850.17
202408,4161059000,45644.45
202409,4161059000,50435.6
202410,4161059000,40120.69
202411,4161059000,36303.77
202412,4161059000,34474.44
202501,4161059000,44328.06
202502,4161059000,48037.96
202503,4161059000,46846.7
202504,4161059000,46740.42
202505,4161059000,47552.08
202506,4161059000,45374.35
202307,4161060000,54928.03
202308,4161060000,51896.76
202309,4161060000,53711.92
202310,4161060000,56520.86
202311,4161060000,56155.21
202312,4161060000,58297.69
202401,4161060000,55504.38
202402,4161060000,54455.78
202403,4161060000,59029.91
202404,4161060000,58049.98
202405,4161060000,57941.62
202406,4161060000,54860.21
202407,4161060000,56492.93
202408,4161060000,54902.95
202409,4161060000,61547.12
202410,4161060000,54534.52
202411,4161060000,53019.75
202412,4161060000,53005.17
202501,4161060000,63015.42
202502,4161060000,57914.11
202503,4161060000,57142.58
202504,4161060000,54569.82
202505,4161060000,55817.1
202506,4161060000,53047.08
202307,4161061000,32995.64
202308,4161061000,28157.09
202309,4161061000,32464.78
202310,4161061000,32354.27
202311,4161061000,32447.28
202312,4161061000,32558.54
202401,4161061000,31551.3
202402,4161061000,29884.68
202403,4161061000,34022.59
202404,4161061000,32030.5
202405,4161061000,31996.33
202406,4161061000,29884.11
202407,4161061000,29854.04
202408,4161061000,29234.22
202409,4161061000,35439.67
202410,4161061000,28848.45
202411,4161061000,27974.65
202412,4161061000,27745.09
202501,4161061000,33530.41
202502,4161061000,33040.03
202503,4161061000,32583.61
202504,4161061000,31098.31
202505,4161061000,31706.0
202506,4161061000,29381.97
202307,4163025000,26141.6
202308,4163025000,23907.74
202309,4163025000,24150.53
202310,4163025000,24519.47
202311,4163025000,23640.21
202312,4163025000,23045.97
202401,4163025000,23386.08
202402,4163025000,21410.68
202403,4163025000,24762.63
202404,4163025000,23434.77
202405,4163025000,26077.18
202406,4163025000,24821.51
202407,4163025000,23184.75
202408,4163025000,23796.19
202409,4163025000,24927.69
202410,4163025000,24676.01
202411,4163025000,22956.81
202412,4163025000,21962.85
202501,4163025000,23188.43
202502,4163025000,20892.61
202503,4163025000,23378.04
202504,4163025000,23368.67
202505,4163025000,24146.65
202506,4163025000,23302.43
202307,4163031000,2454.04
202308,4163031000,2226.51
202309,4163031000,2325.08
202310,4163031000,2321.29
202311,4163031000,2450.73
202312,4163031000,2150.16
202401,4163031000,2026.62
202402,4163031000,1813.51
202403,4163031000,2187.89
202404,4163031000,2097.02
202405,4163031000,2084.6
202406,4163031000,1858.66
202407,4163031000,1959.48
202408,4163031000,1860.05
202409,4163031000,2265.61
202410,4163031000,2114.79
202411,4163031000,2103.0
202412,4163031000,1875.54
202501,4163031000,1978.83
202502,4163031000,1980.67
202503,4163031000,1931.78
202504,4163031000,1985.4
202505,4163031000,1984.55
202506,4163031000,1867.86
202307,4163032000,1710.86
202308,4163032000,1606.67
202309,4163032000,1690.96
202310,4163032000,1704.37
202311,4163032000,1686.23
202312,4163032000,1565.89
202401,4163032000,1551.66
202402,4163032000,1467.55
202403,4163032000,1638.33
202404,4163032000,1679.52
202405,4163032000,1668.55
202406,4163032000,1594.65
202407,4163032000,1591.36
202408,4163032000,1565.11
202409,4163032000,2000.33
202410,4163032000,1694.87
202411,4163032000,1612.53
202412,4163032000,1457.9
202501,4163032000,1696.23
202502,4163032000,1669.04
202503,4163032000,1614.2
202504,4163032000,1636.36
202505,4163032000,1578.42
202506,4163032000,1546.73
202307,4163033000,7079.08
202308,4163033000,6612.18
202309,4163033000,6452.22
202310,4163033000,6711.02
202311,4163033000,6727.13
202312,4163033000,6190.82
202401,4163033000,6207.84
202402,4163033000,5792.46
202403,4163033000,6772.98
202404,4163033000,6726.63
202405,4163033000,6754.72
202406,4163033000,5904.76
202407,4163033000,6349.98
202408,4163033000,6214.12
202409,4163033000,6892.2
202410,4163033000,6705.0
202411,4163033000,6384.64
202412,4163033000,6098.87
202501,4163033000,6281.84
202502,4163033000,6032.22
202503,4163033000,6125.47
202504,4163033000,6377.99
202505,4163033000,6312.1
202506,4163033000,6098.02
202307,4163034000,31145.08
202308,4163034000,34384.14
202309,4163034000,27686.34
202310,4163034000,27117.84
202311,4163034000,24036.69
202312,4163034000,21044.04
202401,4163034000,21256.34
202402,4163034000,21480.09
202403,4163034000,24705.26
202404,4163034000,25346.27
202405,4163034000,27930.95
202406,4163034000,29116.23
202407,4163034000,29093.88
202408,4163034000,37895.1
202409,4163034000,32236.43
202410,4163034000,27650.31
202411,4163034000,25870.06
202412,4163034000,21072.75
202501,4163034000,25808.29
202502,4163034000,22983.67
202503,4163034000,22731.29
202504,4163034000,26051.37
202505,4163034000,28897.5
202506,4163034000,27431.55
202307,4163051000,7096.76
202308,4163051000,7024.45
202309,4163051000,7490.95
202310,4163051000,7629.3
202311,4163051000,6880.62
202312,4163051000,6245.35
202401,4163051000,6159.48
202402,4163051000,5920.65
202403,4163051000,6770.82
202404,4163051000,7132.06
202405,4163051000,7151.22
202406,4163051000,6623.19
202407,4163051000,6759.79
202408,4163051000,6420.25
202409,4163051000,7150.51
202410,4163051000,6650.03
202411,4163051000,6217.58
202412,4163051000,5680.78
202501,4163051000,6053.36
202502,4163051000,5738.74
202503,4163051000,6090.67
202504,4163051000,6382.29
202505,4163051000,6546.87
202506,4163051000,5962.15
202307,4163052000,197129.34
202308,4163052000,177950.86
202309,4163052000,191376.55
202310,4163052000,196884.69
202311,4163052000,182345.5
202312,4163052000,183521.16
202401,4163052000,190681.5
202402,4163052000,172155.27
202403,4163052000,202255.47
202404,4163052000,190449.48
202405,4163052000,186794.95
202406,4163052000,182704.42
202407,4163052000,181931.98
202408,4163052000,189314.06
202409,4163052000,215943.73
202410,4163052000,202677.25
202411,4163052000,193947.64
202412,4163052000,188808.6
202501,4163052000,193383.1
202502,4163052000,174280.75
202503,4163052000,194587.44
202504,4163052000,191502.84
202505,4163052000,200000.05
202506,4163052000,189324.77
202307,4163053000,71090.38
202308,4163053000,76578.65
202309,4163053000,70867.74
202310,4163053000,72739.37
202311,4163053000,57891.61
202312,4163053000,63532.19
202401,4163053000,65282.09
202402,4163053000,63934.12
202403,4163053000,76759.46
202404,4163053000,71355.84
202405,4163053000,78935.08
202406,4163053000,68451.7
202407,4163053000,67248.33
202408,4163053000,67868.97
202409,4163053000,75994.44
202410,4163053000,78828.62
202411,4163053000,64724.86
202412,4163053000,66186.21
202501,4163053000,72963.08
202502,4163053000,67488.39
202503,4163053000,69499.24
202504,4163053000,76837.9
202505,4163053000,75115.85
202506,4163053000,72563.06
202307,4163054000,132980.52
202308,4163054000,122990.18
202309,4163054000,123826.07
202310,4163054000,146917.4
202311,4163054000,170335.98
202312,4163054000,162461.56
202401,4163054000,157212.98
202402,4163054000,168789.66
202403,4163054000,182685.55
202404,4163054000,169736.67
202405,4163054000,171156.62
202406,4163054000,178019.66
202407,4163054000,184174.48
202408,4163054000,188748.52
202409,4163054000,193656.2
202410,4163054000,184211.23
202411,4163054000,180329.34
202412,4163054000,186666.94
202501,4163054000,195897.05
202502,4163054000,173543.44
202503,4163054000,188979.88
202504,4163054000,181454.02
202505,4163054000,198209.23
202506,4163054000,182414.19
202307,4163055000,149680.66
202308,4163055000,136579.92
202309,4163055000,138852.03
202310,4163055000,139230.23
202311,4163055000,138622.27
202312,4163055000,136421.94
202401,4163055000,142436.17
202402,4163055000,134579.16
202403,4163055000,154190.98
202404,4163055000,141341.94
202405,4163055000,137296.44
202406,4163055000,138707.55
202407,4163055000,137411.25
202408,4163055000,139537.69
202409,4163055000,151027.23
202410,4163055000,141518.62
202411,4163055000,161275.3
202412,4163055000,156207.81
202501,4163055000,156860.56
202502,4163055000,139552.31
202503,4163055000,158730.45
202504,4163055000,148069.2
202505,4163055000,152283.36
202506,4163055000,150205.75
202401,4163057000,151849.2
202402,4163057000,143992.25
202403,4163057000,172497.8
202404,4163057000,173353.64
202405,4163057000,177126.58
202406,4163057000,168269.27
202407,4163057000,165364.98
202408,4163057000,173404.73
202409,4163057000,176055.33
202410,4163057000,162004.14
202411,4163057000,156504.08
202412,4163057000,160115.77
202501,4163057000,171179.67
202502,4163057000,150853.77
202503,4163057000,167197.55
202504,4163057000,164085.89
202505,4163057000,175491.38
202506,4163057000,168850.69
202401,4163058000,119507.94
202402,4163058000,125302.38
202403,4163058000,126666.41
202404,4163058000,113923.56
202405,4163058000,105993.34
202406,4163058000,100461.34
202407,4163058000,115457.59
202408,4163058000,120539.81
202409,4163058000,120898.91
202410,4163058000,116087.79
202411,4163058000,115041.61
202412,4163058000,114366.54
202501,4163058000,116721.6
202502,4163058000,105785.67
202503,4163058000,117303.93
202504,4163058000,119146.81
202505,4163058000,124672.39
202506,4163058000,122354.95
202307,4165025000,84735.53
202308,4165025000,82750.02
202309,4165025000,86376.32
202310,4165025000,97916.4
202311,4165025000,100958.82
202312,4165025000,100847.46
202401,4165025000,95088.45
202402,4165025000,90580.83
202403,4165025000,103101.28
202404,4165025000,98766.85
202405,4165025000,105491.19
202406,4165025000,97624.37
202407,4165025000,97882.22
202408,4165025000,98593.04
202409,4165025000,105335.03
202410,4165025000,96875.38
202411,4165025000,92298.69
202412,4165025000,92069.7
202501,4165025000,100251.66
202502,4165025000,92683.65
202503,4165025000,101082.48
202504,4165025000,94557.84
202505,4165025000,95394.11
202506,4165025000,88960.92
202307,4165031000,5940.84
202308,4165031000,5940.51
202309,4165031000,6571.36
202310,4165031000,7680.99
202311,4165031000,7461.69
202312,4165031000,6763.81
202401,4165031000,6897.28
202402,4165031000,7095.32
202403,4165031000,8117.12
202404,4165031000,8091.0
202405,4165031000,8345.5
202406,4165031000,7924.42
202407,4165031000,7749.13
202408,4165031000,7566.25
202409,4165031000,8334.1
202410,4165031000,8154.45
202411,4165031000,7531.41
202412,4165031000,6790.07
202501,4165031000,7185.84
202502,4165031000,7215.38
202503,4165031000,8435.4
202504,4165031000,8301.22
202505,4165031000,8409.57
202506,4165031000,7895.68
202307,4165032000,292.65
202308,4165032000,314.24
202309,4165032000,319.38
202310,4165032000,363.5
202311,4165032000,335.16
202312,4165032000,316.04
202401,4165032000,308.22
202402,4165032000,293.19
202403,4165032000,320.71
202404,4165032000,333.2
202405,4165032000,360.27
202406,4165032000,326.56
202407,4165032000,330.75
202408,4165032000,334.8
202409,4165032000,344.23
202410,4165032000,322.28
202411,4165032000,302.19
202412,4165032000,271.6
202501,4165032000,293.18
202502,4165032000,292.34
202503,4165032000,312.59
202504,4165032000,327.1
202505,4165032000,344.21
202506,4165032000,319.59
202307,4165033000,1697.79
202308,4165033000,1677.79
202309,4165033000,1619.64
202310,4165033000,1822.26
202311,4165033000,1954.94
202312,4165033000,1800.3
202401,4165033000,1900.11
202402,4165033000,1772.7
202403,4165033000,1951.13
202404,4165033000,1984.3
202405,4165033000,1990.36
202406,4165033000,1852.13
202407,4165033000,1909.75
202408,4165033000,1832.43
202409,4165033000,1921.04
202410,4165033000,1862.38
202411,4165033000,1719.52
202412,4165033000,1582.11
202501,4165033000,1652.4
202502,4165033000,1774.65
202503,4165033000,1881.57
202504,4165033000,1936.49
202505,4165033000,1787.44
202506,4165033000,1699.64
202307,4165034000,3472.93
202308,4165034000,3579.46
202309,4165034000,3707.75
202310,4165034000,4368.49
202311,4165034000,3647.02
202312,4165034000,3286.68
202401,4165034000,3035.36
202402,4165034000,3273.7
202403,4165034000,3816.24
202404,4165034000,3816.9
202405,4165034000,4160.4
202406,4165034000,3750.52
202407,4165034000,3381.73
202408,4165034000,3573.38
202409,4165034000,4045.49
202410,4165034000,3924.46
202411,4165034000,3353.51
202412,4165034000,2822.61
202501,4165034000,3218.49
202502,4165034000,3060.74
202503,4165034000,3326.99
202504,4165034000,3433.98
202505,4165034000,3913.94
202506,4165034000,3376.63
202307,4165036000,439.33
202308,4165036000,438.28
202309,4165036000,471.57
202310,4165036000,535.09
202311,4165036000,479.79
202312,4165036000,407.92
202401,4165036000,410.15
202402,4165036000,407.33
202403,4165036000,474.98
202404,4165036000,479.65
202405,4165036000,519.72
202406,4165036000,501.44
202407,4165036000,476.57
202408,4165036000,476.34
202409,4165036000,542.9
202410,4165036000,527.56
202411,4165036000,482.22
202412,4165036000,378.4
202501,4165036000,429.97
202502,4165036000,418.36
202503,4165036000,452.05
202504,4165036000,462.55
202505,4165036000,496.03
202506,4165036000,460.04
202307,4165037000,622.21
202308,4165037000,607.35
202309,4165037000,620.05
202310,4165037000,670.67
202311,4165037000,633.02
202312,4165037000,567.25
202401,4165037000,520.68
202402,4165037000,543.98
202403,4165037000,666.13
202404,4165037000,664.85
202405,4165037000,704.84
202406,4165037000,667.64
202407,4165037000,637.19
202408,4165037000,671.83
202409,4165037000,804.52
202410,4165037000,654.27
202411,4165037000,608.59
202412,4165037000,501.13
202501,4165037000,653.95
202502,4165037000,587.62
202503,4165037000,622.79
202504,4165037000,636.66
202505,4165037000,683.41
202506,4165037000,614.83
202307,4165038000,1520.77
202308,4165038000,1853.97
202309,4165038000,1359.42
202310,4165038000,1567.13
202311,4165038000,1291.35
202312,4165038000,1220.7
202401,4165038000,1120.72
202402,4165038000,1066.84
202403,4165038000,1208.04
202404,4165038000,1338.18
202405,4165038000,1495.22
202406,4165038000,1473.48
202407,4165038000,1506.58
202408,4165038000,2140.41
202409,4165038000,1854.96
202410,4165038000,1316.19
202411,4165038000,1149.93
202412,4165038000,878.28
202501,4165038000,1372.2
202502,4165038000,1226.44
202503,4165038000,1168.52
202504,4165038000,1198.28
202505,4165038000,1428.23
202506,4165038000,1299.41
202307,4165039000,1795.06
202308,4165039000,1906.73
202309,4165039000,1916.41
202310,4165039000,2698.96
202311,4165039000,2094.39
202312,4165039000,1793.5
202401,4165039000,1665.01
202402,4165039000,1721.56
202403,4165039000,1957.68
202404,4165039000,2155.34
202405,4165039000,2398.37
202406,4165039000,2199.78
202407,4165039000,1859.59
202408,4165039000,2073.78
202409,4165039000,2528.52
202410,4165039000,2427.04
202411,4165039000,1903.47
202412,4165039000,1234.16
202501,4165039000,1739.22
202502,4165039000,1609.81
202503,4165039000,1774.81
202504,4165039000,1845.35
202505,4165039000,2307.99
202506,4165039000,1962.6
202307,4165040000,298.84
202308,4165040000,502.11
202309,4165040000,359.52
202310,4165040000,404.82
202311,4165040000,142.34
202312,4165040000,43.91
202401,4165040000,127.76
202402,4165040000,156.22
202403,4165040000,168.32
202404,4165040000,365.64
202405,4165040000,407.11
202406,4165040000,286.36
202407,4165040000,192.6
202408,4165040000,403.35
202409,4165040000,794.69
202410,4165040000,722.5
202411,4165040000,332.48
202412,4165040000,86.95
202501,4165040000,262.99
202502,4165040000,145.56
202503,4165040000,137.28
202504,4165040000,187.47
202505,4165040000,514.92
202506,4165040000,285.73
202307,4165041000,126.76
202308,4165041000,139.06
202309,4165041000,135.8
202310,4165041000,153.51
202311,4165041000,127.36
202312,4165041000,97.42
202401,4165041000,86.37
202402,4165041000,100.81
202403,4165041000,137.46
202404,4165041000,139.41
202405,4165041000,156.12
202406,4165041000,145.42
202407,4165041000,134.35
202408,4165041000,152.33
202409,4165041000,160.94
202410,4165041000,147.15
202411,4165041000,127.51
202412,4165041000,85.86
202501,4165041000,104.5
202502,4165041000,99.96
202503,4165041000,128.57
202504,4165041000,130.96
202505,4165041000,145.55
202506,4165041000,134.17
202307,4165051000,31341.94
202308,4165051000,26938.52
202309,4165051000,26868.51
202310,4165051000,27033.66
202311,4165051000,26430.23
202312,4165051000,26491.47
202401,4165051000,26922.48
202402,4165051000,25078.03
202403,4165051000,28713.85
202404,4165051000,28643.94
202405,4165051000,27121.02
202406,4165051000,26358.67
202407,4165051000,27818.08
202408,4165051000,27533.31
202409,4165051000,29904.02
202410,4165051000,27718.09
202411,4165051000,27051.48
202412,4165051000,26873.88
202501,4165051000,28377.55
202502,4165051000,25453.77
202503,4165051000,27616.47
202504,4165051000,27571.09
202505,4165051000,28130.66
202506,4165051000,26820.88
202307,4165052000,38935.73
202308,4165052000,37139.73
202309,4165052000,43411.6
202310,4165052000,41610.19
202311,4165052000,41563.82
202312,4165052000,37047.34
202401,4165052000,36289.8
202402,4165052000,35167.34
202403,4165052000,46686.14
202404,4165052000,43755.98
202405,4165052000,43319.87
202406,4165052000,39826.47
202407,4165052000,37716.75
202408,4165052000,38604.71
202409,4165052000,48906.13
202410,4165052000,43246.31
202411,4165052000,42197.6
202412,4165052000,39427.8
202501,4165052000,39901.01
202502,4165052000,37990.46
202503,4165052000,46625.49
202504,4165052000,44147.15
202505,4165052000,43046.31
202506,4165052000,40156.22
202307,4167025000,4785.07
202308,4167025000,4904.3
202309,4167025000,5353.6
202310,4167025000,5184.36
202311,4167025000,4912.66
202312,4167025000,4302.41
202401,4167025000,4027.6
202402,4167025000,4307.05
202403,4167025000,4765.43
202404,4167025000,4896.12
202405,4167025000,5117.53
202406,4167025000,4765.29
202407,4167025000,4692.1
202408,4167025000,4798.59
202409,4167025000,5369.48
202410,4167025000,5078.52
202411,4167025000,4749.62
202412,4167025000,4141.4
202501,4167025000,4637.56
202502,4167025000,4081.23
202503,4167025000,4600.71
202504,4167025000,4846.71
202505,4167025000,5175.29
202506,4167025000,4724.35
202307,4167031000,357.5
202308,4167031000,351.01
202309,4167031000,398.17
202310,4167031000,405.9
202311,4167031000,358.27
202312,4167031000,292.07
202401,4167031000,281.34
202402,4167031000,314.06
202403,4167031000,353.16
202404,4167031000,398.48
202405,4167031000,398.09
202406,4167031000,355.3
202407,4167031000,329.71
202408,4167031000,351.69
202409,4167031000,426.48
202410,4167031000,380.63
202411,4167031000,347.78
202412,4167031000,255.15
202501,4167031000,296.63
202502,4167031000,278.06
202503,4167031000,344.56
202504,4167031000,366.62
202505,4167031000,406.43
202506,4167031000,366.71
202307,4167032000,103.39
202308,4167032000,101.71
202309,4167032000,114.9
202310,4167032000,113.96
202311,4167032000,102.35
202312,4167032000,89.68
202401,4167032000,84.05
202402,4167032000,95.84
202403,4167032000,106.83
202404,4167032000,129.8
202405,4167032000,117.46
202406,4167032000,104.37
202407,4167032000,97.92
202408,4167032000,96.67
202409,4167032000,116.4
202410,4167032000,105.71
202411,4167032000,98.9
202412,4167032000,84.03
202501,4167032000,94.4
202502,4167032000,80.28
202503,4167032000,99.02
202504,4167032000,116.72
202505,4167032000,113.5
202506,4167032000,99.74
202307,4167033000,120.32
202308,4167033000,138.17
202309,4167033000,126.8
202310,4167033000,161.35
202311,4167033000,100.39
202312,4167033000,53.56
202401,4167033000,36.04
202402,4167033000,58.41
202403,4167033000,94.52
202404,4167033000,133.86
202405,4167033000,155.35
202406,4167033000,129.27
202407,4167033000,82.77
202408,4167033000,113.32
202409,4167033000,146.03
202410,4167033000,147.03
202411,4167033000,98.54
202412,4167033000,38.43
202501,4167033000,64.26
202502,4167033000,41.0
202503,4167033000,69.49
202504,4167033000,112.75
202505,4167033000,133.94
202506,4167033000,132.08
202307,4167034500,266.08
202308,4167034500,266.12
202309,4167034500,302.73
202310,4167034500,320.31
202311,4167034500,269.14
202312,4167034500,227.15
202401,4167034500,203.73
202402,4167034500,225.13
202403,4167034500,282.63
202404,4167034500,288.08
202405,4167034500,301.87
202406,4167034500,273.59
202407,4167034500,253.35
202408,4167034500,251.26
202409,4167034500,294.01
202410,4167034500,298.09
202411,4167034500,274.23
202412,4167034500,224.17
202501,4167034500,229.82
202502,4167034500,199.19
202503,4167034500,263.9
202504,4167034500,276.63
202505,4167034500,295.25
202506,4167034500,258.62
202307,4167035000,369.36
202308,4167035000,378.91
202309,4167035000,431.58
202310,4167035000,421.63
202311,4167035000,365.69
202312,4167035000,328.33
202401,4167035000,287.23
202402,4167035000,332.54
202403,4167035000,373.59
202404,4167035000,420.16
202405,4167035000,433.54
202406,4167035000,401.58
202407,4167035000,366.92
202408,4167035000,395.82
202409,4167035000,483.59
202410,4167035000,463.39
202411,4167035000,389.65
202412,4167035000,308.84
202501,4167035000,368.53
202502,4167035000,301.23
202503,4167035000,369.22
202504,4167035000,384.07
202505,4167035000,415.16
202506,4167035000,358.96
202307,4167036000,16.29
202308,4167036000,16.25
202309,4167036000,17.06
202310,4167036000,18.06
202311,4167036000,15.79
202312,4167036000,12.66
202401,4167036000,10.97
202402,4167036000,13.04
202403,4167036000,16.85
202404,4167036000,18.11
202405,4167036000,18.6
202406,4167036000,17.63
202407,4167036000,15.72
202408,4167036000,16.18
202409,4167036000,18.74
202410,4167036000,17.62
202411,4167036000,16.01
202412,4167036000,12.72
202501,4167036000,12.87
202502,4167036000,12.01
202503,4167036000,17.0
202504,4167036000,17.77
202505,4167036000,18.98
202506,4167036000,17.32
202307,4167037000,357.35
202308,4167037000,369.51
202309,4167037000,381.09
202310,4167037000,422.28
202311,4167037000,355.04
202312,4167037000,301.06
202401,4167037000,292.72
202402,4167037000,318.96
202403,4167037000,355.63
202404,4167037000,379.63
202405,4167037000,412.67
202406,4167037000,401.45
202407,4167037000,348.82
202408,4167037000,365.86
202409,4167037000,420.42
202410,4167037000,418.26
202411,4167037000,392.99
202412,4167037000,288.93
202501,4167037000,338.46
202502,4167037000,300.21
202503,4167037000,353.44
202504,4167037000,364.35
202505,4167037000,412.49
202506,4167037000,367.63
202307,4167038000,65.01
202308,4167038000,67.0
202309,4167038000,71.29
202310,4167038000,74.14
202311,4167038000,65.08
202312,4167038000,66.29
202401,4167038000,49.3
202402,4167038000,50.32
202403,4167038000,63.55
202404,4167038000,68.89
202405,4167038000,70.74
202406,4167038000,67.19
202407,4167038000,62.43
202408,4167038000,66.36
202409,4167038000,75.42
202410,4167038000,74.22
202411,4167038000,69.62
202412,4167038000,67.28
202501,4167038000,57.89
202502,4167038000,51.67
202503,4167038000,65.49
202504,4167038000,67.65
202505,4167038000,73.38
202506,4167038000,66.49
202307,4167051000,30680.67
202308,4167051000,30635.84
202309,4167051000,31721.39
202310,4167051000,33775.78
202311,4167051000,30351.32
202312,4167051000,29047.01
202401,4167051000,27006.25
202402,4167051000,27441.08
202403,4167051000,30758.75
202404,4167051000,30477.82
202405,4167051000,32169.02
202406,4167051000,30947.62
202407,4167051000,30054.87
202408,4167051000,30057.16
202409,4167051000,32451.46
202410,4167051000,32428.89
202411,4167051000,30336.26
202412,4167051000,28457.43
202501,4167051000,29002.72
202502,4167051000,26447.3
202503,4167051000,30102.38
202504,4167051000,29643.88
202505,4167051000,32233.51
202506,4167051000,29191.89
202307,4167052000,23533.79
202308,4167052000,23806.94
202309,4167052000,24317.0
202310,4167052000,24607.59
202311,4167052000,23757.97
202312,4167052000,23446.78
202401,4167052000,22292.2
202402,4167052000,22579.76
202403,4167052000,25531.26
202404,4167052000,25694.66
202405,4167052000,26495.12
202406,4167052000,25334.61
202407,4167052000,24974.55
202408,4167052000,24479.14
202409,4167052000,27030.14
202410,4167052000,26101.62
202411,4167052000,25297.76
202412,4167052000,24543.11
202501,4167052000,24930.7
202502,4167052000,22666.06
202503,4167052000,25534.24
202504,4167052000,25158.08
202505,4167052000,25439.46
202506,4167052000,23919.55
202307,4167053000,64673.16
202308,4167053000,62918.33
202309,4167053000,63371.73
202310,4167053000,68921.64
202311,4167053000,61253.25
202312,4167053000,61648.9
202401,4167053000,58155.03
202402,4167053000,60746.27
202403,4167053000,60875.13
202404,4167053000,60408.29
202405,4167053000,66272.14
202406,4167053000,61075.02
202407,4167053000,63080.24
202408,4167053000,62408.99
202409,4167053000,66380.98
202410,4167053000,65318.84
202411,4167053000,60514.76
202412,4167053000,59871.34
202501,4167053000,63121.92
202502,4167053000,57216.81
202503,4167053000,74042.89
202504,4167053000,61845.05
202505,4167053000,70867.16
202506,4167053000,60301.17
202307,4180025000,973.19
202308,4180025000,1030.68
202309,4180025000,1065.37
202310,4180025000,1146.93
202311,4180025000,1080.07
202312,4180025000,1051.74
202401,4180025000,1036.68
202402,4180025000,1057.39
202403,4180025000,1133.98
202404,4180025000,1093.23
202405,4180025000,1152.56
202406,4180025000,1117.61
202407,4180025000,1163.82
202408,4180025000,1155.12
202409,4180025000,1443.26
202410,4180025000,1220.81
202411,4180025000,1113.47
202412,4180025000,955.58
202501,4180025000,1248.07
202502,4180025000,1088.38
202503,4180025000,1026.73
202504,4180025000,1105.34
202505,4180025000,1176.07
202506,4180025000,1045.23
202307,4180025300,14487.06
202308,4180025300,13140.75
202309,4180025300,13730.2
202310,4180025300,15424.33
202311,4180025300,15034.96
202312,4180025300,14462.84
202401,4180025300,13842.18
202402,4180025300,13470.74
202403,4180025300,15194.36
202404,4180025300,14915.84
202405,4180025300,15971.75
202406,4180025300,14330.92
202407,4180025300,15091.32
202408,4180025300,15051.94
202409,4180025300,17134.39
202410,4180025300,15886.55
202411,4180025300,14309.59
202412,4180025300,13405.16
202501,4180025300,15594.43
202502,4180025300,14838.88
202503,4180025300,14899.32
202504,4180025300,15471.94
202505,4180025300,17865.04
202506,4180025300,15234.34
202307,4180031000,19.27
202308,4180031000,19.14
202309,4180031000,20.13
202310,4180031000,20.17
202311,4180031000,18.07
202312,4180031000,15.41
202401,4180031000,14.68
202402,4180031000,16.66
202403,4180031000,17.98
202404,4180031000,16.79
202405,4180031000,16.95
202406,4180031000,15.87
202407,4180031000,16.98
202408,4180031000,18.09
202409,4180031000,26.08
202410,4180031000,17.4
202411,4180031000,15.79
202412,4180031000,11.77
202501,4180031000,21.47
202502,4180031000,18.5
202503,4180031000,14.02
202504,4180031000,16.09
202505,4180031000,17.58
202506,4180031000,15.69
202307,4180032000,275.77
202308,4180032000,277.97
202309,4180032000,260.81
202310,4180032000,270.0
202311,4180032000,270.32
202312,4180032000,252.73
202401,4180032000,245.79
202402,4180032000,246.13
202403,4180032000,278.91
202404,4180032000,286.83
202405,4180032000,280.5
202406,4180032000,273.13
202407,4180032000,297.38
202408,4180032000,315.49
202409,4180032000,406.1
202410,4180032000,320.61
202411,4180032000,273.98
202412,4180032000,238.11
202501,4180032000,340.76
202502,4180032000,312.6
202503,4180032000,266.93
202504,4180032000,294.86
202505,4180032000,315.52
202506,4180032000,292.41
202307,4180034000,38.21
202308,4180034000,36.06
202309,4180034000,46.35
202310,4180034000,56.6
202311,4180034000,37.23
202312,4180034000,26.16
202401,4180034000,16.78
202402,4180034000,25.78
202403,4180034000,38.48
202404,4180034000,42.2
202405,4180034000,44.53
202406,4180034000,40.96
202407,4180034000,35.42
202408,4180034000,40.8
202409,4180034000,72.4
202410,4180034000,55.87
202411,4180034000,45.86
202412,4180034000,31.32
202501,4180034000,48.42
202502,4180034000,36.36
202503,4180034000,32.92
202504,4180034000,38.54
202505,4180034000,47.68
202506,4180034000,38.54
202307,4180035000,0.09
202309,4180035000,1.13
202310,4180035000,1.31
202311,4180035000,0.36
202312,4180035000,0.2
202402,4180035000,0.36
202403,4180035000,0.46
202404,4180035000,1.1
202405,4180035000,1.35
202406,4180035000,1.06
202407,4180035000,0.39
202408,4180035000,0.73
202409,4180035000,2.19
202410,4180035000,1.47
202411,4180035000,1.11
202412,4180035000,0.08
202501,4180035000,0.77
202502,4180035000,0.34
202503,4180035000,0.25
202504,4180035000,0.63
202505,4180035000,1.7
202506,4180035000,1.02
202309,4180037000,3.73
202310,4180037000,7.18
202311,4180037000,0.27
202402,4180037000,0.09
202408,4180037000,0.18
202409,4180037000,9.65
202410,4180037000,10.91
202411,4180037000,1.15
202501,4180037000,1.55
202502,4180037000,0.86
202504,4180037000,0.02
202505,4180037000,0.1
202307,4180038000,196.44
202308,4180038000,175.01
202309,4180038000,408.01
202310,4180038000,333.08
202311,4180038000,193.36
202312,4180038000,152.95
202401,4180038000,93.43
202402,4180038000,152.07
202403,4180038000,224.75
202404,4180038000,244.55
202405,4180038000,252.2
202406,4180038000,266.11
202407,4180038000,188.73
202408,4180038000,203.36
202409,4180038000,437.62
202410,4180038000,299.21
202411,4180038000,224.18
202412,4180038000,125.27
202501,4180038000,279.4
202502,4180038000,212.37
202503,4180038000,173.38
202504,4180038000,219.52
202505,4180038000,329.28
202506,4180038000,259.38
202307,4182025000,17556.07
202308,4182025000,20192.6
202309,4182025000,15199.0
202310,4182025000,16304.17
202311,4182025000,12550.05
202312,4182025000,11971.5
202401,4182025000,11271.6
202402,4182025000,11087.21
202403,4182025000,12905.23
202404,4182025000,13926.78
202405,4182025000,15397.57
202406,4182025000,16218.09
202407,4182025000,16816.3
202408,4182025000,20661.1
202409,4182025000,17943.29
202410,4182025000,15867.29
202411,4182025000,14532.18
202412,4182025000,12292.79
202501,4182025000,13915.81
202502,4182025000,12041.53
202503,4182025000,13096.19
202504,4182025000,13859.03
202505,4182025000,16271.18
202506,4182025000,15061.3
202307,4182031000,4318.16
202308,4182031000,5067.7
202309,4182031000,3758.98
202310,4182031000,4349.82
202311,4182031000,2921.49
202312,4182031000,2740.05
202401,4182031000,2635.1
202402,4182031000,2613.8
202403,4182031000,3092.78
202404,4182031000,3472.81
202405,4182031000,3858.27
202406,4182031000,4079.37
202407,4182031000,4205.3
202408,4182031000,5495.79
202409,4182031000,4082.45
202410,4182031000,3930.08
202411,4182031000,3297.11
202412,4182031000,2798.05
202501,4182031000,3292.7
202502,4182031000,2911.68
202503,4182031000,3237.15
202504,4182031000,3543.03
202505,4182031000,3939.16
202506,4182031000,3705.24
202307,4182032500,10286.89
202308,4182032500,10919.45
202309,4182032500,8621.47
202310,4182032500,8820.65
202311,4182032500,6790.94
202312,4182032500,6534.41
202401,4182032500,6482.6
202402,4182032500,6252.62
202403,4182032500,8201.99
202404,4182032500,8616.16
202405,4182032500,8848.82
202406,4182032500,8961.25
202407,4182032500,9485.77
202408,4182032500,10905.83
202409,4182032500,9661.33
202410,4182032500,7852.22
202411,4182032500,7337.81
202412,4182032500,6378.82
202501,4182032500,7365.57
202502,4182032500,6448.93
202503,4182032500,7468.69
202504,4182032500,7797.47
202505,4182032500,9388.77
202506,4182032500,8275.33
202307,4182033000,2199.4
202308,4182033000,2510.45
202309,4182033000,1677.55
202310,4182033000,1867.09
202311,4182033000,1201.41
202312,4182033000,1077.85
202401,4182033000,780.76
202402,4182033000,1032.26
202403,4182033000,1155.12
202404,4182033000,1502.89
202405,4182033000,1803.55
202406,4182033000,1973.83
202407,4182033000,2129.44
202408,4182033000,2709.71
202409,4182033000,2244.33
202410,4182033000,1764.75
202411,4182033000,1510.12
202412,4182033000,1120.17
202501,4182033000,1517.2
202502,4182033000,1200.41
202503,4182033000,1157.27
202504,4182033000,1417.37
202505,4182033000,2030.36
202506,4182033000,1874.51
202307,4182034500,4225.37
202308,4182034500,4507.36
202309,4182034500,3956.14
202310,4182034500,3984.25
202311,4182034500,3451.98
202312,4182034500,3042.61
202401,4182034500,2782.63
202402,4182034500,2827.15
202403,4182034500,3473.71
202404,4182034500,3802.16
202405,4182034500,4006.36
202406,4182034500,3973.96
202407,4182034500,3706.15
202408,4182034500,4459.04
202409,4182034500,4540.16
202410,4182034500,3674.74
202411,4182034500,3453.49
202412,4182034500,2914.24
202501,4182034500,3525.71
202502,4182034500,2980.87
202503,4182034500,3428.74
202504,4182034500,3484.97
202505,4182034500,4044.33
202506,4182034500,3774.99
202307,4182035000,717.14
202308,4182035000,1050.17
202309,4182035000,385.17
202310,4182035000,359.56
202311,4182035000,183.63
202312,4182035000,174.37
202401,4182035000,117.84
202402,4182035000,168.92
202403,4182035000,166.28
202404,4182035000,228.9
202405,4182035000,311.53
202406,4182035000,468.45
202407,4182035000,546.43
202408,4182035000,1102.74
202409,4182035000,423.09
202410,4182035000,270.96
202411,4182035000,194.42
202412,4182035000,128.08
202501,4182035000,215.81
202502,4182035000,146.29
202503,4182035000,138.96
202504,4182035000,164.91
202505,4182035000,331.3
202506,4182035000,322.15
202307,4183025000,30467.17
202308,4183025000,29748.43
202309,4183025000,30021.39
202310,4183025000,32307.45
202311,4183025000,31389.38
202312,4183025000,31922.6
202401,4183025000,28922.5
202402,4183025000,27106.04
202403,4183025000,32038.98
202404,4183025000,32954.39
202405,4183025000,33755.14
202406,4183025000,32024.13
202407,4183025000,32447.15
202408,4183025000,32618.3
202409,4183025000,36156.42
202410,4183025000,34141.55
202411,4183025000,32828.36
202412,4183025000,32543.29
202501,4183025000,34219.37
202502,4183025000,30057.7
202503,4183025000,32932.31
202504,4183025000,33274.66
202505,4183025000,34641.75
202506,4183025000,33305.59
202307,4183031000,2674.49
202308,4183031000,2731.83
202309,4183031000,2736.63
202310,4183031000,2794.49
202311,4183031000,2460.92
202312,4183031000,2316.18
202401,4183031000,2160.7
202402,4183031000,2261.91
202403,4183031000,2503.68
202404,4183031000,2700.51
202405,4183031000,3052.3
202406,4183031000,2917.47
202407,4183031000,2778.47
202408,4183031000,2921.89
202409,4183031000,3252.25
202410,4183031000,2925.71
202411,4183031000,2798.58
202412,4183031000,2532.18
202501,4183031000,2654.16
202502,4183031000,2230.56
202503,4183031000,2576.9
202504,4183031000,2708.27
202505,4183031000,2989.97
202506,4183031000,2774.39
202307,4183032000,1453.52
202308,4183032000,1450.0
202309,4183032000,1457.23
202310,4183032000,1463.26
202311,4183032000,1221.31
202312,4183032000,1211.49
202401,4183032000,1118.68
202402,4183032000,1139.94
202403,4183032000,1250.38
202404,4183032000,1386.25
202405,4183032000,1554.52
202406,4183032000,1462.26
202407,4183032000,1410.84
202408,4183032000,1480.82
202409,4183032000,1462.6
202410,4183032000,1347.74
202411,4183032000,1328.8
202412,4183032000,1199.17
202501,4183032000,1417.2
202502,4183032000,1116.05
202503,4183032000,1313.54
202504,4183032000,1378.58
202505,4183032000,1551.08
202506,4183032000,1380.83
202307,4183033000,6222.14
202308,4183033000,5950.05
202309,4183033000,6012.45
202310,4183033000,6268.24
202311,4183033000,5108.19
202312,4183033000,5101.0
202401,4183033000,4650.73
202402,4183033000,4644.66
202403,4183033000,5661.49
202404,4183033000,6061.98
202405,4183033000,6390.77
202406,4183033000,5862.8
202407,4183033000,5723.85
202408,4183033000,5649.71
202409,4183033000,6608.83
202410,4183033000,6236.41
202411,4183033000,5599.49
202412,4183033000,4853.32
202501,4183033000,5150.76
202502,4183033000,4551.07
202503,4183033000,5432.13
202504,4183033000,5621.11
202505,4183033000,6165.7
202506,4183033000,5662.99
202307,4183034000,897.64
202308,4183034000,985.82
202309,4183034000,859.24
202310,4183034000,919.32
202311,4183034000,752.31
202312,4183034000,712.02
202401,4183034000,638.92
202402,4183034000,693.43
202403,4183034000,767.3
202404,4183034000,826.72
202405,4183034000,916.29
202406,4183034000,863.84
202407,4183034000,862.83
202408,4183034000,1014.0
202409,4183034000,960.28
202410,4183034000,844.8
202411,4183034000,794.89
202412,4183034000,690.27
202501,4183034000,798.39
202502,4183034000,657.16
202503,4183034000,748.24
202504,4183034000,768.77
202505,4183034000,873.67
202506,4183034000,828.78
202307,4183035000,1634.65
202308,4183035000,1708.11
202309,4183035000,1536.57
202310,4183035000,1857.87
202311,4183035000,1278.12
202312,4183035000,1067.39
202401,4183035000,863.23
202402,4183035000,900.19
202403,4183035000,1152.15
202404,4183035000,1368.26
202405,4183035000,1434.33
202406,4183035000,1490.24
202407,4183035000,1380.9
202408,4183035000,1668.59
202409,4183035000,1503.21
202410,4183035000,1329.27
202411,4183035000,1173.86
202412,4183035000,1021.52
202501,4183035000,1101.72
202502,4183035000,877.48
202503,4183035000,1086.51
202504,4183035000,1222.05
202505,4183035000,1472.6
202506,4183035000,1270.39
202307,4183036000,37.21
202308,4183036000,42.2
202309,4183036000,32.42
202310,4183036000,31.38
202311,4183036000,25.34
202312,4183036000,26.87
202401,4183036000,26.05
202402,4183036000,25.52
202403,4183036000,25.91
202404,4183036000,29.75
202405,4183036000,32.52
202406,4183036000,34.07
202407,4183036000,34.46
202408,4183036000,44.04
202409,4183036000,33.55
202410,4183036000,29.07
202411,4183036000,26.6
202412,4183036000,24.28
202501,4183036000,29.6
202502,4183036000,22.66
202503,4183036000,25.47
202504,4183036000,26.62
202505,4183036000,32.88
202506,4183036000,29.74
202307,4183037000,11.56
202308,4183037000,12.31
202309,4183037000,11.13
202310,4183037000,10.93
202311,4183037000,8.3
202312,4183037000,7.56
202401,4183037000,6.39
202402,4183037000,7.35
202403,4183037000,8.69
202404,4183037000,10.47
202405,4183037000,11.52
202406,4183037000,11.22
202407,4183037000,10.64
202408,4183037000,13.01
202409,4183037000,11.78
202410,4183037000,10.06
202411,4183037000,9.24
202412,4183037000,7.0
202501,4183037000,9.26
202502,4183037000,6.46
202503,4183037000,8.33
202504,4183037000,8.7
202505,4183037000,10.8
202506,4183037000,10.03
202307,4183038000,384.83
202308,4183038000,405.71
202309,4183038000,407.28
202310,4183038000,416.67
202311,4183038000,285.54
202312,4183038000,263.75
202401,4183038000,239.41
202402,4183038000,291.1
202403,4183038000,311.44
202404,4183038000,363.12
202405,4183038000,398.2
202406,4183038000,380.04
202407,4183038000,328.77
202408,4183038000,410.82
202409,4183038000,439.46
202410,4183038000,409.54
202411,4183038000,347.91
202412,4183038000,270.46
202501,4183038000,336.38
202502,4183038000,265.96
202503,4183038000,291.07
202504,4183038000,329.6
202505,4183038000,411.68
202506,4183038000,355.16
202307,4183039500,195.71
202308,4183039500,190.31
202309,4183039500,204.42
202310,4183039500,205.45
202311,4183039500,169.82
202312,4183039500,155.93
202401,4183039500,128.17
202402,4183039500,147.14
202403,4183039500,178.57
202404,4183039500,196.68
202405,4183039500,217.0
202406,4183039500,209.62
202407,4183039500,179.25
202408,4183039500,193.13
202409,4183039500,222.13
202410,4183039500,200.27
202411,4183039500,173.93
202412,4183039500,140.09
202501,4183039500,170.32
202502,4183039500,132.22
202503,4183039500,171.61
202504,4183039500,184.62
202505,4183039500,209.06
202506,4183039500,178.96
202307,4183040000,6463.65
202308,4183040000,6742.47
202309,4183040000,6204.15
202310,4183040000,7200.43
202311,4183040000,5674.16
202312,4183040000,5317.59
202401,4183040000,4826.24
202402,4183040000,4921.72
202403,4183040000,5761.47
202404,4183040000,6104.74
202405,4183040000,6774.41
202406,4183040000,6464.33
202407,4183040000,6659.18
202408,4183040000,7143.14
202409,4183040000,7118.0
202410,4183040000,6892.42
202411,4183040000,6422.43
202412,4183040000,5396.2
202501,4183040000,5887.63
202502,4183040000,5011.51
202503,4183040000,5799.83
202504,4183040000,6274.55
202505,4183040000,6817.07
202506,4183040000,6410.74
202307,4183041000,240.03
202308,4183041000,231.52
202309,4183041000,268.52
202310,4183041000,264.29
202311,4183041000,240.22
202312,4183041000,225.83
202401,4183041000,198.16
202402,4183041000,210.19
202403,4183041000,239.51
202404,4183041000,253.26
202405,4183041000,268.97
202406,4183041000,243.07
202407,4183041000,222.68
202408,4183041000,237.43
202409,4183041000,291.4
202410,4183041000,242.37
202411,4183041000,231.79
202412,4183041000,212.93
202501,4183041000,260.87
202502,4183041000,212.8
202503,4183041000,239.64
202504,4183041000,247.88
202505,4183041000,258.87
202506,4183041000,237.17
