기준년월,행정동코드,매출금액,활성화비율
202307,4117354600,33111507.0,100.0
202307,4117355000,163355562.0,100.0
202307,4117356000,159448665.0,100.0
202307,4117356600,137424925.0,100.0
202307,4117357000,131434484.0,100.0
202307,4117357600,38255986.0,100.0
202307,4117357800,292879331.0,100.0
202307,4117358000,115000902.0,100.0
202307,4117359000,52395175.0,100.0
202307,4117360000,110297033.0,100.0
202307,4117361000,269004925.0,100.0
202307,4117362000,203310498.0,100.0
202307,4117363000,19646741.0,100.0
202307,4119060300,135770525.0,100.0
202307,4119060600,340513362.0,100.0
202307,4119061000,218380736.0,100.0
202307,4119074200,583224996.0,100.0
202307,4119074400,519799922.0,100.0
202307,4119074600,178716919.0,100.0
202307,4119075000,122132688.0,100.0
202307,4119079500,430773285.0,100.0
202307,4119080000,137685327.0,100.0
202307,4119083000,159435725.0,100.0
202307,4111156000,41128684.0,100.0
202307,4111156600,107767496.0,100.0
202307,4111157100,84290647.0,100.0
202307,4111157200,87466075.0,100.0
202307,4111157300,274902228.0,100.0
202307,4111158000,33411040.0,100.0
202307,4111159100,39545534.0,100.0
202307,4111159700,43312151.0,100.0
202307,4111159800,34835026.0,100.0
202307,4111160000,27527579.0,100.0
202307,4111352000,16845663.0,100.0
202307,4111353000,17961633.0,100.0
202307,4111354000,18797425.0,100.0
202307,4111355000,56474278.0,100.0
202307,4111356000,41469994.0,100.0
202307,4111365000,31747998.0,100.0
202307,4111366200,267477113.0,100.0
202307,4111366400,99466657.0,100.0
202307,4111367000,71868301.0,100.0
202307,4111368000,128615136.0,100.0
202307,4111369000,74181723.0,100.0
202307,4111370000,29068640.0,100.0
202307,4111565000,12506295.0,100.0
202307,4111566000,220813124.0,100.0
202307,4111567000,5208864.0,100.0
202307,4121051000,2956280.0,100.0
202307,4121052000,7911971.0,100.0
202307,4121054000,101553865.0,100.0
202307,4121055000,76745131.0,100.0
202307,4121056000,45026455.0,100.0
202307,4121057000,74631761.0,100.0
202307,4121058000,37048165.0,100.0
202307,4121059000,27434713.0,100.0
202307,4121060000,19305719.0,100.0
202307,4121061000,312464205.0,100.0
202307,4121062000,34016259.0,100.0
202307,4111568000,60582603.0,100.0
202307,4111569000,72670225.0,100.0
202307,4111570000,32626706.0,100.0
202307,4111571000,32075450.0,100.0
202307,4111572000,61418429.0,100.0
202307,4111573000,162365675.0,100.0
202307,4111574000,54137904.0,100.0
202307,4111751000,57937516.0,100.0
202307,4111752000,24815700.0,100.0
202307,4111753000,187088039.0,100.0
202307,4121063100,184041970.0,100.0
202307,4121063200,58495722.0,100.0
202307,4121063300,139290388.0,100.0
202307,4121063400,35613946.0,100.0
202307,4121064000,239647458.0,100.0
202307,4121065000,292740381.0,100.0
202307,4121066000,5334032.0,100.0
202307,4122025000,32264142.0,100.0
202307,4122025300,133963743.0,100.0
202307,4111754000,20752259.0,100.0
202307,4111755000,66921345.0,100.0
202307,4111757000,74518175.0,100.0
202307,4111758000,134654315.0,100.0
202307,4111758500,358458768.0,100.0
202307,4111759300,131937539.0,100.0
202307,4111759600,151357926.0,100.0
202307,4111760000,332637326.0,100.0
202307,4111761000,105034669.0,100.0
202307,4122025600,50862768.0,100.0
202307,4122025900,71068455.0,100.0
202307,4122031000,10351640.0,100.0
202307,4122032000,4449099.0,100.0
202307,4122033000,42154331.0,100.0
202307,4122034000,45625665.0,100.0
202307,4122037000,8323247.0,100.0
202307,4122051000,129811741.0,100.0
202307,4122052000,45464478.0,100.0
202307,4122053500,87829574.0,100.0
202307,4122055000,13027533.0,100.0
202307,4122056000,51257993.0,100.0
202307,4122057000,3675029.0,100.0
202307,4122058000,7045578.0,100.0
202307,4122059000,143568092.0,100.0
202307,4122060000,12914130.0,100.0
202307,4122061000,33079050.0,100.0
202307,4122062000,365798668.0,100.0
202307,4122063000,150234951.0,100.0
202307,4122063500,78424629.0,100.0
202307,4122064000,50267612.0,100.0
202307,4125051000,28577242.0,100.0
202307,4125052000,22672912.0,100.0
202307,4125053500,15795820.0,100.0
202307,4125055000,2316477.0,100.0
202307,4125056500,33564130.0,100.0
202307,4125056600,165526312.0,100.0
202307,4125058000,5823024.0,100.0
202307,4115051000,111375866.0,100.0
202307,4115052000,51896879.0,100.0
202307,4115054500,45530372.0,100.0
202307,4115055500,85336541.0,100.0
202307,4115056100,23875544.0,100.0
202307,4115056700,98055842.0,100.0
202307,4115056800,79091431.0,100.0
202307,4115057300,52047193.0,100.0
202307,4115057600,60145522.0,100.0
202307,4115057800,157607233.0,100.0
202307,4115058000,70486597.0,100.0
202307,4115059500,20098524.0,100.0
202307,4115061500,13425351.0,100.0
202307,4115062000,30048095.0,100.0
202307,4117151000,98235968.0,100.0
202307,4117152000,40973789.0,100.0
202307,4117153000,35950079.0,100.0
202307,4117154000,157084045.0,100.0
202307,4117155000,24123625.0,100.0
202307,4117156000,41135154.0,100.0
202307,4117157000,133323871.0,100.0
202307,4117158000,14671066.0,100.0
202307,4117158100,18496576.0,100.0
202307,4117159000,70050443.0,100.0
202307,4117160000,76144547.0,100.0
202307,4117161000,22407503.0,100.0
202307,4117162100,63240802.0,100.0
202307,4117163000,42758795.0,100.0
202307,4117351000,117191078.0,100.0
202307,4117352000,149854893.0,100.0
202307,4117353000,61064767.0,100.0
202307,4117354000,95541585.0,100.0
202307,4145054000,14938399.0,100.0
202307,4145055000,41076420.0,100.0
202307,4145056000,108020981.0,100.0
202307,4145057000,188247613.0,100.0
202307,4145058000,4812018.0,100.0
202307,4145058200,11559904.0,100.0
202307,4145058500,11866361.0,100.0
202307,4145059000,52747452.0,100.0
202307,4145060000,19244601.0,100.0
202307,4145061000,364736942.0,100.0
202307,4145062000,317258369.0,100.0
202307,4163033000,73231473.0,100.0
202307,4163034000,17839419.0,100.0
202307,4163051000,10871572.0,100.0
202307,4163052000,241041682.0,100.0
202307,4163053000,22826327.0,100.0
202307,4163054000,73071811.0,100.0
202307,4163055000,85688799.0,100.0
202307,4163056000,392977001.0,100.0
202307,4165025000,144299087.0,100.0
202308,4115057300,7875428.0,100.0
202308,4115057600,7770079.0,100.0
202308,4115057800,23709169.0,100.0
202308,4115058000,8884502.0,100.0
202308,4115059500,2464618.0,100.0
202308,4115061500,1332584.0,100.0
202308,4115062000,3869339.0,100.0
202308,4117151000,10547148.0,100.0
202308,4117152000,5417386.0,100.0
202308,4117153000,4657127.0,100.0
202307,4125060000,6487970.0,100.0
202307,4127151000,33973489.0,100.0
202307,4127151500,119927136.0,100.0
202307,4127152500,76447301.0,100.0
202307,4127153200,100913618.0,100.0
202307,4127153700,42245017.0,100.0
202307,4127154000,72655380.0,100.0
202307,4127155000,55885742.0,100.0
202307,4127156000,79814006.0,100.0
202307,4127157000,22606724.0,100.0
202307,4146125000,90053908.0,100.0
202307,4146125300,34238336.0,100.0
202307,4146125600,33133973.0,100.0
202307,4146132000,59182685.0,100.0
202307,4146134000,16648473.0,100.0
202307,4146135000,34159566.0,100.0
202307,4146136000,40816560.0,100.0
202307,4146151000,115866762.0,100.0
202307,4146152000,195031619.0,100.0
202307,4165031000,16673802.0,100.0
202307,4165032000,7014823.0,100.0
202307,4165033000,11313660.0,100.0
202307,4165034000,24948216.0,100.0
202307,4165035000,843031.0,100.0
202307,4165036000,7324092.0,100.0
202307,4165037000,30331025.0,100.0
202307,4165038000,6650481.0,100.0
202307,4165039000,14683794.0,100.0
202307,4165040000,3127889.0,100.0
202307,4165041000,1655764.0,100.0
202308,4117154000,16301695.0,100.0
202308,4117155000,5018901.0,100.0
202308,4117156000,4829323.0,100.0
202308,4117157000,19317631.0,100.0
202308,4117158000,1883983.0,100.0
202308,4117158100,2738399.0,100.0
202308,4117159000,10122815.0,100.0
202308,4117160000,11263572.0,100.0
202308,4117161000,4423463.0,100.0
202308,4117162100,8405557.0,100.0
202307,4127158000,134164597.0,100.0
202307,4127159000,85998691.0,100.0
202307,4127160000,37588511.0,100.0
202307,4127161000,10005650.0,100.0
202307,4127351000,45761860.0,100.0
202307,4127352500,49482630.0,100.0
202307,4127353200,312443749.0,100.0
202307,4127353500,416363990.0,100.0
202307,4127354500,22253557.0,100.0
202307,4127355500,68804419.0,100.0
202307,4146153000,42368058.0,100.0
202307,4146154000,106029497.0,100.0
202307,4146351000,66785030.0,100.0
202307,4146351600,151800366.0,100.0
202307,4146351700,32139765.0,100.0
202307,4146352000,249969506.0,100.0
202307,4146353000,33629265.0,100.0
202307,4146353500,102134774.0,100.0
202307,4165051000,61790676.0,100.0
202307,4165052000,16153576.0,100.0
202307,4167025000,56227665.0,100.0
202307,4167031000,11536122.0,100.0
202307,4167032000,4343619.0,100.0
202307,4167033000,5212088.0,100.0
202307,4167034000,67498862.0,100.0
202307,4167035000,11726802.0,100.0
202307,4167036000,8735643.0,100.0
202307,4167037000,15011353.0,100.0
202307,4167038000,2223085.0,100.0
202308,4117163000,6284885.0,100.0
202308,4117351000,16538778.0,100.0
202308,4117352000,419844317.0,100.0
202308,4117353000,8041019.0,100.0
202308,4117354000,17616102.0,100.0
202308,4117354600,7227389.0,100.0
202308,4117355000,19152583.0,100.0
202308,4117356000,22476207.0,100.0
202308,4117356600,17474400.0,100.0
202308,4117357000,25380755.0,100.0
202307,4127356500,34118798.0,100.0
202307,4127357000,343481224.0,100.0
202307,4127358000,36015984.0,100.0
202307,4127359000,45108758.0,100.0
202307,4127360000,132740890.0,100.0
202307,4127361000,7912319.0,100.0
202307,4128151000,71135028.0,100.0
202307,4128152000,57843159.0,100.0
202307,4128153000,83390154.0,100.0
202307,4128154000,57158818.0,100.0
202307,4146354000,58384361.0,100.0
202307,4146355000,96964249.0,100.0
202307,4146356000,92576540.0,100.0
202307,4146357000,69483735.0,100.0
202307,4146357200,110962904.0,100.0
202307,4146357500,252842400.0,100.0
202307,4146357700,63589864.0,100.0
202307,4146358600,33749633.0,100.0
202307,4146359000,263750030.0,100.0
202307,4146551000,95574431.0,100.0
202307,4167051000,161945256.0,100.0
202307,4167052000,108140612.0,100.0
202307,4167053000,106424516.0,100.0
202307,4180025000,47990393.0,100.0
202307,4180025300,171059058.0,100.0
202307,4180031000,5834959.0,100.0
202307,4180032000,51205653.0,100.0
202307,4180033000,3690164.0,100.0
202307,4180034000,1993156.0,100.0
202307,4180035000,305418.0,100.0
202307,4180036000,4347987.0,100.0
202307,4180038000,153263.0,100.0
202308,4117357600,6562719.0,100.0
202308,4117357800,42483953.0,100.0
202308,4117358000,14457512.0,100.0
202308,4117359000,8148920.0,100.0
202308,4117360000,16105516.0,100.0
202308,4117361000,55006615.0,100.0
202308,4117362000,30293461.0,100.0
202308,4117363000,3356083.0,100.0
202308,4119060300,14048897.0,100.0
202308,4119060600,100596743.0,100.0
202308,4119061000,23617920.0,100.0
202308,4119074200,77844110.0,100.0
202308,4119074400,71863795.0,100.0
202308,4119074600,23496242.0,100.0
202308,4119075000,17914407.0,100.0
202308,4119079500,61981286.0,100.0
202308,4119080000,20218352.0,100.0
202308,4119083000,21352797.0,100.0
202307,4128155000,11576323.0,100.0
202307,4128156000,4054024.0,100.0
202307,4128157500,29371069.0,100.0
202307,4128158000,38595373.0,100.0
202307,4128159000,20369180.0,100.0
202307,4128160000,16438621.0,100.0
202307,4128161000,11227863.0,100.0
202307,4128162100,63112739.0,100.0
202307,4128162200,104771910.0,100.0
202307,4146552000,224364493.0,100.0
202307,4146553000,142983236.0,100.0
202307,4146554000,164499341.0,100.0
202307,4146555000,29633283.0,100.0
202307,4146556000,175584300.0,100.0
202307,4146557000,179260903.0,100.0
202307,4146558000,178197325.0,100.0
202307,4146559000,159411037.0,100.0
202307,4182025000,203444664.0,100.0
202307,4182031000,31917830.0,100.0
202307,4182032500,89012153.0,100.0
202307,4182033000,17154129.0,100.0
202307,4182034500,55185446.0,100.0
202307,4182035000,4847729.0,100.0
202307,4183025000,506708662.0,100.0
202307,4183031000,45114414.0,100.0
202307,4183032000,51920226.0,100.0
202307,4183033000,78251630.0,100.0
202307,4128163000,15254961.0,100.0
202307,4128164000,20038047.0,100.0
202307,4128165000,56222164.0,100.0
202307,4128165500,61535077.0,100.0
202307,4128166000,27664201.0,100.0
202307,4128167000,297310.0,100.0
202307,4128551000,51158742.0,100.0
202307,4128552000,48604367.0,100.0
202307,4148025000,200741874.0,100.0
202307,4148025300,64947993.0,100.0
202307,4148025600,17679383.0,100.0
202307,4148026200,67449286.0,100.0
202307,4148031000,25866510.0,100.0
202307,4148032000,44900451.0,100.0
202307,4148035000,20253214.0,100.0
202307,4148036000,2860615.0,100.0
202307,4148037000,15919910.0,100.0
202307,4148038000,537172.0,100.0
202307,4183034000,62243643.0,100.0
202307,4183035000,44779685.0,100.0
202307,4183036000,23981234.0,100.0
202307,4183037000,28831918.0,100.0
202307,4183038000,41214605.0,100.0
202307,4183039500,28696376.0,100.0
202307,4183040000,231658444.0,100.0
202307,4183041000,26509056.0,100.0
202308,4111156000,5115679.0,100.0
202308,4111156600,16675020.0,100.0
202308,4111157100,14896943.0,100.0
202307,4128553000,27156499.0,100.0
202307,4128554000,76503886.0,100.0
202307,4128555100,30755726.0,100.0
202307,4128555200,29675708.0,100.0
202307,4128556000,76517309.0,100.0
202307,4128557000,39518099.0,100.0
202307,4128558000,22925299.0,100.0
202307,4128559000,146039008.0,100.0
202307,4128560000,6679363.0,100.0
202307,4148040000,96050.0,100.0
202307,4148051000,112771503.0,100.0
202307,4148052000,180140164.0,100.0
202307,4148053000,52731907.0,100.0
202307,4148054000,201529774.0,100.0
202307,4148055000,215107533.0,100.0
202307,4148056000,401474238.0,100.0
202307,4148057000,400893900.0,100.0
202308,4111157200,9481338.0,100.0
202308,4111157300,41369437.0,100.0
202308,4111158000,4283255.0,100.0
202308,4111159100,4504434.0,100.0
202308,4111159700,5742222.0,100.0
202308,4111159800,5644237.0,100.0
202308,4111160000,2749067.0,100.0
202308,4111352000,2928537.0,100.0
202308,4111353000,2784235.0,100.0
202308,4111354000,2936578.0,100.0
202307,4128751000,16196570.0,100.0
202307,4128752000,29619148.0,100.0
202307,4128753000,84261584.0,100.0
202307,4128754000,80442308.0,100.0
202307,4128755000,66275595.0,100.0
202307,4128756000,58062204.0,100.0
202307,4128757000,51771246.0,100.0
202307,4128758000,42670167.0,100.0
202307,4128759000,50766815.0,100.0
202307,4150025000,67954693.0,100.0
202307,4150025300,316574297.0,100.0
202307,4150031000,29977914.0,100.0
202307,4150032000,28830064.0,100.0
202307,4150033000,13594301.0,100.0
202307,4150034000,82105397.0,100.0
202307,4150035000,78649960.0,100.0
202307,4150036000,12212853.0,100.0
202307,4150037000,5319496.0,100.0
202307,4150038000,3060089.0,100.0
202307,4150051000,260871624.0,100.0
202308,4111355000,8429142.0,100.0
202308,4111356000,6046826.0,100.0
202308,4111365000,4570172.0,100.0
202308,4111366200,41297878.0,100.0
202308,4111366400,17476832.0,100.0
202308,4111367000,9458248.0,100.0
202308,4111368000,22650712.0,100.0
202308,4111369000,11179362.0,100.0
202308,4111370000,5518389.0,100.0
202308,4111565000,1492730.0,100.0
202308,4121051000,1017749.0,100.0
202308,4121052000,617535.0,100.0
202308,4121054000,8814284.0,100.0
202308,4121055000,9414943.0,100.0
202308,4121056000,5716387.0,100.0
202308,4121057000,10733592.0,100.0
202307,4129051000,66609316.0,100.0
202307,4129052000,77381373.0,100.0
202307,4129053000,213159051.0,100.0
202307,4129054000,39713447.0,100.0
202307,4129055000,8578617.0,100.0
202307,4129056000,5663099.0,100.0
202307,4131051000,274864586.0,100.0
202307,4131052000,226991138.0,100.0
202307,4131053000,123624968.0,100.0
202307,4150051500,386922961.0,100.0
202307,4150052000,183398925.0,100.0
202307,4150053000,82797306.0,100.0
202307,4155025000,363128271.0,100.0
202307,4155031000,36030880.0,100.0
202307,4155032000,15693481.0,100.0
202307,4155033000,4064262.0,100.0
202307,4155034000,13084903.0,100.0
202307,4155035000,64598079.0,100.0
202307,4155036000,23797266.0,100.0
202308,4111566000,434822095.0,100.0
202308,4111567000,1456868.0,100.0
202308,4111568000,8716893.0,100.0
202308,4111569000,10692400.0,100.0
202308,4111570000,3605112.0,100.0
202308,4111571000,4176391.0,100.0
202308,4111572000,7994855.0,100.0
202308,4111573000,18947266.0,100.0
202308,4111574000,7209482.0,100.0
202308,4111751000,6522132.0,100.0
202308,4121058000,6108327.0,100.0
202308,4121059000,4253876.0,100.0
202308,4121060000,2078526.0,100.0
202308,4121061000,43927120.0,100.0
202308,4121062000,5479614.0,100.0
202308,4121063100,202636681.0,100.0
202308,4121063200,7256856.0,100.0
202308,4121063300,17650596.0,100.0
202308,4121063400,4653583.0,100.0
202308,4121064000,30984419.0,100.0
202308,4121065000,36880880.0,100.0
202307,4131054100,38847316.0,100.0
202307,4131054200,39642142.0,100.0
202307,4131057000,102389095.0,100.0
202307,4131058000,64443496.0,100.0
202307,4131059000,243179323.0,100.0
202307,4155038000,15287771.0,100.0
202307,4155039000,19072726.0,100.0
202307,4155040000,26164603.0,100.0
202307,4155041000,7991109.0,100.0
202307,4155042000,4480434.0,100.0
202307,4155051000,45923111.0,100.0
202307,4155052000,178628390.0,100.0
202307,4155053000,105038748.0,100.0
202308,4111752000,4035022.0,100.0
202308,4111753000,29653289.0,100.0
202308,4111754000,4107112.0,100.0
202308,4111755000,7908031.0,100.0
202308,4111757000,11373724.0,100.0
202308,4111758000,17573906.0,100.0
202308,4111758500,40243694.0,100.0
202308,4121066000,298795.0,100.0
202308,4122025000,8084943.0,100.0
202308,4122025300,36146605.0,100.0
202308,4122025600,12232669.0,100.0
202308,4122025900,14874544.0,100.0
202308,4122031000,2000940.0,100.0
202308,4122032000,339894.0,100.0
202308,4122033000,8335394.0,100.0
202308,4122034000,94806500.0,100.0
202308,4111759300,19898138.0,100.0
202308,4111759600,24959376.0,100.0
202308,4111760000,44236715.0,100.0
202308,4111761000,10874887.0,100.0
202308,4122037000,1592446.0,100.0
202308,4122051000,19730591.0,100.0
202308,4122052000,4945249.0,100.0
202308,4122053500,14183081.0,100.0
202308,4122055000,2105485.0,100.0
202308,4122056000,8166774.0,100.0
202308,4122057000,564781.0,100.0
202308,4122058000,711979.0,100.0
202308,4122059000,15276178.0,100.0
202308,4122060000,3118245.0,100.0
202307,4137051000,166256172.0,100.0
202307,4137053000,60692029.0,100.0
202307,4137054000,267864082.0,100.0
202307,4137055000,91145241.0,100.0
202307,4137056000,15242859.0,100.0
202307,4137057000,258744664.0,100.0
202307,4159025300,595543417.0,100.0
202307,4159025600,52741135.0,100.0
202307,4159025900,563160741.0,100.0
202307,4159026200,262621381.0,100.0
202307,4159031000,15265987.0,100.0
202307,4159032000,15731706.0,100.0
202307,4159033000,16344248.0,100.0
202307,4159034000,39410038.0,100.0
202308,4122061000,3056218.0,100.0
202308,4122062000,57314372.0,100.0
202308,4122063000,26820803.0,100.0
202308,4122063500,14378265.0,100.0
202308,4122064000,7349011.0,100.0
202308,4125051000,43098640.0,100.0
202308,4125052000,2338905.0,100.0
202307,4159035000,20372613.0,100.0
202307,4159036000,133789826.0,100.0
202307,4159037000,19155261.0,100.0
202307,4159040000,9060878.0,100.0
202307,4159041000,28087379.0,100.0
202307,4159051500,216658587.0,100.0
202307,4159052000,196088142.0,100.0
202307,4159053000,114018443.0,100.0
202307,4159054000,112072706.0,100.0
202307,4159055000,178844636.0,100.0
202308,4125053500,1581896.0,100.0
202308,4125055000,192867.0,100.0
202308,4125056500,5258627.0,100.0
202308,4125056600,22394851.0,100.0
202308,4125058000,767829.0,100.0
202308,4125060000,620224.0,100.0
202308,4127151000,4685882.0,100.0
202308,4127151500,13226050.0,100.0
202308,4127152500,9592865.0,100.0
202308,4127153200,16076668.0,100.0
202308,4127153700,7944112.0,100.0
202307,4141051000,91765626.0,100.0
202307,4159056000,27898607.0,100.0
202307,4159057000,40244205.0,100.0
202307,4159058500,814570100.0,100.0
202307,4159058600,305961406.0,100.0
202307,4159058700,248747835.0,100.0
202307,4159058800,566053351.0,100.0
202307,4159059000,369668773.0,100.0
202307,4159060000,417278177.0,100.0
202307,4159061000,859194276.0,100.0
202307,4159062000,79434058.0,100.0
202308,4127154000,9722929.0,100.0
202308,4127155000,6828983.0,100.0
202308,4127156000,10104337.0,100.0
202308,4127157000,2988144.0,100.0
202308,4127158000,15736624.0,100.0
202308,4127159000,13536752.0,100.0
202308,4127160000,5574078.0,100.0
202308,4127161000,1308845.0,100.0
202308,4127351000,6437246.0,100.0
202307,4141052000,305945864.0,100.0
202307,4141054000,136127219.0,100.0
202307,4141055000,92599653.0,100.0
202307,4141056000,64279945.0,100.0
202307,4141057000,52035817.0,100.0
202307,4141058000,26874174.0,100.0
202307,4141059000,30342892.0,100.0
202307,4141060000,57711627.0,100.0
202307,4141061000,80201702.0,100.0
202307,4141062000,769348077.0,100.0
202307,4161025000,484930951.0,100.0
202307,4161025300,344712871.0,100.0
202307,4161025900,156721392.0,100.0
202307,4161033000,20905344.0,100.0
202307,4161034000,83992544.0,100.0
202307,4161035000,2930102.0,100.0
202307,4161037000,13167738.0,100.0
202307,4161051000,457269850.0,100.0
202307,4161052000,225145586.0,100.0
202307,4161053000,367959392.0,100.0
202308,4127352500,6184921.0,100.0
202308,4127353200,38592756.0,100.0
202308,4127353500,58647060.0,100.0
202308,4127354500,3950158.0,100.0
202308,4127355500,9020186.0,100.0
202308,4127356500,5001080.0,100.0
202308,4127357000,425335400.0,100.0
202308,4127358000,4692744.0,100.0
202308,4127359000,6844620.0,100.0
202308,4127360000,15780595.0,100.0
202307,4143051000,18510884.0,100.0
202307,4143052000,40270056.0,100.0
202307,4143053000,90503206.0,100.0
202307,4143054000,78582884.0,100.0
202307,4143055000,50759847.0,100.0
202307,4143056000,94298868.0,100.0
202307,4145051000,34397978.0,100.0
202307,4145052000,55300290.0,100.0
202307,4145053000,143857373.0,100.0
202307,4163025000,62094513.0,100.0
202307,4163031000,7202466.0,100.0
202307,4163032000,14560824.0,100.0
202308,4115051000,11443984.0,100.0
202308,4115052000,6154418.0,100.0
202308,4115054500,5853496.0,100.0
202308,4115055500,12366359.0,100.0
202308,4115056100,3328542.0,100.0
202308,4115056700,94468562.0,100.0
202308,4115056800,11017461.0,100.0
202308,4127361000,901964.0,100.0
202308,4128151000,211509972.0,100.0
202308,4128152000,9410665.0,100.0
202308,4128153000,11240033.0,100.0
202308,4128154000,6666367.0,100.0
202308,4128155000,2225064.0,100.0
202308,4128156000,1195674.0,100.0
202308,4128157500,3971198.0,100.0
202308,4128158000,4636486.0,100.0
202309,4122032000,1439722.0,100.0
202309,4122033000,4562256.0,100.0
202309,4122034000,218389012.0,100.0
202309,4122037000,2766823.0,100.0
202309,4122051000,4432713.0,100.0
202309,4122052000,200976.0,100.0
202309,4122053500,404460.0,100.0
202309,4122055000,205360.0,100.0
202309,4122056000,6303398.0,100.0
202309,4122057000,226331.0,100.0
202309,4122058000,195212.0,100.0
202308,4137054000,45521043.0,100.0
202308,4137055000,14357379.0,100.0
202308,4137056000,2419257.0,100.0
202308,4137057000,41195208.0,100.0
202308,4159026200,44283097.0,100.0
202308,4159031000,3258183.0,100.0
202308,4159032000,2595605.0,100.0
202308,4159033000,4104801.0,100.0
202308,4159034000,9203321.0,100.0
202308,4159035000,4476267.0,100.0
202308,4159036000,191063720.0,100.0
202308,4159037000,4297175.0,100.0
202308,4159040000,2386112.0,100.0
202308,4159041000,8491530.0,100.0
202309,4122059000,501632.0,100.0
202309,4122060000,7781519.0,100.0
202309,4122062000,2212199.0,100.0
202309,4122063000,857375.0,100.0
202309,4122063500,931244.0,100.0
202309,4122064000,2139514.0,100.0
202308,4159051500,38143359.0,100.0
202308,4159052000,26690769.0,100.0
202308,4159053000,19405476.0,100.0
202308,4159054000,18977139.0,100.0
202308,4159055000,33537389.0,100.0
202308,4159056000,4852164.0,100.0
202308,4159057000,6180496.0,100.0
202308,4159058500,101721564.0,100.0
202308,4159058600,46046791.0,100.0
202308,4159058700,39222890.0,100.0
202309,4125051000,68406470.0,100.0
202309,4125052000,193184.0,100.0
202309,4125053500,555449.0,100.0
202309,4125056500,1211164.0,100.0
202309,4125056600,890850.0,100.0
202309,4125058000,590380.0,100.0
202309,4125060000,1812.0,100.0
202309,4127151000,508136.0,100.0
202309,4127151500,678220.0,100.0
202309,4127152500,2290927.0,100.0
202308,4141051000,13550492.0,100.0
202308,4141052000,304072267.0,100.0
202308,4141054000,17185105.0,100.0
202308,4141055000,13743965.0,100.0
202308,4141056000,8301954.0,100.0
202308,4141057000,8057831.0,100.0
202308,4159058800,83812218.0,100.0
202308,4159059000,50878501.0,100.0
202308,4159060000,58290186.0,100.0
202308,4159061000,134941650.0,100.0
202308,4159062000,12707102.0,100.0
202308,4161025000,148940941.0,100.0
202308,4161025300,289407175.0,100.0
202308,4161025900,44289780.0,100.0
202308,4161033000,4965113.0,100.0
202308,4161034000,21268733.0,100.0
202309,4127153200,1999136.0,100.0
202309,4127153700,722132.0,100.0
202309,4127154000,1498260.0,100.0
202309,4127155000,257328.0,100.0
202309,4127156000,588752.0,100.0
202309,4127157000,615764.0,100.0
202309,4127158000,2153979.0,100.0
202309,4127159000,662459.0,100.0
202309,4127160000,451615.0,100.0
202309,4127161000,142712.0,100.0
202308,4141058000,4806072.0,100.0
202308,4141059000,5023802.0,100.0
202308,4141060000,9416653.0,100.0
202308,4141061000,14304667.0,100.0
202308,4141062000,108036385.0,100.0
202308,4143051000,3068090.0,100.0
202308,4143052000,7663940.0,100.0
202308,4143053000,56903693.0,100.0
202308,4143054000,12602477.0,100.0
202308,4161035000,378334.0,100.0
202308,4161037000,1876127.0,100.0
202308,4161051000,55590010.0,100.0
202308,4161052000,30175920.0,100.0
202308,4161053000,50998502.0,100.0
202309,4127351000,1415770.0,100.0
202309,4127352500,981323.0,100.0
202309,4127353200,11328563.0,100.0
202309,4127353500,1647286.0,100.0
202309,4127354500,2303514.0,100.0
202309,4127355500,1462760.0,100.0
202309,4127356500,736564.0,100.0
202309,4127357000,635713806.0,100.0
202309,4127358000,130121.0,100.0
202308,4143055000,9128535.0,100.0
202308,4143056000,15616432.0,100.0
202308,4145051000,7027328.0,100.0
202308,4145052000,6843009.0,100.0
202308,4145053000,19531799.0,100.0
202308,4145054000,2006857.0,100.0
202308,4145055000,6773662.0,100.0
202308,4145056000,15072408.0,100.0
202308,4145057000,29217809.0,100.0
202308,4145058000,593349.0,100.0
202308,4145058200,2055987.0,100.0
202308,4163025000,8883683.0,100.0
202308,4163031000,1508998.0,100.0
202308,4163032000,1467211.0,100.0
202308,4163033000,33806376.0,100.0
202308,4163034000,2034929.0,100.0
202308,4163051000,981265.0,100.0
202308,4163052000,21372026.0,100.0
202308,4163053000,2305830.0,100.0
202309,4115051000,1698580.0,100.0
202309,4115052000,821536.0,100.0
202309,4115054500,320272.0,100.0
202309,4115055500,57584.0,100.0
202309,4115056100,633824.0,100.0
202309,4127359000,1457152.0,100.0
202309,4127360000,1362396.0,100.0
202309,4127361000,566293.0,100.0
202309,4128151000,264920871.0,100.0
202309,4128152000,288024.0,100.0
202309,4128153000,816073.0,100.0
202309,4128154000,230066.0,100.0
202309,4128155000,253185.0,100.0
202309,4128156000,753513.0,100.0
202309,4128157500,68114.0,100.0
202308,4145058500,1391786.0,100.0
202308,4145059000,72507333.0,100.0
202308,4145060000,2087480.0,100.0
202308,4145061000,45523863.0,100.0
202308,4145062000,57890584.0,100.0
202308,4146125000,22312602.0,100.0
202308,4146125300,8184836.0,100.0
202308,4146125600,8567349.0,100.0
202308,4163054000,5889798.0,100.0
202308,4163055000,8656092.0,100.0
202308,4163056000,35077150.0,100.0
202308,4165025000,30065538.0,100.0
202308,4165031000,5561117.0,100.0
202308,4165032000,1503355.0,100.0
202308,4165033000,2625483.0,100.0
202308,4165034000,15358981.0,100.0
202308,4165035000,119474.0,100.0
202308,4165036000,1741223.0,100.0
202309,4115056700,107015993.0,100.0
202309,4115056800,150294.0,100.0
202309,4115057300,2695053.0,100.0
202309,4115057600,224388.0,100.0
202309,4115057800,1105342.0,100.0
202309,4115058000,748392.0,100.0
202309,4115059500,401290.0,100.0
202309,4115061500,65212.0,100.0
202309,4115062000,16560.0,100.0
202309,4117151000,274012.0,100.0
202309,4128158000,352076.0,100.0
202309,4128159000,802358.0,100.0
202309,4128160000,222501.0,100.0
202309,4128161000,283748.0,100.0
202309,4128162100,318952.0,100.0
202309,4128162200,193692.0,100.0
202309,4128163000,3800.0,100.0
202309,4128164000,1133091.0,100.0
202309,4128165000,20476.0,100.0
202308,4146132000,8751985.0,100.0
202308,4146134000,2264040.0,100.0
202308,4146135000,6139551.0,100.0
202308,4146136000,9722777.0,100.0
202308,4146151000,11415138.0,100.0
202308,4146152000,26699882.0,100.0
202308,4146153000,7190177.0,100.0
202308,4146154000,252733739.0,100.0
202308,4146351000,8961386.0,100.0
202308,4165037000,6307181.0,100.0
202308,4165038000,1185605.0,100.0
202308,4165039000,5176368.0,100.0
202308,4165040000,606970.0,100.0
202308,4165041000,745922.0,100.0
202308,4165051000,8389337.0,100.0
202308,4165052000,2020217.0,100.0
202308,4167025000,10330677.0,100.0
202308,4167031000,1199133.0,100.0
202308,4167032000,1537793.0,100.0
202308,4167033000,472859.0,100.0
202309,4117155000,2476687.0,100.0
202309,4117156000,289218.0,100.0
202309,4117157000,16424.0,100.0
202309,4117159000,737038.0,100.0
202309,4117160000,448140.0,100.0
202309,4128166000,469824.0,100.0
202309,4128167000,48038.0,100.0
202309,4128551000,541206.0,100.0
202309,4128552000,351270.0,100.0
202309,4128553000,216705.0,100.0
202309,4128554000,703269.0,100.0
202309,4128555100,614560.0,100.0
202308,4146351600,23111055.0,100.0
202308,4146351700,4544912.0,100.0
202308,4146352000,35813353.0,100.0
202308,4146353000,4691632.0,100.0
202308,4146353500,13618122.0,100.0
202308,4146354000,69645649.0,100.0
202308,4146355000,15570990.0,100.0
202308,4146356000,14171864.0,100.0
202308,4146357000,10504584.0,100.0
202308,4146357200,18600321.0,100.0
202308,4167034000,126273643.0,100.0
202308,4167035000,2982145.0,100.0
202308,4167036000,1490938.0,100.0
202308,4167037000,3761619.0,100.0
202308,4167038000,188922.0,100.0
202308,4167051000,19703245.0,100.0
202308,4167052000,13175624.0,100.0
202308,4167053000,14166342.0,100.0
202308,4180025000,25442992.0,100.0
202308,4180025300,67320460.0,100.0
202308,4180031000,2502969.0,100.0
202309,4117161000,321598.0,100.0
202309,4117163000,764632.0,100.0
202309,4117351000,522745.0,100.0
202309,4117352000,594216949.0,100.0
202309,4117353000,373705.0,100.0
202309,4117354000,824364.0,100.0
202309,4117354600,760042.0,100.0
202309,4117355000,195340.0,100.0
202309,4128555200,446222.0,100.0
202309,4128556000,337532.0,100.0
202309,4128558000,11692.0,100.0
202309,4128559000,176368.0,100.0
202309,4128560000,176638.0,100.0
202309,4128751000,262324.0,100.0
202309,4128752000,1963001.0,100.0
202308,4146357500,37015263.0,100.0
202308,4146357700,7332981.0,100.0
202308,4146358600,4953823.0,100.0
202308,4146359000,40047770.0,100.0
202308,4146551000,12286813.0,100.0
202308,4146552000,32781341.0,100.0
202308,4146553000,20009634.0,100.0
202308,4146554000,24872202.0,100.0
202308,4146555000,4091487.0,100.0
202308,4180032000,19021996.0,100.0
202308,4180033000,2368697.0,100.0
202308,4180034000,260382.0,100.0
202308,4180035000,108997.0,100.0
202308,4180036000,1266818.0,100.0
202308,4180038000,355882.0,100.0
202308,4182025000,46297048.0,100.0
202308,4182031000,7612616.0,100.0
202308,4182032500,23180433.0,100.0
202308,4182033000,2573174.0,100.0
202308,4182034500,8155076.0,100.0
202308,4182035000,2216580.0,100.0
202309,4117356000,2577803.0,100.0
202309,4117356600,112977.0,100.0
202309,4117357000,5081155.0,100.0
202309,4117357600,699489.0,100.0
202309,4117357800,162784.0,100.0
202309,4117358000,1128108.0,100.0
202309,4117359000,139138.0,100.0
202309,4117360000,645565.0,100.0
202309,4117361000,1110100.0,100.0
202309,4117362000,330666.0,100.0
202309,4128754000,639469.0,100.0
202309,4128755000,683603.0,100.0
202309,4128756000,223091.0,100.0
202309,4128757000,312628.0,100.0
202309,4128759000,633654.0,100.0
202309,4129051000,2043051.0,100.0
202308,4146556000,23266041.0,100.0
202308,4146557000,25991638.0,100.0
202308,4146558000,30459398.0,100.0
202308,4146559000,17959304.0,100.0
202308,4148025000,43529726.0,100.0
202308,4148025300,133485924.0,100.0
202308,4148025600,5524244.0,100.0
202308,4148026200,15563955.0,100.0
202308,4183025000,135924958.0,100.0
202308,4183031000,8423330.0,100.0
202308,4183032000,16717655.0,100.0
202308,4183033000,20571896.0,100.0
202308,4183034000,8864065.0,100.0
202308,4183035000,7267099.0,100.0
202308,4183036000,2528999.0,100.0
202308,4183037000,4666596.0,100.0
202308,4183038000,3094493.0,100.0
202308,4183039500,6154356.0,100.0
202308,4183040000,46225611.0,100.0
202309,4119060300,1077261.0,100.0
202309,4119060600,112894837.0,100.0
202309,4119061000,395160.0,100.0
202309,4119074200,6870629.0,100.0
202309,4119074400,4425730.0,100.0
202309,4119074600,1164779.0,100.0
202309,4119075000,1112976.0,100.0
202309,4119079500,1511634.0,100.0
202309,4119080000,3780485.0,100.0
202309,4119083000,4516682.0,100.0
202308,4128166000,3546097.0,100.0
202308,4128167000,90966.0,100.0
202308,4128551000,6256923.0,100.0
202308,4128552000,8042057.0,100.0
202308,4128553000,3315832.0,100.0
202308,4128554000,10918033.0,100.0
202308,4128555100,3929586.0,100.0
202308,4128555200,3517941.0,100.0
202308,4148031000,6379766.0,100.0
202308,4148032000,12157757.0,100.0
202308,4148035000,7141953.0,100.0
202308,4148036000,258522.0,100.0
202308,4148037000,3953454.0,100.0
202308,4148038000,121340.0,100.0
202308,4148040000,8669.0,100.0
202308,4148051000,13683571.0,100.0
202308,4148052000,24045572.0,100.0
202308,4148053000,11198770.0,100.0
202308,4148054000,53500862.0,100.0
202308,4148055000,27603521.0,100.0
202308,4183041000,3287035.0,100.0
202309,4111156000,436318.0,100.0
202309,4111156600,2090468.0,100.0
202309,4111157100,237906.0,100.0
202309,4111157200,372222.0,100.0
202309,4111157300,738103.0,100.0
202309,4111158000,404919.0,100.0
202309,4111159100,374866.0,100.0
202309,4111159700,1258725.0,100.0
202309,4111159800,173226.0,100.0
202308,4128556000,11528403.0,100.0
202308,4128557000,5412501.0,100.0
202308,4128558000,2506527.0,100.0
202308,4128559000,30178956.0,100.0
202308,4128560000,996308.0,100.0
202308,4128751000,2426193.0,100.0
202308,4128752000,4251665.0,100.0
202308,4128753000,10062169.0,100.0
202308,4128754000,13743162.0,100.0
202308,4148056000,59739799.0,100.0
202308,4148057000,49937489.0,100.0
202308,4150025000,19504792.0,100.0
202308,4150025300,77920142.0,100.0
202308,4150031000,5597821.0,100.0
202308,4150032000,8084234.0,100.0
202308,4150033000,3840172.0,100.0
202309,4111160000,123106.0,100.0
202309,4111353000,373562.0,100.0
202309,4111354000,139964.0,100.0
202309,4111355000,1779938.0,100.0
202309,4111356000,1142670.0,100.0
202309,4111365000,153398.0,100.0
202309,4111366200,1854180.0,100.0
202309,4111366400,1542735.0,100.0
202309,4111367000,146888.0,100.0
202308,4128755000,8659620.0,100.0
202308,4128756000,8830814.0,100.0
202308,4128757000,5711824.0,100.0
202308,4128758000,4806917.0,100.0
202308,4128759000,6688066.0,100.0
202308,4129051000,9842351.0,100.0
202308,4129052000,15640520.0,100.0
202308,4129053000,28911387.0,100.0
202308,4150034000,14134377.0,100.0
202308,4150035000,161098501.0,100.0
202308,4150036000,1344423.0,100.0
202308,4150037000,855470.0,100.0
202308,4150038000,530104.0,100.0
202308,4150051000,33597609.0,100.0
202308,4150051500,61117782.0,100.0
202308,4150052000,22243200.0,100.0
202308,4150053000,9192097.0,100.0
202308,4155025000,96986291.0,100.0
202308,4155031000,59901343.0,100.0
202309,4111368000,2200395.0,100.0
202309,4111369000,959463.0,100.0
202309,4111370000,81598.0,100.0
202309,4111565000,151626.0,100.0
202309,4111566000,721507321.0,100.0
202309,4111567000,1939019.0,100.0
202309,4111568000,1067695.0,100.0
202309,4111569000,158866.0,100.0
202309,4111570000,1970441.0,100.0
202309,4111571000,311841.0,100.0
202309,4121054000,10398.0,100.0
202309,4121055000,3199144.0,100.0
202308,4129054000,64134363.0,100.0
202308,4129055000,936325.0,100.0
202308,4129056000,723425.0,100.0
202308,4131051000,43689835.0,100.0
202308,4131052000,32477745.0,100.0
202308,4131053000,111844857.0,100.0
202308,4131054100,4716338.0,100.0
202308,4131054200,5469927.0,100.0
202308,4131057000,9126238.0,100.0
202308,4131058000,7658336.0,100.0
202308,4131059000,29209137.0,100.0
202308,4155032000,6069666.0,100.0
202308,4155033000,3529361.0,100.0
202308,4155034000,6365539.0,100.0
202308,4155035000,20427891.0,100.0
202308,4155036000,8730921.0,100.0
202308,4155038000,6168615.0,100.0
202308,4155039000,8391131.0,100.0
202308,4155040000,16524142.0,100.0
202308,4155041000,2832290.0,100.0
202308,4155042000,3544532.0,100.0
202308,4155051000,5693920.0,100.0
202309,4111572000,88692.0,100.0
202309,4111573000,1539463.0,100.0
202309,4111574000,3317906.0,100.0
202309,4111751000,78420.0,100.0
202309,4111752000,344668.0,100.0
202309,4111753000,512616.0,100.0
202309,4111754000,2766207.0,100.0
202309,4111757000,249318.0,100.0
202309,4121056000,80666.0,100.0
202309,4121057000,18346.0,100.0
202309,4121058000,247144.0,100.0
202309,4121059000,40026.0,100.0
202309,4121060000,97291.0,100.0
202309,4121061000,3480350.0,100.0
202309,4121062000,700532.0,100.0
202309,4121063100,355069174.0,100.0
202309,4121063300,309395.0,100.0
202309,4121063400,704844.0,100.0
202308,4155052000,22335628.0,100.0
202308,4155053000,13609463.0,100.0
202309,4111758000,532182.0,100.0
202309,4111758500,706086.0,100.0
202309,4111759300,988946.0,100.0
202309,4111759600,1557557.0,100.0
202309,4111760000,1741007.0,100.0
202309,4111761000,223905.0,100.0
202309,4121064000,1891409.0,100.0
202309,4121065000,488825.0,100.0
202309,4122025000,8537824.0,100.0
202309,4122025300,51698859.0,100.0
202309,4122025600,13369047.0,100.0
202309,4122025900,3385474.0,100.0
202309,4122031000,1259831.0,100.0
202308,4137051000,23480689.0,100.0
202308,4137053000,111097683.0,100.0
202308,4159025300,118905799.0,100.0
202308,4159025600,15205008.0,100.0
202308,4159025900,129132313.0,100.0
202308,4128159000,3410126.0,100.0
202308,4128160000,2096007.0,100.0
202308,4128161000,1859325.0,100.0
202308,4128162100,9666197.0,100.0
202308,4128162200,12200363.0,100.0
202308,4128163000,1829527.0,100.0
202308,4128164000,3962166.0,100.0
202308,4128165000,7609374.0,100.0
202308,4128165500,9148432.0,100.0
202309,4150025000,31772757.0,100.0
202309,4150025300,62948845.0,100.0
202309,4150031000,5561096.0,100.0
202309,4150032000,11443757.0,100.0
202309,4150033000,4117728.0,100.0
202309,4150034000,7331739.0,100.0
202309,4150035000,234063650.0,100.0
202309,4150036000,615451.0,100.0
202309,4150037000,1334343.0,100.0
202309,4150038000,1319050.0,100.0
202309,4150051000,1714629.0,100.0
202310,4111355000,1335547.0,100.0
202310,4111356000,1073417.0,100.0
202310,4111365000,128726.0,100.0
202310,4111366200,2155799.0,100.0
202310,4111366400,1251759.0,100.0
202310,4111367000,174524.0,100.0
202310,4111368000,2126962.0,100.0
202310,4111369000,932842.0,100.0
202310,4111370000,14838.0,100.0
202310,4121054000,48180.0,100.0
202310,4121055000,2824615.0,100.0
202310,4121056000,258244.0,100.0
202310,4121057000,205250.0,100.0
202310,4121058000,502280.0,100.0
202310,4121059000,40270.0,100.0
202309,4129052000,4233024.0,100.0
202309,4129053000,228986.0,100.0
202309,4129054000,113623862.0,100.0
202309,4129055000,93792.0,100.0
202309,4129056000,7932.0,100.0
202309,4131051000,8811409.0,100.0
202309,4131052000,1715762.0,100.0
202309,4131053000,184327606.0,100.0
202309,4131054100,227018.0,100.0
202309,4131054200,649802.0,100.0
202309,4131057000,1156590.0,100.0
202309,4150051500,3519071.0,100.0
202309,4150052000,1086160.0,100.0
202309,4150053000,1234255.0,100.0
202309,4155025000,48826170.0,100.0
202309,4155031000,69927312.0,100.0
202309,4155032000,5825751.0,100.0
202309,4155033000,5327980.0,100.0
202309,4155034000,6550764.0,100.0
202309,4155035000,16039818.0,100.0
202309,4155036000,7845095.0,100.0
202310,4111565000,312270.0,100.0
202310,4111566000,661880981.0,100.0
202310,4111567000,1192153.0,100.0
202310,4111568000,934882.0,100.0
202310,4111569000,36322.0,100.0
202310,4111570000,1079418.0,100.0
202310,4111571000,290041.0,100.0
202310,4111572000,113774.0,100.0
202310,4111573000,1351752.0,100.0
202310,4111574000,2294444.0,100.0
202310,4121060000,140243.0,100.0
202310,4121061000,3295782.0,100.0
202310,4121062000,911482.0,100.0
202310,4121063100,290537611.0,100.0
202310,4121063300,418229.0,100.0
202310,4121063400,1236875.0,100.0
202310,4121064000,1759400.0,100.0
202310,4121065000,815406.0,100.0
202310,4121066000,8128.0,100.0
202309,4131058000,2054150.0,100.0
202309,4131059000,1804965.0,100.0
202309,4155038000,6446452.0,100.0
202309,4155039000,11016904.0,100.0
202309,4155040000,13712750.0,100.0
202309,4155041000,2468181.0,100.0
202309,4155042000,2335457.0,100.0
202309,4155051000,1236069.0,100.0
202309,4155052000,4050964.0,100.0
202309,4155053000,949280.0,100.0
202310,4111751000,78470.0,100.0
202310,4111752000,323285.0,100.0
202310,4111753000,474945.0,100.0
202310,4111754000,2078859.0,100.0
202310,4111757000,176128.0,100.0
202310,4111758000,732569.0,100.0
202310,4111758500,892340.0,100.0
202310,4111759300,764050.0,100.0
202310,4111759600,911940.0,100.0
202310,4122025000,7441820.0,100.0
202310,4122025300,38067919.0,100.0
202310,4122025600,12852483.0,100.0
202310,4122025900,6117069.0,100.0
202310,4122031000,1463194.0,100.0
202310,4122032000,716323.0,100.0
202310,4122033000,3263748.0,100.0
202310,4122034000,166936552.0,100.0
202310,4122037000,1949365.0,100.0
202310,4122051000,3608000.0,100.0
202309,4137051000,1614102.0,100.0
202310,4111760000,1721603.0,100.0
202310,4111761000,260322.0,100.0
202310,4122052000,273726.0,100.0
202310,4122053500,733826.0,100.0
202310,4122055000,218616.0,100.0
202310,4122056000,3900419.0,100.0
202310,4122057000,250042.0,100.0
202310,4122058000,204638.0,100.0
202310,4122059000,614352.0,100.0
202310,4122060000,4894291.0,100.0
202310,4122062000,2336822.0,100.0
202309,4137053000,154140971.0,100.0
202309,4137054000,1796900.0,100.0
202309,4137055000,1533814.0,100.0
202309,4137056000,389910.0,100.0
202309,4137057000,1083445.0,100.0
202309,4159025300,51539883.0,100.0
202309,4159025600,13974759.0,100.0
202309,4159025900,43841950.0,100.0
202309,4159026200,6196176.0,100.0
202309,4159031000,2648514.0,100.0
202309,4159032000,1883332.0,100.0
202309,4159033000,4343550.0,100.0
202309,4159034000,13788428.0,100.0
202310,4122063000,1469706.0,100.0
202310,4122063500,935754.0,100.0
202310,4122064000,2435222.0,100.0
202310,4125051000,59484899.0,100.0
202310,4125052000,287050.0,100.0
202310,4125053500,206784.0,100.0
202310,4125056500,1366841.0,100.0
202309,4159035000,7718920.0,100.0
202309,4159036000,247325321.0,100.0
202309,4159037000,4008272.0,100.0
202309,4159040000,3732957.0,100.0
202309,4159041000,10796440.0,100.0
202309,4159051500,531454.0,100.0
202309,4159052000,826184.0,100.0
202309,4159053000,1733387.0,100.0
202309,4159054000,161532.0,100.0
202309,4159055000,2647534.0,100.0
202310,4125056600,1351802.0,100.0
202310,4125058000,506921.0,100.0
202310,4125060000,16062.0,100.0
202310,4127151000,541664.0,100.0
202310,4127151500,1151346.0,100.0
202310,4127152500,2407428.0,100.0
202310,4127153200,1852405.0,100.0
202310,4127153700,1007622.0,100.0
202310,4127154000,1926477.0,100.0
202310,4127155000,360716.0,100.0
202309,4141051000,341494.0,100.0
202309,4141052000,274973740.0,100.0
202309,4141054000,718610.0,100.0
202309,4141055000,815432.0,100.0
202309,4159056000,138892.0,100.0
202309,4159057000,896440.0,100.0
202309,4159058500,1013170.0,100.0
202309,4159058600,2003766.0,100.0
202309,4159058700,2598223.0,100.0
202309,4159058800,47680.0,100.0
202309,4159059000,3569488.0,100.0
202309,4159060000,1162288.0,100.0
202309,4159061000,3790031.0,100.0
202309,4159062000,385694.0,100.0
202310,4127156000,836692.0,100.0
202310,4127157000,630421.0,100.0
202310,4127158000,1839410.0,100.0
202310,4127159000,705074.0,100.0
202310,4127160000,467462.0,100.0
202310,4127161000,131940.0,100.0
202310,4127351000,1660230.0,100.0
202310,4127352500,1093314.0,100.0
202310,4127353200,12148376.0,100.0
202309,4141056000,1889990.0,100.0
202309,4141057000,238473.0,100.0
202309,4141058000,1406924.0,100.0
202309,4141059000,1031376.0,100.0
202309,4141060000,1209518.0,100.0
202309,4141061000,1638447.0,100.0
202309,4141062000,7688300.0,100.0
202309,4143051000,77586.0,100.0
202309,4143052000,4214212.0,100.0
202309,4161025000,64512892.0,100.0
202309,4161025300,181629395.0,100.0
202309,4161025900,21371315.0,100.0
202309,4161033000,4312127.0,100.0
202309,4161034000,11297224.0,100.0
202309,4161035000,334578.0,100.0
202309,4161037000,211648.0,100.0
202309,4161051000,930981.0,100.0
202309,4161052000,4244547.0,100.0
202309,4161053000,2799543.0,100.0
202310,4127353500,1772782.0,100.0
202310,4127354500,2680203.0,100.0
202310,4127355500,1389134.0,100.0
202310,4127356500,481201.0,100.0
202310,4127357000,599110679.0,100.0
202310,4127358000,320519.0,100.0
202310,4127359000,1564799.0,100.0
202310,4127360000,1896938.0,100.0
202310,4127361000,489199.0,100.0
202310,4128151000,268436451.0,100.0
202309,4143053000,71852097.0,100.0
202309,4143054000,116814.0,100.0
202309,4143056000,602755.0,100.0
202309,4145051000,4790136.0,100.0
202309,4145052000,167102.0,100.0
202309,4145053000,1616692.0,100.0
202309,4145054000,236105.0,100.0
202309,4145055000,1640027.0,100.0
202309,4145056000,909936.0,100.0
202309,4163025000,3769706.0,100.0
202309,4163031000,1130966.0,100.0
202309,4163032000,1325444.0,100.0
202310,4115051000,1402804.0,100.0
202310,4115052000,1046692.0,100.0
202310,4115054500,360699.0,100.0
202310,4115055500,136940.0,100.0
202310,4115056100,916979.0,100.0
202310,4115056700,116425733.0,100.0
202310,4115056800,264039.0,100.0
202310,4115057300,2376451.0,100.0
202310,4115057600,290036.0,100.0
202310,4128152000,260254.0,100.0
202310,4128153000,997701.0,100.0
202310,4128154000,119612.0,100.0
202310,4128155000,276442.0,100.0
202310,4128156000,856786.0,100.0
202310,4128157500,53114.0,100.0
202310,4128158000,339638.0,100.0
202310,4128159000,914571.0,100.0
202310,4128160000,288392.0,100.0
202309,4145057000,7747156.0,100.0
202309,4145058200,776680.0,100.0
202309,4145059000,116645761.0,100.0
202309,4145060000,19412.0,100.0
202309,4145061000,531222.0,100.0
202309,4145062000,22147126.0,100.0
202309,4146125000,17969111.0,100.0
202309,4146125300,7792736.0,100.0
202309,4163033000,29124193.0,100.0
202309,4163034000,790053.0,100.0
202309,4163051000,144148.0,100.0
202309,4163052000,1103278.0,100.0
202309,4163053000,358077.0,100.0
202309,4163054000,298501.0,100.0
202309,4163055000,247820.0,100.0
202309,4163056000,523091.0,100.0
202309,4165025000,25346933.0,100.0
202310,4115057800,1047319.0,100.0
202310,4115058000,840280.0,100.0
202310,4115059500,443676.0,100.0
202310,4115061500,106424.0,100.0
202310,4115062000,66490.0,100.0
202310,4117151000,905858.0,100.0
202310,4117155000,2172869.0,100.0
202310,4128161000,352508.0,100.0
202310,4128162100,347905.0,100.0
202310,4128162200,244848.0,100.0
202310,4128163000,5740.0,100.0
202310,4128164000,908422.0,100.0
202310,4128165000,28270.0,100.0
202310,4128166000,502012.0,100.0
202309,4146125600,10390796.0,100.0
202309,4146132000,4547039.0,100.0
202309,4146134000,3829242.0,100.0
202309,4146135000,9258942.0,100.0
202309,4146136000,9805969.0,100.0
202309,4146151000,2071477.0,100.0
202309,4146152000,1153979.0,100.0
202309,4146153000,726514.0,100.0
202309,4146154000,503551567.0,100.0
202309,4165031000,11511517.0,100.0
202309,4165032000,2415785.0,100.0
202309,4165033000,3811679.0,100.0
202309,4165034000,27360259.0,100.0
202309,4165035000,635541.0,100.0
202309,4165036000,5328961.0,100.0
202309,4165037000,10496152.0,100.0
202309,4165038000,1733530.0,100.0
202309,4165039000,4623560.0,100.0
202309,4165040000,987836.0,100.0
202310,4117156000,340574.0,100.0
202310,4117157000,670.0,100.0
202310,4117159000,1014404.0,100.0
202310,4117160000,374068.0,100.0
202310,4117161000,588207.0,100.0
202310,4117163000,718962.0,100.0
202310,4117351000,492782.0,100.0
202310,4128167000,38310.0,100.0
202310,4128551000,614455.0,100.0
202310,4128552000,400706.0,100.0
202310,4128553000,332273.0,100.0
202310,4128554000,742402.0,100.0
202310,4128555100,541296.0,100.0
202310,4128555200,429917.0,100.0
202310,4128556000,300748.0,100.0
202309,4146351000,6146.0,100.0
202309,4146351600,1023443.0,100.0
202309,4146351700,499170.0,100.0
202309,4146352000,4238571.0,100.0
202309,4146353000,263940.0,100.0
202309,4146353500,654104.0,100.0
202309,4146354000,128827179.0,100.0
202309,4146355000,659772.0,100.0
202309,4146356000,709631.0,100.0
202309,4165041000,1586891.0,100.0
202309,4165051000,1278147.0,100.0
202309,4165052000,692724.0,100.0
202309,4167025000,7567002.0,100.0
202309,4167031000,568572.0,100.0
202309,4167032000,1896863.0,100.0
202309,4167033000,102146.0,100.0
202309,4167034000,213911767.0,100.0
202309,4167035000,4659973.0,100.0
202309,4167036000,606798.0,100.0
202309,4167037000,53570.0,100.0
202309,4167038000,87600.0,100.0
202310,4117352000,501797102.0,100.0
202310,4117353000,310719.0,100.0
202310,4117354000,750682.0,100.0
202310,4117354600,579766.0,100.0
202310,4117355000,273156.0,100.0
202310,4117356000,2779451.0,100.0
202310,4117356600,541895.0,100.0
202310,4117357000,4275427.0,100.0
202310,4117357600,735396.0,100.0
202310,4117357800,191090.0,100.0
202310,4128558000,55314.0,100.0
202310,4128559000,172638.0,100.0
202310,4128560000,113093.0,100.0
202310,4128751000,253482.0,100.0
202310,4128752000,1521403.0,100.0
202310,4128754000,807663.0,100.0
202310,4128755000,634691.0,100.0
202310,4128756000,207849.0,100.0
202309,4146357000,428971.0,100.0
202309,4146357200,2487209.0,100.0
202309,4146357500,1521374.0,100.0
202309,4146357700,813688.0,100.0
202309,4146358600,564096.0,100.0
202309,4146359000,878582.0,100.0
202309,4146551000,793212.0,100.0
202309,4146552000,2764645.0,100.0
202309,4146553000,1566763.0,100.0
202309,4146554000,1192011.0,100.0
202309,4167051000,2105125.0,100.0
202309,4167052000,1177764.0,100.0
202309,4167053000,341440.0,100.0
202309,4180025000,24605140.0,100.0
202309,4180025300,68223067.0,100.0
202309,4180031000,2520195.0,100.0
202309,4180032000,21250985.0,100.0
202309,4180033000,1414418.0,100.0
202309,4180034000,101986.0,100.0
202309,4180035000,360572.0,100.0
202309,4180036000,809090.0,100.0
202310,4117358000,1002453.0,100.0
202310,4117359000,100010.0,100.0
202310,4117360000,697874.0,100.0
202310,4117361000,1122776.0,100.0
202310,4117362000,193418.0,100.0
202310,4119060300,1192707.0,100.0
202310,4119060600,103062746.0,100.0
202310,4119061000,544562.0,100.0
202310,4119074200,7340558.0,100.0
202310,4119074400,4095189.0,100.0
202310,4119074600,1390576.0,100.0
202310,4119075000,1063119.0,100.0
202310,4119079500,1596450.0,100.0
202310,4119080000,3316316.0,100.0
202310,4119083000,3793002.0,100.0
202310,4128757000,394117.0,100.0
202310,4128759000,708870.0,100.0
202310,4129051000,1166528.0,100.0
202310,4129052000,3733253.0,100.0
202310,4129053000,356824.0,100.0
202310,4129054000,118390565.0,100.0
202310,4129055000,40024.0,100.0
202310,4129056000,11070.0,100.0
202309,4146555000,294634.0,100.0
202309,4146556000,757537.0,100.0
202309,4146557000,2901786.0,100.0
202309,4146559000,1543645.0,100.0
202309,4148025000,28358112.0,100.0
202309,4148025300,196888755.0,100.0
202309,4148025600,5942117.0,100.0
202309,4180038000,472202.0,100.0
202309,4182025000,37917347.0,100.0
202309,4182031000,7268934.0,100.0
202309,4182032500,19692531.0,100.0
202309,4182033000,2236580.0,100.0
202309,4182034500,3569758.0,100.0
202309,4182035000,3474087.0,100.0
202309,4183025000,122852541.0,100.0
202309,4183031000,4712135.0,100.0
202309,4183032000,3144201.0,100.0
202309,4183033000,15870889.0,100.0
202310,4131051000,9741661.0,100.0
202310,4131052000,1212859.0,100.0
202310,4131053000,182150324.0,100.0
202310,4131054100,332444.0,100.0
202310,4131054200,523817.0,100.0
202310,4131057000,1068720.0,100.0
202310,4131058000,2434424.0,100.0
202310,4131059000,2163107.0,100.0
202309,4148026200,13343246.0,100.0
202309,4148031000,4474815.0,100.0
202309,4148032000,13551226.0,100.0
202309,4148035000,12857377.0,100.0
202309,4148036000,39332.0,100.0
202309,4148037000,11711657.0,100.0
202309,4148038000,182078.0,100.0
202309,4148051000,2681531.0,100.0
202309,4148052000,554506.0,100.0
202309,4148053000,918948.0,100.0
202309,4148054000,39941139.0,100.0
202309,4183034000,2715197.0,100.0
202309,4183035000,3615850.0,100.0
202309,4183036000,330566.0,100.0
202309,4183037000,2175299.0,100.0
202309,4183038000,690951.0,100.0
202309,4183039500,7385707.0,100.0
202309,4183040000,43466500.0,100.0
202309,4183041000,1223794.0,100.0
202310,4111156000,631469.0,100.0
202310,4111156600,2454601.0,100.0
202310,4111157100,373468.0,100.0
202309,4148055000,1739704.0,100.0
202309,4148056000,417746.0,100.0
202309,4148057000,956457.0,100.0
202310,4111157200,336518.0,100.0
202310,4111157300,661610.0,100.0
202310,4111158000,407164.0,100.0
202310,4111159100,95366.0,100.0
202310,4111159700,1096765.0,100.0
202310,4111159800,163072.0,100.0
202310,4111160000,149334.0,100.0
202310,4111353000,419538.0,100.0
202310,4111354000,136370.0,100.0
202310,4137051000,1946122.0,100.0
202310,4137053000,147202112.0,100.0
202310,4137054000,2202828.0,100.0
202311,4128164000,1108173.0,100.0
202311,4128165000,32462.0,100.0
202311,4128166000,512205.0,100.0
202311,4128167000,73266.0,100.0
202311,4128551000,413087.0,100.0
202311,4128552000,331573.0,100.0
202311,4128553000,367572.0,100.0
202310,4146352000,5352293.0,100.0
202310,4146353000,207964.0,100.0
202310,4146353500,619816.0,100.0
202310,4146354000,154035678.0,100.0
202310,4146355000,991406.0,100.0
202310,4146356000,947304.0,100.0
202310,4146357000,652855.0,100.0
202310,4146357200,4164570.0,100.0
202310,4146357500,2169948.0,100.0
202310,4146357700,1054948.0,100.0
202310,4167036000,365378.0,100.0
202310,4167037000,26206.0,100.0
202310,4167038000,29676.0,100.0
202310,4167051000,1921418.0,100.0
202310,4167052000,1007108.0,100.0
202310,4167053000,399418.0,100.0
202310,4180025000,16225191.0,100.0
202310,4180025300,53374649.0,100.0
202310,4180031000,1625687.0,100.0
202310,4180032000,20113236.0,100.0
202310,4180033000,879801.0,100.0
202311,4117163000,604726.0,100.0
202311,4117351000,436336.0,100.0
202311,4117352000,417181756.0,100.0
202311,4117353000,343618.0,100.0
202311,4117354000,631850.0,100.0
202311,4117354600,519652.0,100.0
202311,4117355000,226694.0,100.0
202311,4117356000,2230184.0,100.0
202311,4117356600,228511.0,100.0
202311,4128554000,612994.0,100.0
202311,4128555100,562110.0,100.0
202311,4128555200,495275.0,100.0
202311,4128556000,299892.0,100.0
202311,4128558000,106476.0,100.0
202311,4128559000,109022.0,100.0
202311,4128560000,138514.0,100.0
202311,4128751000,236178.0,100.0
202310,4146358600,1049071.0,100.0
202310,4146359000,1089838.0,100.0
202310,4146551000,1226464.0,100.0
202310,4146552000,3408915.0,100.0
202310,4146553000,1624741.0,100.0
202310,4146554000,1962826.0,100.0
202310,4146555000,196608.0,100.0
202310,4146556000,821044.0,100.0
202310,4146557000,3231279.0,100.0
202310,4180034000,76966.0,100.0
202310,4180035000,246731.0,100.0
202310,4180036000,743804.0,100.0
202310,4180038000,192413.0,100.0
202310,4182025000,30102354.0,100.0
202310,4182031000,6017204.0,100.0
202310,4182032500,19777425.0,100.0
202310,4182033000,1376404.0,100.0
202310,4182034500,2754408.0,100.0
202310,4182035000,2310807.0,100.0
202310,4183025000,118957433.0,100.0
202311,4117357000,5429525.0,100.0
202311,4117357600,504738.0,100.0
202311,4117357800,151386.0,100.0
202311,4117358000,792349.0,100.0
202311,4117359000,133666.0,100.0
202311,4117360000,241840.0,100.0
202311,4117361000,924038.0,100.0
202311,4117362000,373466.0,100.0
202311,4119060300,1295889.0,100.0
202311,4119060600,82741639.0,100.0
202311,4119061000,433226.0,100.0
202311,4119074200,5900089.0,100.0
202311,4119074400,3480617.0,100.0
202311,4119074600,1413932.0,100.0
202311,4119075000,1314947.0,100.0
202311,4119079500,1296331.0,100.0
202311,4119080000,3467932.0,100.0
202311,4119083000,3519901.0,100.0
202311,4128752000,1937769.0,100.0
202311,4128754000,787951.0,100.0
202311,4128755000,825879.0,100.0
202311,4128756000,88786.0,100.0
202311,4128757000,415108.0,100.0
202311,4128759000,219213.0,100.0
202311,4129051000,1608558.0,100.0
202310,4146559000,2052860.0,100.0
202310,4148025000,22366505.0,100.0
202310,4148025300,180456323.0,100.0
202310,4148025600,4569817.0,100.0
202310,4148026200,10589531.0,100.0
202310,4148031000,4112525.0,100.0
202310,4148032000,10588493.0,100.0
202310,4148035000,8429154.0,100.0
202310,4183031000,4956404.0,100.0
202310,4183032000,4072174.0,100.0
202310,4183033000,15666021.0,100.0
202310,4183034000,2636486.0,100.0
202310,4183035000,3530248.0,100.0
202310,4183036000,515406.0,100.0
202310,4183037000,3469607.0,100.0
202310,4183038000,787613.0,100.0
202310,4183039500,6772273.0,100.0
202310,4183040000,47816262.0,100.0
202310,4183041000,1571520.0,100.0
202311,4111156000,591386.0,100.0
202311,4129052000,3167053.0,100.0
202311,4129053000,313606.0,100.0
202311,4129054000,102353671.0,100.0
202311,4129055000,194538.0,100.0
202311,4129056000,25946.0,100.0
202311,4131051000,6518069.0,100.0
202311,4131052000,1306331.0,100.0
202311,4131053000,142346431.0,100.0
202311,4131054100,159706.0,100.0
202310,4148036000,105804.0,100.0
202310,4148037000,5447758.0,100.0
202310,4148038000,82386.0,100.0
202310,4148051000,2640841.0,100.0
202310,4148052000,543322.0,100.0
202310,4148053000,1111286.0,100.0
202310,4148054000,28482173.0,100.0
202310,4148055000,1494711.0,100.0
202310,4148056000,431380.0,100.0
202310,4148057000,912331.0,100.0
202311,4111156600,1845397.0,100.0
202311,4111157100,312306.0,100.0
202311,4111157200,343608.0,100.0
202311,4111157300,590229.0,100.0
202311,4111158000,402210.0,100.0
202311,4111159100,233558.0,100.0
202311,4111159700,963096.0,100.0
202311,4111159800,145680.0,100.0
202311,4111160000,143112.0,100.0
202311,4131054200,415204.0,100.0
202311,4131057000,897558.0,100.0
202311,4131058000,1994475.0,100.0
202311,4131059000,2176038.0,100.0
202310,4150025000,19747882.0,100.0
202310,4150025300,48146828.0,100.0
202310,4150031000,5290965.0,100.0
202310,4150032000,7641369.0,100.0
202310,4150033000,3122300.0,100.0
202310,4150034000,4895933.0,100.0
202310,4150035000,181842812.0,100.0
202310,4150036000,386667.0,100.0
202311,4111353000,381709.0,100.0
202311,4111354000,146850.0,100.0
202311,4111355000,915128.0,100.0
202311,4111356000,930722.0,100.0
202311,4111365000,86950.0,100.0
202311,4111366200,1596708.0,100.0
202311,4111366400,927853.0,100.0
202311,4111367000,266264.0,100.0
202311,4111368000,1193918.0,100.0
202310,4150037000,710392.0,100.0
202310,4150038000,807054.0,100.0
202310,4150051000,1577602.0,100.0
202310,4150051500,4147468.0,100.0
202310,4150052000,773687.0,100.0
202310,4150053000,1196873.0,100.0
202310,4155025000,48954284.0,100.0
202310,4155031000,63887931.0,100.0
202310,4155032000,5071290.0,100.0
202310,4155033000,2758297.0,100.0
202310,4155034000,5601806.0,100.0
202311,4111369000,907016.0,100.0
202311,4111370000,2000.0,100.0
202311,4111565000,267446.0,100.0
202311,4111566000,570626975.0,100.0
202311,4111567000,817905.0,100.0
202311,4111568000,811569.0,100.0
202311,4111569000,64866.0,100.0
202311,4111570000,933372.0,100.0
202311,4111571000,193461.0,100.0
202311,4111572000,83872.0,100.0
202311,4121054000,17280.0,100.0
202311,4121055000,1953354.0,100.0
202311,4121056000,146986.0,100.0
202311,4121057000,88518.0,100.0
202311,4137051000,1600017.0,100.0
202311,4137053000,131648228.0,100.0
202311,4137054000,2325316.0,100.0
202311,4137055000,1676760.0,100.0
202311,4137056000,334852.0,100.0
202311,4137057000,1024349.0,100.0
202310,4155035000,13997144.0,100.0
202310,4155036000,6754973.0,100.0
202310,4155038000,5855171.0,100.0
202310,4155039000,6977227.0,100.0
202310,4155040000,11686544.0,100.0
202310,4155041000,2635786.0,100.0
202310,4155042000,2276210.0,100.0
202310,4155051000,980467.0,100.0
202310,4155052000,4077885.0,100.0
202310,4155053000,1193107.0,100.0
202311,4111573000,1119665.0,100.0
202311,4111574000,1733835.0,100.0
202311,4111751000,48100.0,100.0
202311,4111752000,334390.0,100.0
202311,4111753000,402728.0,100.0
202311,4111754000,2504937.0,100.0
202311,4111757000,135386.0,100.0
202311,4111758000,550688.0,100.0
202311,4111758500,677741.0,100.0
202311,4121058000,890732.0,100.0
202311,4121059000,24772.0,100.0
202311,4121060000,85892.0,100.0
202311,4121061000,2821704.0,100.0
202311,4121062000,919900.0,100.0
202311,4121063100,249724672.0,100.0
202311,4121063300,386449.0,100.0
202311,4121063400,974663.0,100.0
202311,4121064000,1100587.0,100.0
202311,4121065000,988190.0,100.0
202311,4111759300,803758.0,100.0
202311,4111759600,722379.0,100.0
202311,4111760000,1395972.0,100.0
202311,4111761000,70825.0,100.0
202311,4121066000,4052.0,100.0
202311,4122025000,6284529.0,100.0
202311,4122025300,27656431.0,100.0
202311,4122025600,10269755.0,100.0
202311,4122025900,4527581.0,100.0
202311,4122031000,1144186.0,100.0
202311,4122032000,474873.0,100.0
202311,4122033000,3531665.0,100.0
202311,4122034000,143111832.0,100.0
202311,4141051000,159370.0,100.0
202311,4141052000,229323397.0,100.0
202311,4141054000,774342.0,100.0
202310,4159025300,72495808.0,100.0
202310,4159025600,11813240.0,100.0
202310,4159025900,49373217.0,100.0
202310,4159026200,7376724.0,100.0
202310,4159031000,2774243.0,100.0
202310,4159032000,1731061.0,100.0
202311,4122037000,1110261.0,100.0
202311,4122051000,3120648.0,100.0
202311,4122052000,243390.0,100.0
202311,4122053500,916696.0,100.0
202311,4122055000,176298.0,100.0
202311,4122056000,2541200.0,100.0
202311,4122057000,233123.0,100.0
202311,4122058000,146986.0,100.0
202311,4122059000,560763.0,100.0
202311,4122060000,4913185.0,100.0
202311,4141055000,1032708.0,100.0
202311,4141056000,1709201.0,100.0
202311,4141057000,354619.0,100.0
202311,4141058000,1418816.0,100.0
202311,4141059000,769754.0,100.0
202311,4141060000,1043877.0,100.0
202311,4141061000,1251279.0,100.0
202311,4141062000,6562247.0,100.0
202311,4143051000,79940.0,100.0
202310,4159033000,3773612.0,100.0
202310,4159034000,10561077.0,100.0
202310,4159035000,6965239.0,100.0
202310,4159036000,277695787.0,100.0
202310,4159037000,4040920.0,100.0
202310,4159040000,2249034.0,100.0
202310,4159041000,8277124.0,100.0
202310,4159051500,2834343.0,100.0
202310,4159052000,783451.0,100.0
202310,4159053000,2617963.0,100.0
202311,4122062000,2582995.0,100.0
202311,4122063000,1572748.0,100.0
202311,4122063500,830390.0,100.0
202311,4122064000,2161005.0,100.0
202311,4125051000,50133775.0,100.0
202311,4125052000,278424.0,100.0
202310,4159054000,354656.0,100.0
202310,4159055000,3783172.0,100.0
202310,4159056000,197266.0,100.0
202310,4159057000,1219600.0,100.0
202310,4159058500,2052336.0,100.0
202310,4159058600,5626234.0,100.0
202310,4159058700,5265282.0,100.0
202310,4159058800,1945082.0,100.0
202310,4159059000,11461784.0,100.0
202311,4125053500,429730.0,100.0
202311,4125056500,1352686.0,100.0
202311,4125056600,976830.0,100.0
202311,4125058000,488371.0,100.0
202311,4125060000,14172.0,100.0
202311,4127151000,487090.0,100.0
202311,4127151500,1322999.0,100.0
202311,4127152500,2269396.0,100.0
202311,4127153200,1684700.0,100.0
202311,4127153700,1145412.0,100.0
202310,4141051000,504273.0,100.0
202310,4141052000,261376483.0,100.0
202310,4141054000,818272.0,100.0
202310,4141055000,1069458.0,100.0
202310,4141056000,2182155.0,100.0
202310,4141057000,351823.0,100.0
202310,4141058000,1225192.0,100.0
202310,4141059000,594057.0,100.0
202310,4159060000,1890296.0,100.0
202310,4159061000,9608464.0,100.0
202310,4159062000,1898810.0,100.0
202310,4161025000,77632993.0,100.0
202310,4161025300,207666169.0,100.0
202310,4161025900,20607981.0,100.0
202310,4161033000,3963838.0,100.0
202310,4161034000,10621896.0,100.0
202310,4161035000,348818.0,100.0
202310,4161037000,180335.0,100.0
202311,4127154000,1848413.0,100.0
202311,4127155000,334722.0,100.0
202311,4127156000,686437.0,100.0
202311,4127157000,711755.0,100.0
202311,4127158000,1541659.0,100.0
202311,4127159000,615406.0,100.0
202311,4127160000,441888.0,100.0
202311,4127161000,153626.0,100.0
202311,4127351000,1600302.0,100.0
202311,4127352500,724221.0,100.0
202310,4141060000,1387984.0,100.0
202310,4141061000,1724927.0,100.0
202310,4141062000,8705491.0,100.0
202310,4143051000,101617.0,100.0
202310,4143052000,2891455.0,100.0
202310,4143053000,79844625.0,100.0
202310,4143054000,43682.0,100.0
202310,4143055000,16748.0,100.0
202310,4143056000,563083.0,100.0
202310,4161051000,1411192.0,100.0
202310,4161052000,4828610.0,100.0
202310,4161053000,4099487.0,100.0
202311,4115051000,1588477.0,100.0
202311,4115052000,1182051.0,100.0
202311,4115054500,532586.0,100.0
202311,4115055500,366506.0,100.0
202311,4115056100,599038.0,100.0
202311,4115056700,101639672.0,100.0
202311,4115056800,305075.0,100.0
202311,4127353200,9466829.0,100.0
202311,4127353500,1677660.0,100.0
202311,4127354500,1838555.0,100.0
202311,4127355500,1377771.0,100.0
202311,4127356500,526852.0,100.0
202311,4127357000,514942132.0,100.0
202311,4127358000,146998.0,100.0
202311,4127359000,1486126.0,100.0
202311,4127360000,1961470.0,100.0
202310,4145051000,5951562.0,100.0
202310,4145052000,263456.0,100.0
202310,4145053000,2289071.0,100.0
202310,4145054000,425973.0,100.0
202310,4145055000,1882245.0,100.0
202310,4145056000,1142646.0,100.0
202310,4145057000,2326103.0,100.0
202310,4145058200,1069661.0,100.0
202310,4145059000,103732357.0,100.0
202310,4163025000,9211826.0,100.0
202310,4163031000,2366065.0,100.0
202310,4163032000,2782921.0,100.0
202310,4163033000,75668886.0,100.0
202310,4163034000,1892693.0,100.0
202310,4163051000,271336.0,100.0
202310,4163052000,2320752.0,100.0
202310,4163053000,1199142.0,100.0
202310,4163054000,1035959.0,100.0
202310,4163055000,603122.0,100.0
202311,4115057300,1986392.0,100.0
202311,4115057600,354310.0,100.0
202311,4115057800,1141696.0,100.0
202311,4115058000,619335.0,100.0
202311,4115059500,527142.0,100.0
202311,4115061500,94600.0,100.0
202311,4115062000,83626.0,100.0
202311,4117151000,580626.0,100.0
202311,4127361000,91987.0,100.0
202311,4128151000,257083197.0,100.0
202311,4128152000,197516.0,100.0
202311,4128153000,920720.0,100.0
202311,4128154000,182198.0,100.0
202311,4128155000,381775.0,100.0
202311,4128156000,586060.0,100.0
202310,4145060000,11908.0,100.0
202310,4145061000,644530.0,100.0
202310,4145062000,10800324.0,100.0
202310,4146125000,25065241.0,100.0
202310,4146125300,9551456.0,100.0
202310,4146125600,11433749.0,100.0
202310,4146132000,6234036.0,100.0
202310,4146134000,5097808.0,100.0
202310,4146135000,17933882.0,100.0
202310,4163056000,1552923.0,100.0
202310,4165025000,27335412.0,100.0
202310,4165031000,10375517.0,100.0
202310,4165032000,1563615.0,100.0
202310,4165033000,2945534.0,100.0
202310,4165034000,23577562.0,100.0
202310,4165035000,457633.0,100.0
202310,4165036000,2419247.0,100.0
202310,4165037000,6294908.0,100.0
202310,4165038000,1098715.0,100.0
202311,4117155000,1802092.0,100.0
202311,4117156000,257386.0,100.0
202311,4117157000,12212.0,100.0
202311,4117159000,1076194.0,100.0
202311,4117160000,278534.0,100.0
202311,4117161000,367426.0,100.0
202311,4128157500,11546.0,100.0
202311,4128158000,269860.0,100.0
202311,4128159000,796412.0,100.0
202311,4128160000,228064.0,100.0
202311,4128161000,545424.0,100.0
202311,4128162100,364943.0,100.0
202311,4128162200,197708.0,100.0
202311,4128163000,2266.0,100.0
202310,4146136000,11500589.0,100.0
202310,4146151000,2299434.0,100.0
202310,4146152000,2209811.0,100.0
202310,4146153000,1018179.0,100.0
202310,4146154000,590645645.0,100.0
202310,4146351000,8012.0,100.0
202310,4146351600,1449538.0,100.0
202310,4146351700,647776.0,100.0
202310,4165039000,2746761.0,100.0
202310,4165040000,604168.0,100.0
202310,4165041000,1092007.0,100.0
202310,4165051000,1282199.0,100.0
202310,4165052000,663112.0,100.0
202310,4167025000,5571649.0,100.0
202310,4167031000,338792.0,100.0
202310,4167032000,2893302.0,100.0
202310,4167033000,60178.0,100.0
202310,4167034000,170755281.0,100.0
202310,4167035000,2924382.0,100.0
202310,4137055000,1805985.0,100.0
202310,4137056000,439450.0,100.0
202310,4137057000,1406298.0,100.0
202311,4161025900,17320344.0,100.0
202311,4161033000,3260645.0,100.0
202311,4161034000,9057320.0,100.0
202311,4161035000,149679.0,100.0
202311,4161037000,244739.0,100.0
202311,4161051000,1041273.0,100.0
202311,4161052000,4139346.0,100.0
202311,4161053000,3285948.0,100.0
202312,4115051000,1891030.0,100.0
202312,4115052000,1326434.0,100.0
202312,4127357000,665979380.0,100.0
202312,4127358000,516067.0,100.0
202312,4127359000,1986339.0,100.0
202312,4127360000,2576712.0,100.0
202312,4127361000,146354.0,100.0
202312,4128151000,276112626.0,100.0
202312,4128152000,219916.0,100.0
202312,4128153000,1013637.0,100.0
202312,4128154000,170991.0,100.0
202312,4128155000,253677.0,100.0
202311,4143052000,2845620.0,100.0
202311,4143053000,75795661.0,100.0
202311,4143054000,46052.0,100.0
202311,4143055000,70280.0,100.0
202311,4143056000,505881.0,100.0
202311,4145051000,5537849.0,100.0
202311,4145052000,344524.0,100.0
202311,4145053000,1735778.0,100.0
202311,4145054000,141612.0,100.0
202311,4145055000,2008877.0,100.0
202311,4163025000,7500295.0,100.0
202311,4163031000,1459327.0,100.0
202311,4163032000,1820515.0,100.0
202311,4163033000,64369013.0,100.0
202311,4163034000,1393122.0,100.0
202311,4163051000,155688.0,100.0
202312,4115054500,615922.0,100.0
202312,4115055500,512628.0,100.0
202312,4115056100,635738.0,100.0
202312,4115056700,120233944.0,100.0
202312,4115056800,459846.0,100.0
202312,4115057300,2918750.0,100.0
202312,4115057600,581108.0,100.0
202312,4115057800,2091352.0,100.0
202312,4115058000,1204557.0,100.0
202312,4115059500,639816.0,100.0
202312,4128156000,540672.0,100.0
202312,4128157500,55728.0,100.0
202312,4128158000,341106.0,100.0
202312,4128159000,953718.0,100.0
202312,4128160000,241766.0,100.0
202312,4128161000,273190.0,100.0
202312,4128162100,515807.0,100.0
202312,4128162200,217428.0,100.0
202312,4128163000,2502.0,100.0
202311,4145056000,896242.0,100.0
202311,4145057000,1551562.0,100.0
202311,4145058200,1473625.0,100.0
202311,4145059000,109686528.0,100.0
202311,4145060000,5332.0,100.0
202311,4145061000,471722.0,100.0
202311,4145062000,10468223.0,100.0
202311,4146125000,20883405.0,100.0
202311,4163052000,2519595.0,100.0
202311,4163053000,934757.0,100.0
202311,4163054000,1021691.0,100.0
202311,4163055000,628136.0,100.0
202311,4163056000,1398426.0,100.0
202311,4165025000,22590050.0,100.0
202311,4165031000,10125182.0,100.0
202311,4165032000,1370095.0,100.0
202312,4115061500,182344.0,100.0
202312,4115062000,273044.0,100.0
202312,4117151000,231574.0,100.0
202312,4117155000,1454060.0,100.0
202312,4117156000,315822.0,100.0
202312,4117157000,17624.0,100.0
202312,4128164000,1039295.0,100.0
202312,4128165000,47694.0,100.0
202312,4128166000,618479.0,100.0
202312,4128167000,64896.0,100.0
202312,4128551000,497021.0,100.0
202312,4128552000,436563.0,100.0
202312,4128553000,360539.0,100.0
202311,4146125300,7321160.0,100.0
202311,4146125600,9276387.0,100.0
202311,4146132000,4235549.0,100.0
202311,4146134000,3965449.0,100.0
202311,4146135000,10132970.0,100.0
202311,4146136000,7918810.0,100.0
202311,4146151000,2140857.0,100.0
202311,4146152000,1985682.0,100.0
202311,4146153000,1104911.0,100.0
202311,4165033000,1949860.0,100.0
202311,4165034000,19342415.0,100.0
202311,4165035000,158072.0,100.0
202311,4165036000,1471514.0,100.0
202311,4165037000,4839391.0,100.0
202311,4165038000,1034337.0,100.0
202311,4165039000,2451822.0,100.0
202311,4165040000,482684.0,100.0
202311,4165041000,642951.0,100.0
202311,4165051000,1259369.0,100.0
202311,4165052000,534670.0,100.0
202312,4117159000,1254274.0,100.0
202312,4117160000,389315.0,100.0
202312,4117161000,422940.0,100.0
202312,4117163000,629970.0,100.0
202312,4117351000,401008.0,100.0
202312,4117352000,413839234.0,100.0
202312,4117353000,462714.0,100.0
202312,4117354000,548502.0,100.0
202312,4117354600,593456.0,100.0
202312,4128554000,697663.0,100.0
202312,4128555100,600906.0,100.0
202312,4128555200,592192.0,100.0
202312,4128556000,569034.0,100.0
202312,4128558000,94334.0,100.0
202312,4128559000,125298.0,100.0
202312,4128560000,95731.0,100.0
202312,4128751000,380951.0,100.0
202311,4146154000,521705903.0,100.0
202311,4146351000,13160.0,100.0
202311,4146351600,1368810.0,100.0
202311,4146351700,663868.0,100.0
202311,4146352000,5442677.0,100.0
202311,4146353000,141376.0,100.0
202311,4146353500,576837.0,100.0
202311,4146354000,134442336.0,100.0
202311,4146355000,479520.0,100.0
202311,4167025000,4192600.0,100.0
202311,4167031000,220526.0,100.0
202311,4167032000,1640129.0,100.0
202311,4167033000,2532.0,100.0
202311,4167034000,138687668.0,100.0
202311,4167035000,1672406.0,100.0
202311,4167036000,342852.0,100.0
202311,4167037000,4914.0,100.0
202311,4167038000,23118.0,100.0
202311,4167051000,1310529.0,100.0
202311,4167052000,805676.0,100.0
202311,4167053000,407414.0,100.0
202312,4117355000,283560.0,100.0
202312,4117356000,2404049.0,100.0
202312,4117356600,139921.0,100.0
202312,4117357000,3315985.0,100.0
202312,4117357600,680894.0,100.0
202312,4117357800,110166.0,100.0
202312,4117358000,932957.0,100.0
202312,4117359000,143302.0,100.0
202312,4117360000,575717.0,100.0
202312,4128752000,1748670.0,100.0
202312,4128754000,955953.0,100.0
202312,4128755000,862641.0,100.0
202312,4128756000,100952.0,100.0
202312,4128757000,265554.0,100.0
202312,4128759000,267141.0,100.0
202311,4146356000,816555.0,100.0
202311,4146357000,578386.0,100.0
202311,4146357200,3030449.0,100.0
202311,4146357500,2605314.0,100.0
202311,4146357700,904874.0,100.0
202311,4146358600,1091755.0,100.0
202311,4146359000,1002954.0,100.0
202311,4146551000,285332.0,100.0
202311,4146552000,3595487.0,100.0
202311,4146553000,1902266.0,100.0
202311,4180025000,13135799.0,100.0
202311,4180025300,44205217.0,100.0
202311,4180031000,1320268.0,100.0
202311,4180032000,14861103.0,100.0
202311,4180033000,593808.0,100.0
202311,4180034000,56091.0,100.0
202311,4180035000,77736.0,100.0
202311,4180036000,619761.0,100.0
202311,4180038000,42972.0,100.0
202311,4182025000,25651132.0,100.0
202311,4182031000,4083091.0,100.0
202311,4182032500,13603559.0,100.0
202312,4117361000,969204.0,100.0
202312,4117362000,570322.0,100.0
202312,4119060300,1287493.0,100.0
202312,4119060600,99906128.0,100.0
202312,4119061000,400348.0,100.0
202312,4119074200,7799684.0,100.0
202312,4119074400,4732402.0,100.0
202312,4119074600,1102669.0,100.0
202312,4119075000,1134464.0,100.0
202312,4119079500,1568968.0,100.0
202312,4119080000,3791347.0,100.0
202312,4119083000,4263748.0,100.0
202312,4129051000,1360490.0,100.0
202312,4129052000,3684689.0,100.0
202312,4129053000,340902.0,100.0
202312,4129054000,110934147.0,100.0
202312,4129055000,50694.0,100.0
202312,4129056000,75354.0,100.0
202312,4131051000,7211012.0,100.0
202312,4131052000,2531155.0,100.0
202312,4131053000,149739364.0,100.0
202312,4131054100,298784.0,100.0
202311,4146554000,1945834.0,100.0
202311,4146555000,229536.0,100.0
202311,4146556000,961837.0,100.0
202311,4146557000,2913358.0,100.0
202311,4146559000,1385508.0,100.0
202311,4148025000,17389169.0,100.0
202311,4148025300,147223741.0,100.0
202311,4182033000,1056458.0,100.0
202311,4182034500,2563618.0,100.0
202311,4182035000,1612661.0,100.0
202311,4183025000,101748163.0,100.0
202311,4183031000,3926042.0,100.0
202311,4183032000,2411126.0,100.0
202311,4183033000,12582580.0,100.0
202311,4183034000,2018573.0,100.0
202311,4183035000,2846829.0,100.0
202311,4183036000,350810.0,100.0
202312,4131054200,937197.0,100.0
202312,4131057000,1154970.0,100.0
202312,4131058000,2132020.0,100.0
202312,4131059000,3236466.0,100.0
202311,4148025600,3566092.0,100.0
202311,4148026200,8544309.0,100.0
202311,4148031000,3030660.0,100.0
202311,4148032000,7751078.0,100.0
202311,4148035000,6192850.0,100.0
202311,4148036000,49932.0,100.0
202311,4148037000,3473333.0,100.0
202311,4148038000,83400.0,100.0
202311,4148051000,2405270.0,100.0
202311,4148052000,318498.0,100.0
202311,4148053000,901598.0,100.0
202311,4183037000,1666646.0,100.0
202311,4183038000,467104.0,100.0
202311,4183039500,4058675.0,100.0
202311,4183040000,38099385.0,100.0
202311,4183041000,1532882.0,100.0
202312,4111156000,396281.0,100.0
202312,4111156600,1875574.0,100.0
202312,4111157100,384740.0,100.0
202312,4111157200,314764.0,100.0
202312,4111157300,606166.0,100.0
202312,4111158000,279032.0,100.0
202311,4148054000,3587960.0,100.0
202311,4148055000,1652017.0,100.0
202311,4148056000,796212.0,100.0
202311,4148057000,684259.0,100.0
202311,4150025000,14428245.0,100.0
202311,4150025300,43037043.0,100.0
202311,4150031000,4323539.0,100.0
202312,4111159100,488954.0,100.0
202312,4111159700,1051629.0,100.0
202312,4111159800,174812.0,100.0
202312,4111160000,131050.0,100.0
202312,4111353000,313716.0,100.0
202312,4111354000,155042.0,100.0
202312,4111355000,822210.0,100.0
202312,4111356000,1025838.0,100.0
202312,4111365000,98088.0,100.0
202312,4137051000,2338397.0,100.0
202312,4137053000,131681713.0,100.0
202312,4137054000,2123731.0,100.0
202312,4137055000,1396432.0,100.0
202312,4137056000,375366.0,100.0
202312,4137057000,1080346.0,100.0
202311,4150032000,5998817.0,100.0
202311,4150033000,2326018.0,100.0
202311,4150034000,3905289.0,100.0
202311,4150035000,146114416.0,100.0
202311,4150036000,333260.0,100.0
202311,4150037000,411049.0,100.0
202311,4150038000,549634.0,100.0
202311,4150051000,1362298.0,100.0
202311,4150051500,3794793.0,100.0
202311,4150052000,699805.0,100.0
202312,4111366200,1562221.0,100.0
202312,4111366400,984411.0,100.0
202312,4111367000,293320.0,100.0
202312,4111368000,1090642.0,100.0
202312,4111369000,1338055.0,100.0
202312,4111370000,3224.0,100.0
202312,4111565000,280621.0,100.0
202312,4111566000,572565051.0,100.0
202312,4111567000,951481.0,100.0
202312,4121054000,66192.0,100.0
202312,4121055000,1267813.0,100.0
202312,4121056000,5702.0,100.0
202312,4121057000,34294.0,100.0
202312,4121058000,1546124.0,100.0
202312,4121059000,20606.0,100.0
202312,4121060000,168528.0,100.0
202312,4121061000,2307385.0,100.0
202312,4121062000,1412628.0,100.0
202312,4121063100,154558732.0,100.0
202311,4150053000,995564.0,100.0
202311,4155025000,38666691.0,100.0
202311,4155031000,48980992.0,100.0
202311,4155032000,3379086.0,100.0
202311,4155033000,620313.0,100.0
202311,4155034000,3932736.0,100.0
202311,4155035000,10774071.0,100.0
202311,4155036000,4123491.0,100.0
202311,4155038000,3542745.0,100.0
202311,4155039000,5445234.0,100.0
202311,4155040000,7669109.0,100.0
202312,4111568000,882016.0,100.0
202312,4111569000,57134.0,100.0
202312,4111570000,669469.0,100.0
202312,4111571000,187005.0,100.0
202312,4111572000,73362.0,100.0
202312,4111573000,1273185.0,100.0
202312,4111574000,2128970.0,100.0
202312,4111751000,6012.0,100.0
202312,4111752000,513279.0,100.0
202312,4111753000,330431.0,100.0
202312,4121063300,438591.0,100.0
202312,4121063400,677056.0,100.0
202312,4121064000,800078.0,100.0
202312,4121065000,1630849.0,100.0
202312,4121066000,20076.0,100.0
202312,4122025000,7066108.0,100.0
202312,4122025300,26673292.0,100.0
202312,4122025600,10763648.0,100.0
202312,4141051000,356049.0,100.0
202312,4141052000,220209232.0,100.0
202311,4155041000,2455477.0,100.0
202311,4155042000,929386.0,100.0
202311,4155051000,674315.0,100.0
202311,4155052000,2589081.0,100.0
202311,4155053000,569174.0,100.0
202312,4111754000,2090763.0,100.0
202312,4111757000,127432.0,100.0
202312,4111758000,623196.0,100.0
202312,4111758500,641640.0,100.0
202312,4111759300,649922.0,100.0
202312,4111759600,861184.0,100.0
202312,4111760000,1537787.0,100.0
202312,4111761000,261315.0,100.0
202312,4122025900,5215724.0,100.0
202312,4122031000,1344872.0,100.0
202312,4122032000,571428.0,100.0
202312,4122033000,4083769.0,100.0
202312,4122034000,149206277.0,100.0
202312,4122037000,1016013.0,100.0
202312,4122051000,3446257.0,100.0
202312,4122052000,501260.0,100.0
202312,4122053500,1309746.0,100.0
202312,4122055000,280850.0,100.0
202312,4141054000,1052124.0,100.0
202312,4141055000,2437378.0,100.0
202312,4141056000,1164029.0,100.0
202312,4141057000,381209.0,100.0
202312,4141058000,1881280.0,100.0
202312,4141059000,618281.0,100.0
202312,4141060000,1910333.0,100.0
202312,4141061000,2313561.0,100.0
202312,4141062000,5292627.0,100.0
202312,4143051000,87192.0,100.0
202311,4159025300,53893310.0,100.0
202312,4122056000,2719382.0,100.0
202312,4122057000,253939.0,100.0
202312,4122058000,209502.0,100.0
202312,4122059000,661360.0,100.0
202312,4122060000,4519107.0,100.0
202312,4122062000,3606023.0,100.0
202312,4122063000,1561497.0,100.0
202312,4122063500,809204.0,100.0
202312,4122064000,3796874.0,100.0
202312,4143052000,3920488.0,100.0
202312,4143053000,91650394.0,100.0
202312,4143054000,83120.0,100.0
202312,4143055000,194348.0,100.0
202312,4143056000,645279.0,100.0
202312,4145051000,6823119.0,100.0
202312,4145052000,423320.0,100.0
202312,4145053000,2416285.0,100.0
202312,4145054000,144295.0,100.0
202312,4145055000,2318179.0,100.0
202311,4159025600,8274788.0,100.0
202311,4159025900,39002090.0,100.0
202311,4159026200,5812696.0,100.0
202311,4159031000,1441965.0,100.0
202311,4159032000,2001721.0,100.0
202311,4159033000,1426864.0,100.0
202311,4159034000,7328913.0,100.0
202311,4159035000,3661199.0,100.0
202311,4159036000,219573715.0,100.0
202311,4159037000,2908610.0,100.0
202312,4125051000,53884739.0,100.0
202312,4125052000,450308.0,100.0
202312,4125053500,379550.0,100.0
202312,4125055000,12696.0,100.0
202312,4125056500,1800951.0,100.0
202312,4125056600,1760894.0,100.0
202312,4125058000,581204.0,100.0
202312,4125060000,104592.0,100.0
202312,4127151000,736042.0,100.0
202312,4145056000,1637192.0,100.0
202312,4145057000,2568388.0,100.0
202312,4145058200,2607669.0,100.0
202312,4145059000,126374545.0,100.0
202312,4145060000,14192.0,100.0
202312,4145061000,1012096.0,100.0
202312,4145062000,13798539.0,100.0
202312,4146125000,19839119.0,100.0
202311,4159040000,2161114.0,100.0
202311,4159041000,6873064.0,100.0
202311,4159051500,1014730.0,100.0
202311,4159052000,917603.0,100.0
202311,4159053000,1900970.0,100.0
202311,4159054000,384396.0,100.0
202311,4159055000,3340471.0,100.0
202311,4159056000,146574.0,100.0
202311,4159057000,916380.0,100.0
202311,4159058500,1370586.0,100.0
202312,4127151500,1335484.0,100.0
202312,4127152500,2334212.0,100.0
202312,4127153200,3003475.0,100.0
202312,4127153700,1718704.0,100.0
202312,4127154000,2569484.0,100.0
202312,4127155000,483994.0,100.0
202312,4127156000,931102.0,100.0
202312,4127157000,519740.0,100.0
202312,4127158000,2859901.0,100.0
202312,4146125300,7389099.0,100.0
202312,4146125600,12385253.0,100.0
202312,4146132000,4131279.0,100.0
202312,4146134000,2716287.0,100.0
202312,4146135000,7653082.0,100.0
202312,4146136000,9870774.0,100.0
202312,4146151000,2323875.0,100.0
202312,4146152000,1943899.0,100.0
202311,4159058600,5333085.0,100.0
202311,4159058700,4976194.0,100.0
202311,4159058800,1414590.0,100.0
202311,4159059000,6643639.0,100.0
202311,4159060000,1456664.0,100.0
202311,4159061000,6813212.0,100.0
202311,4159062000,1407380.0,100.0
202311,4161025000,68068345.0,100.0
202311,4161025300,186834770.0,100.0
202312,4127159000,816329.0,100.0
202312,4127160000,464845.0,100.0
202312,4127161000,269190.0,100.0
202312,4127351000,2203814.0,100.0
202312,4127352500,1176866.0,100.0
202312,4127353200,11993493.0,100.0
202312,4127353500,2621034.0,100.0
202312,4127354500,2563769.0,100.0
202312,4127355500,2169340.0,100.0
202312,4127356500,987439.0,100.0
202312,4146153000,1136168.0,100.0
202312,4146154000,624849125.0,100.0
202312,4146351000,29024.0,100.0
202312,4146351600,1789257.0,100.0
202312,4146351700,560424.0,100.0
202312,4146352000,6676846.0,100.0
202312,4146353000,162200.0,100.0
202312,4146353500,603603.0,100.0
202312,4146354000,155969901.0,100.0
202312,4146355000,1109624.0,100.0
202312,4159025300,39290050.0,100.0
202312,4159025600,5422928.0,100.0
202312,4159025900,33049346.0,100.0
202312,4159026200,5417735.0,100.0
202312,4159031000,1383073.0,100.0
202312,4159032000,1954000.0,100.0
202312,4159033000,1266709.0,100.0
202312,4159034000,7024314.0,100.0
202312,4159035000,3656391.0,100.0
202312,4159036000,173435704.0,100.0
202312,4159037000,2558254.0,100.0
202312,4159040000,1476683.0,100.0
202312,4159041000,5827839.0,100.0
202312,4159051500,1961524.0,100.0
202312,4159052000,1018236.0,100.0
202312,4159053000,1685403.0,100.0
202312,4159054000,648190.0,100.0
202312,4159055000,3356659.0,100.0
202312,4159056000,207336.0,100.0
202312,4159057000,665701.0,100.0
202312,4159058500,2145002.0,100.0
202312,4159058600,5639790.0,100.0
202312,4159058700,3895625.0,100.0
202312,4159058800,1948462.0,100.0
202312,4159059000,7125163.0,100.0
202312,4159060000,1419152.0,100.0
202312,4159061000,10929045.0,100.0
202312,4159062000,1621822.0,100.0
202312,4161025000,76993817.0,100.0
202312,4161025300,219529213.0,100.0
202312,4161025900,24577285.0,100.0
202312,4161033000,5626784.0,100.0
202312,4161034000,10987282.0,100.0
202312,4161035000,369165.0,100.0
202312,4161037000,294902.0,100.0
202312,4161051000,1935842.0,100.0
202312,4161052000,5800646.0,100.0
202312,4161053000,5053218.0,100.0
202312,4163025000,9882962.0,100.0
202312,4163031000,1920234.0,100.0
202312,4163032000,2713292.0,100.0
202312,4163033000,71301622.0,100.0
202312,4163034000,1746611.0,100.0
202312,4163051000,230943.0,100.0
202312,4163052000,4194450.0,100.0
202312,4163053000,1567606.0,100.0
202312,4163054000,1115278.0,100.0
202312,4163055000,923532.0,100.0
202312,4163056000,2296108.0,100.0
202312,4165025000,25388273.0,100.0
202312,4165031000,10010467.0,100.0
202312,4165032000,1845486.0,100.0
202312,4165033000,2337875.0,100.0
202312,4165034000,24018401.0,100.0
202312,4165035000,545095.0,100.0
202312,4165036000,2793994.0,100.0
202312,4165037000,8705987.0,100.0
202312,4165038000,1407695.0,100.0
202312,4165039000,3506939.0,100.0
202312,4165040000,809560.0,100.0
202312,4165041000,1252913.0,100.0
202312,4165051000,1557523.0,100.0
202312,4165052000,802586.0,100.0
202312,4167025000,6549198.0,100.0
202312,4167031000,433110.0,100.0
202312,4167032000,3005606.0,100.0
202312,4167034000,139117690.0,100.0
202312,4167035000,2957918.0,100.0
202312,4167036000,226234.0,100.0
202312,4167037000,12982.0,100.0
202312,4167038000,97134.0,100.0
202312,4167051000,1973207.0,100.0
202312,4167052000,908037.0,100.0
202312,4167053000,708686.0,100.0
202312,4180025000,23045271.0,100.0
202312,4180025300,67513260.0,100.0
202312,4180031000,2063441.0,100.0
202312,4180032000,18574043.0,100.0
202312,4180033000,1630504.0,100.0
202312,4180034000,193862.0,100.0
202312,4180035000,131224.0,100.0
202312,4180036000,1029586.0,100.0
202312,4180038000,366943.0,100.0
202312,4182025000,33840215.0,100.0
202312,4182031000,6788930.0,100.0
202312,4182032500,16796325.0,100.0
202312,4146554000,2552556.0,100.0
202312,4146555000,277962.0,100.0
202312,4146556000,997544.0,100.0
202312,4146557000,4618595.0,100.0
202312,4146559000,1589609.0,100.0
202312,4148025000,20668291.0,100.0
202312,4182033000,1665698.0,100.0
202312,4182034500,2777228.0,100.0
202312,4182035000,2766595.0,100.0
202312,4183025000,117780756.0,100.0
202312,4183031000,5624320.0,100.0
202312,4183032000,4359658.0,100.0
202312,4183033000,13788662.0,100.0
202312,4183034000,2418386.0,100.0
202312,4183035000,3080277.0,100.0
202312,4183036000,305446.0,100.0
202312,4148025300,174614546.0,100.0
202312,4148025600,4171389.0,100.0
202312,4148026200,9593516.0,100.0
202312,4148031000,2910661.0,100.0
202312,4148032000,8579117.0,100.0
202312,4148035000,8403589.0,100.0
202312,4148036000,10322.0,100.0
202312,4148037000,5204424.0,100.0
202312,4148038000,15558.0,100.0
202312,4148051000,2692416.0,100.0
202312,4148052000,568204.0,100.0
202312,4183037000,2793157.0,100.0
202312,4183038000,542727.0,100.0
202312,4183039500,6367951.0,100.0
202312,4183040000,49514512.0,100.0
202312,4183041000,1920078.0,100.0
202312,4148053000,793106.0,100.0
202312,4148054000,4287296.0,100.0
202312,4148055000,1136676.0,100.0
202312,4148056000,610489.0,100.0
202312,4148057000,772763.0,100.0
202312,4150025000,24588741.0,100.0
202312,4150025300,63011771.0,100.0
202312,4150031000,6482481.0,100.0
202312,4150032000,9145580.0,100.0
202312,4150033000,3421365.0,100.0
202312,4150034000,5770817.0,100.0
202312,4150035000,232813297.0,100.0
202312,4150036000,416642.0,100.0
202312,4150037000,744288.0,100.0
202312,4150038000,944132.0,100.0
202312,4150051000,1965155.0,100.0
202312,4150051500,5715255.0,100.0
202312,4150052000,958581.0,100.0
202312,4150053000,1608008.0,100.0
202312,4155025000,49190377.0,100.0
202312,4155031000,68700375.0,100.0
202312,4155032000,4731993.0,100.0
202312,4155033000,1483181.0,100.0
202312,4155034000,5209479.0,100.0
202312,4155035000,14660852.0,100.0
202312,4155036000,6629589.0,100.0
202312,4155038000,5774330.0,100.0
202312,4155039000,9789049.0,100.0
202312,4155040000,14377216.0,100.0
202312,4155041000,2863537.0,100.0
202312,4155042000,2377245.0,100.0
202312,4155051000,1149012.0,100.0
202312,4155052000,4542626.0,100.0
202312,4155053000,963088.0,100.0
202312,4146356000,1211234.0,100.0
202312,4146357000,843983.0,100.0
202312,4146357200,3368795.0,100.0
202312,4146357500,4310287.0,100.0
202312,4146357700,871606.0,100.0
202312,4146358600,835940.0,100.0
202312,4146359000,1355817.0,100.0
202312,4146551000,1148024.0,100.0
202312,4146552000,3934695.0,100.0
202312,4146553000,1744834.0,100.0
202401,4141051000,290382.0,100.0
202401,4122025600,12235685.0,100.0
202401,4122025900,6942014.0,100.0
202401,4122031000,1313397.0,100.0
202401,4122032000,1333131.0,100.0
202401,4122033000,4350172.0,100.0
202401,4122034000,179416679.0,100.0
202401,4122037000,1625661.0,100.0
202401,4122051000,3349627.0,100.0
202401,4122052000,395676.0,100.0
202401,4122053500,260062.0,100.0
202401,4141052000,221093013.0,100.0
202401,4141054000,782976.0,100.0
202401,4141055000,642524.0,100.0
202401,4141056000,981936.0,100.0
202401,4141057000,284444.0,100.0
202401,4141058000,868234.0,100.0
202401,4141059000,337807.0,100.0
202401,4141060000,679973.0,100.0
202401,4141061000,1399940.0,100.0
202401,4141062000,4726776.0,100.0
202401,4122055000,305378.0,100.0
202401,4122056000,5512091.0,100.0
202401,4122057000,308087.0,100.0
202401,4122058000,178818.0,100.0
202401,4122059000,440613.0,100.0
202401,4122060000,5306298.0,100.0
202401,4122062000,1613807.0,100.0
202401,4122063000,840681.0,100.0
202401,4122063500,1149478.0,100.0
202401,4143051000,75754.0,100.0
202401,4143052000,3594202.0,100.0
202401,4143053000,83046904.0,100.0
202401,4143054000,80712.0,100.0
202401,4143055000,52372.0,100.0
202401,4143056000,474899.0,100.0
202401,4145051000,5970254.0,100.0
202401,4145052000,114786.0,100.0
202401,4145053000,1444906.0,100.0
202401,4145054000,312090.0,100.0
202401,4122064000,910765.0,100.0
202401,4125051000,43183859.0,100.0
202401,4125052000,326976.0,100.0
202401,4125053500,267745.0,100.0
202401,4125056500,1151833.0,100.0
202401,4125056600,587832.0,100.0
202401,4125058000,396619.0,100.0
202401,4145055000,2378027.0,100.0
202401,4145056000,614184.0,100.0
202401,4145057000,706106.0,100.0
202401,4145058200,1764716.0,100.0
202401,4145059000,104348268.0,100.0
202401,4145060000,24128.0,100.0
202401,4145061000,415690.0,100.0
202401,4145062000,8925420.0,100.0
202401,4127151000,500516.0,100.0
202401,4127151500,953410.0,100.0
202401,4127152500,2519887.0,100.0
202401,4127153200,2125841.0,100.0
202401,4127153700,582844.0,100.0
202401,4127154000,1516514.0,100.0
202401,4127155000,241786.0,100.0
202401,4127156000,785086.0,100.0
202401,4127157000,403681.0,100.0
202401,4146125000,18522704.0,100.0
202401,4146125300,6007819.0,100.0
202401,4146125600,10374150.0,100.0
202401,4146132000,3746173.0,100.0
202401,4146134000,3231454.0,100.0
202401,4146135000,5006358.0,100.0
202401,4146136000,9019236.0,100.0
202401,4146151000,2125868.0,100.0
202401,4146152000,1739443.0,100.0
202401,4127158000,1895841.0,100.0
202401,4127159000,726572.0,100.0
202401,4127160000,376154.0,100.0
202401,4127161000,147314.0,100.0
202401,4127351000,1338442.0,100.0
202401,4127352500,1378999.0,100.0
202401,4127353200,7550179.0,100.0
202401,4127353500,1600376.0,100.0
202401,4127354500,1123676.0,100.0
202401,4127355500,1468545.0,100.0
202401,4146153000,1162518.0,100.0
202401,4146154000,562071956.0,100.0
202401,4146351000,4942.0,100.0
202401,4146351600,1559186.0,100.0
202401,4146351700,569590.0,100.0
202401,4146352000,5099321.0,100.0
202401,4146353000,167881.0,100.0
202401,4146353500,766097.0,100.0
202401,4146354000,147129546.0,100.0
202401,4115051000,1312822.0,100.0
202401,4115052000,658510.0,100.0
202401,4115054500,210892.0,100.0
202401,4115055500,1418.0,100.0
202401,4115056100,797016.0,100.0
202401,4115056700,108807478.0,100.0
202401,4115056800,178545.0,100.0
202401,4115057300,2248673.0,100.0
202401,4115057600,215678.0,100.0
202401,4115057800,869157.0,100.0
202401,4127356500,696791.0,100.0
202401,4127357000,521026881.0,100.0
202401,4127358000,35702.0,100.0
202401,4127359000,1385266.0,100.0
202401,4127360000,1482010.0,100.0
202401,4127361000,241453.0,100.0
202401,4128151000,206929223.0,100.0
202401,4128152000,73846.0,100.0
202401,4128153000,690820.0,100.0
202401,4128154000,154980.0,100.0
202401,4146355000,847030.0,100.0
202401,4146356000,935630.0,100.0
202401,4146357000,700894.0,100.0
202401,4146357200,3636260.0,100.0
202401,4146357500,2451412.0,100.0
202401,4146357700,901100.0,100.0
202401,4146358600,779862.0,100.0
202401,4146359000,1657312.0,100.0
202401,4146551000,761882.0,100.0
202401,4146552000,3185249.0,100.0
202401,4115058000,629752.0,100.0
202401,4115059500,309073.0,100.0
202401,4115061500,49434.0,100.0
202401,4117151000,483122.0,100.0
202401,4117155000,1337976.0,100.0
202401,4117156000,234948.0,100.0
202401,4128155000,269847.0,100.0
202401,4128156000,524733.0,100.0
202401,4128157500,7896.0,100.0
202401,4128158000,216830.0,100.0
202401,4128159000,545102.0,100.0
202401,4128160000,141446.0,100.0
202401,4128161000,214066.0,100.0
202401,4128162100,324720.0,100.0
202401,4128162200,149922.0,100.0
202401,4146553000,1682709.0,100.0
202401,4146554000,2202244.0,100.0
202401,4146555000,173136.0,100.0
202401,4146556000,753860.0,100.0
202401,4146557000,3316089.0,100.0
202401,4146559000,1523406.0,100.0
202401,4148025000,28278481.0,100.0
202401,4117157000,73948.0,100.0
202401,4117159000,1141874.0,100.0
202401,4117160000,368179.0,100.0
202401,4117161000,205095.0,100.0
202401,4117163000,612616.0,100.0
202401,4117351000,358390.0,100.0
202401,4117352000,356438830.0,100.0
202401,4128163000,5922.0,100.0
202401,4128164000,707663.0,100.0
202401,4128165000,40526.0,100.0
202401,4128166000,424423.0,100.0
202401,4128167000,100746.0,100.0
202401,4128551000,465308.0,100.0
202401,4128552000,364533.0,100.0
202401,4148025300,243781830.0,100.0
202401,4148025600,5927611.0,100.0
202401,4148026200,12994655.0,100.0
202401,4148031000,4438105.0,100.0
202401,4148032000,12053672.0,100.0
202401,4148035000,10767736.0,100.0
202401,4148036000,2580.0,100.0
202401,4148037000,7563283.0,100.0
202401,4148051000,4194240.0,100.0
202401,4148052000,536338.0,100.0
202401,4117353000,431035.0,100.0
202401,4117354000,648850.0,100.0
202401,4117354600,476088.0,100.0
202401,4117355000,282386.0,100.0
202401,4117356000,1666265.0,100.0
202401,4117356600,178642.0,100.0
202401,4117357000,1954417.0,100.0
202401,4117357600,531695.0,100.0
202401,4117357800,115650.0,100.0
202401,4117358000,853508.0,100.0
202401,4128553000,459553.0,100.0
202401,4128554000,472527.0,100.0
202401,4128555100,362204.0,100.0
202401,4128555200,350948.0,100.0
202401,4128556000,646892.0,100.0
202401,4128558000,17637.0,100.0
202401,4128559000,133968.0,100.0
202401,4128560000,61340.0,100.0
202401,4148053000,1211374.0,100.0
202401,4148054000,5772553.0,100.0
202401,4148055000,2276239.0,100.0
202401,4148056000,1004992.0,100.0
202401,4148057000,1127117.0,100.0
202401,4150025000,22477951.0,100.0
202401,4150025300,42554961.0,100.0
202401,4117359000,79056.0,100.0
202401,4117360000,236885.0,100.0
202401,4117361000,901192.0,100.0
202401,4117362000,359870.0,100.0
202401,4119060300,1512146.0,100.0
202401,4119060600,94140063.0,100.0
202401,4119061000,424824.0,100.0
202401,4119074200,6338089.0,100.0
202401,4119074400,4272132.0,100.0
202401,4119074600,1072480.0,100.0
202401,4119075000,1040026.0,100.0
202401,4119079500,1392318.0,100.0
202401,4119080000,4143503.0,100.0
202401,4119083000,4576731.0,100.0
202401,4128751000,162480.0,100.0
202401,4128752000,1334956.0,100.0
202401,4128754000,596274.0,100.0
202401,4128755000,727905.0,100.0
202401,4128756000,134566.0,100.0
202401,4128757000,341681.0,100.0
202401,4128759000,139483.0,100.0
202401,4129051000,1519340.0,100.0
202401,4129052000,3058102.0,100.0
202401,4129053000,509676.0,100.0
202401,4129054000,104360437.0,100.0
202401,4129055000,10064.0,100.0
202401,4131051000,8090178.0,100.0
202401,4131052000,3116654.0,100.0
202401,4131053000,145628597.0,100.0
202401,4111156000,204876.0,100.0
202401,4111156600,2284192.0,100.0
202401,4111157100,345728.0,100.0
202401,4111157200,348874.0,100.0
202401,4111157300,555649.0,100.0
202401,4111158000,423804.0,100.0
202401,4131054100,168188.0,100.0
202401,4131054200,321518.0,100.0
202401,4131057000,408444.0,100.0
202401,4131058000,1358815.0,100.0
202401,4131059000,1392998.0,100.0
202401,4111159100,254180.0,100.0
202401,4111159700,991235.0,100.0
202401,4111159800,197186.0,100.0
202401,4111160000,155732.0,100.0
202401,4111353000,442058.0,100.0
202401,4111354000,104280.0,100.0
202401,4111355000,924754.0,100.0
202401,4111356000,819370.0,100.0
202401,4111365000,106314.0,100.0
202401,4111366200,1327950.0,100.0
202401,4111366400,1087360.0,100.0
202401,4111367000,346820.0,100.0
202401,4111368000,1082945.0,100.0
202401,4111369000,1298576.0,100.0
202401,4111370000,3224.0,100.0
202401,4111565000,185479.0,100.0
202401,4111566000,602883258.0,100.0
202401,4111567000,960651.0,100.0
202401,4111568000,982059.0,100.0
202401,4121055000,2451191.0,100.0
202401,4121056000,83638.0,100.0
202401,4121057000,180554.0,100.0
202401,4121058000,28000.0,100.0
202401,4121059000,43070.0,100.0
202401,4121060000,94980.0,100.0
202401,4121061000,2057413.0,100.0
202401,4137051000,1475267.0,100.0
202401,4137053000,114539012.0,100.0
202401,4137054000,2693558.0,100.0
202401,4137055000,1270623.0,100.0
202401,4137056000,333720.0,100.0
202401,4137057000,1143893.0,100.0
202401,4111569000,74386.0,100.0
202401,4111570000,626858.0,100.0
202401,4111571000,212873.0,100.0
202401,4111572000,75218.0,100.0
202401,4111573000,1263744.0,100.0
202401,4111574000,2929710.0,100.0
202401,4111752000,435180.0,100.0
202401,4111753000,511623.0,100.0
202401,4111754000,2380288.0,100.0
202401,4121062000,441346.0,100.0
202401,4121063100,258917766.0,100.0
202401,4121063300,183405.0,100.0
202401,4121063400,381308.0,100.0
202401,4121064000,1389615.0,100.0
202401,4121065000,352133.0,100.0
202401,4122025000,8645389.0,100.0
202401,4122025300,31502225.0,100.0
202401,4111757000,105418.0,100.0
202401,4111758000,764886.0,100.0
202401,4111758500,675927.0,100.0
202401,4111759300,593598.0,100.0
202401,4111759600,625818.0,100.0
202401,4111760000,1429989.0,100.0
202401,4111761000,246102.0,100.0
202402,4111159800,132536.0,100.0
202402,4111160000,127976.0,100.0
202402,4111353000,365142.0,100.0
202402,4111354000,127526.0,100.0
202402,4111355000,860238.0,100.0
202402,4111356000,787210.0,100.0
202402,4111365000,90626.0,100.0
202402,4111366200,1320789.0,100.0
202402,4111366400,1169505.0,100.0
202402,4121055000,2484429.0,100.0
202402,4121056000,88454.0,100.0
202402,4121057000,275074.0,100.0
202402,4121058000,34206.0,100.0
202402,4137056000,302728.0,100.0
202402,4137057000,778303.0,100.0
202401,4150031000,4800015.0,100.0
202401,4150032000,7131000.0,100.0
202401,4150033000,3126630.0,100.0
202401,4150034000,4768071.0,100.0
202401,4150035000,171546460.0,100.0
202401,4150036000,471102.0,100.0
202401,4150037000,838488.0,100.0
202401,4150038000,1160720.0,100.0
202401,4150051000,1172032.0,100.0
202401,4150051500,3140306.0,100.0
202401,4150052000,1030510.0,100.0
202402,4111367000,325904.0,100.0
202402,4111368000,1306993.0,100.0
202402,4111369000,991377.0,100.0
202402,4111565000,185253.0,100.0
202402,4111566000,626050895.0,100.0
202402,4111567000,494522.0,100.0
202402,4111568000,1048200.0,100.0
202402,4111569000,105724.0,100.0
202402,4111570000,1254393.0,100.0
202402,4121059000,92549.0,100.0
202402,4121060000,54647.0,100.0
202402,4121061000,2596342.0,100.0
202402,4121062000,403676.0,100.0
202402,4121063100,315442081.0,100.0
202402,4121063300,141985.0,100.0
202402,4121063400,544371.0,100.0
202402,4121064000,1333475.0,100.0
202402,4121065000,521299.0,100.0
202401,4150053000,747409.0,100.0
202401,4155025000,40440599.0,100.0
202401,4155031000,65152238.0,100.0
202401,4155032000,5093674.0,100.0
202401,4155033000,1328285.0,100.0
202401,4155034000,5181022.0,100.0
202401,4155035000,12853540.0,100.0
202401,4155036000,6944383.0,100.0
202401,4155038000,6513825.0,100.0
202401,4155039000,8525652.0,100.0
202401,4155040000,12636838.0,100.0
202402,4111571000,186109.0,100.0
202402,4111572000,108288.0,100.0
202402,4111573000,1195652.0,100.0
202402,4111574000,2705469.0,100.0
202402,4111752000,352077.0,100.0
202402,4111753000,391912.0,100.0
202402,4111754000,2563759.0,100.0
202402,4111757000,88096.0,100.0
202402,4122025000,6691026.0,100.0
202402,4122025300,27052098.0,100.0
202402,4122025600,10715223.0,100.0
202402,4122025900,5884777.0,100.0
202402,4122031000,942137.0,100.0
202402,4122032000,614584.0,100.0
202402,4122033000,3246916.0,100.0
202402,4122034000,182916762.0,100.0
202402,4122037000,1098959.0,100.0
202402,4141051000,119322.0,100.0
202402,4141052000,255019179.0,100.0
202402,4141054000,788684.0,100.0
202402,4141055000,605940.0,100.0
202402,4141056000,1045894.0,100.0
202402,4141057000,273391.0,100.0
202402,4141058000,1019720.0,100.0
202402,4141059000,691995.0,100.0
202402,4141060000,1552826.0,100.0
202402,4141061000,1279365.0,100.0
202402,4141062000,3938265.0,100.0
202401,4155041000,2854943.0,100.0
202401,4155042000,1809193.0,100.0
202401,4155051000,481742.0,100.0
202401,4155052000,2897480.0,100.0
202401,4155053000,946824.0,100.0
202402,4111758000,652261.0,100.0
202402,4111758500,624911.0,100.0
202402,4111759300,456616.0,100.0
202402,4111759600,537850.0,100.0
202402,4111760000,1811118.0,100.0
202402,4111761000,199888.0,100.0
202402,4122051000,3491456.0,100.0
202402,4122052000,312164.0,100.0
202402,4122053500,235684.0,100.0
202402,4122055000,278612.0,100.0
202402,4122056000,4394759.0,100.0
202402,4122057000,202511.0,100.0
202402,4122058000,166536.0,100.0
202402,4122059000,377976.0,100.0
202402,4122060000,6411786.0,100.0
202402,4143051000,89066.0,100.0
202402,4143052000,4736577.0,100.0
202402,4143053000,75619602.0,100.0
202402,4143054000,67848.0,100.0
202402,4143055000,176191.0,100.0
202402,4143056000,266333.0,100.0
202402,4145051000,5224791.0,100.0
202402,4145052000,135240.0,100.0
202402,4145053000,1290655.0,100.0
202401,4159025300,53568193.0,100.0
202402,4122062000,1233815.0,100.0
202402,4122063000,616449.0,100.0
202402,4122063500,854980.0,100.0
202402,4122064000,400563.0,100.0
202402,4125051000,50587698.0,100.0
202402,4125052000,308268.0,100.0
202402,4125053500,352603.0,100.0
202402,4145054000,262633.0,100.0
202402,4145055000,2029272.0,100.0
202402,4145056000,610178.0,100.0
202402,4145057000,668084.0,100.0
202402,4145058200,1282375.0,100.0
202402,4145059000,99893860.0,100.0
202402,4145060000,18068.0,100.0
202402,4145061000,289882.0,100.0
202402,4145062000,6888777.0,100.0
202401,4159025600,12108383.0,100.0
202401,4159025900,43349663.0,100.0
202401,4159026200,6210600.0,100.0
202401,4159031000,1502439.0,100.0
202401,4159032000,1919018.0,100.0
202401,4159033000,2084733.0,100.0
202401,4159034000,11975210.0,100.0
202401,4159035000,5054269.0,100.0
202401,4159036000,245067887.0,100.0
202401,4159037000,3314554.0,100.0
202402,4125056500,1224511.0,100.0
202402,4125056600,565900.0,100.0
202402,4125058000,327738.0,100.0
202402,4127151000,375186.0,100.0
202402,4127151500,904934.0,100.0
202402,4127152500,2388451.0,100.0
202402,4127153200,1857845.0,100.0
202402,4127153700,603350.0,100.0
202402,4127154000,1493050.0,100.0
202402,4127155000,216258.0,100.0
202402,4146125000,18848411.0,100.0
202402,4146125300,5302135.0,100.0
202402,4146125600,8988565.0,100.0
202402,4146132000,2775990.0,100.0
202402,4146134000,2424102.0,100.0
202402,4146135000,4466738.0,100.0
202402,4146136000,8240627.0,100.0
202402,4146151000,2165038.0,100.0
202402,4146152000,1921789.0,100.0
202401,4159040000,2581005.0,100.0
202401,4159041000,8669695.0,100.0
202401,4159051500,151090.0,100.0
202401,4159052000,850940.0,100.0
202401,4159053000,1512902.0,100.0
202401,4159054000,146566.0,100.0
202401,4159055000,2430024.0,100.0
202401,4159056000,141464.0,100.0
202401,4159057000,1143611.0,100.0
202401,4159058500,851746.0,100.0
202402,4127156000,692858.0,100.0
202402,4127157000,530573.0,100.0
202402,4127158000,1917027.0,100.0
202402,4127159000,745047.0,100.0
202402,4127160000,319247.0,100.0
202402,4127161000,118294.0,100.0
202402,4127351000,1251073.0,100.0
202402,4127352500,1239055.0,100.0
202402,4127353200,6650386.0,100.0
202402,4127353500,1717970.0,100.0
202402,4146153000,1076210.0,100.0
202402,4146154000,473645949.0,100.0
202402,4146351000,3682.0,100.0
202402,4146351600,997669.0,100.0
202402,4146351700,380134.0,100.0
202402,4146352000,4318496.0,100.0
202402,4146353000,130552.0,100.0
202402,4146353500,684052.0,100.0
202401,4159058600,2306887.0,100.0
202401,4159058700,2573799.0,100.0
202401,4159059000,3262260.0,100.0
202401,4159060000,1329876.0,100.0
202401,4159061000,4043005.0,100.0
202401,4159062000,322386.0,100.0
202401,4161025000,72163920.0,100.0
202401,4161025300,203741335.0,100.0
202402,4127354500,1341921.0,100.0
202402,4127355500,1863455.0,100.0
202402,4127356500,744263.0,100.0
202402,4127357000,489546298.0,100.0
202402,4127358000,36016.0,100.0
202402,4127359000,1505124.0,100.0
202402,4127360000,1252264.0,100.0
202402,4127361000,242868.0,100.0
202402,4128151000,102952734.0,100.0
202402,4128152000,18208.0,100.0
202402,4146354000,130179876.0,100.0
202402,4146355000,760025.0,100.0
202402,4146356000,833304.0,100.0
202402,4146357000,341698.0,100.0
202402,4146357200,2976959.0,100.0
202402,4146357500,1539179.0,100.0
202402,4146357700,705766.0,100.0
202402,4146358600,741529.0,100.0
202402,4146359000,1199343.0,100.0
202402,4146551000,790301.0,100.0
202401,4161025900,19297814.0,100.0
202401,4161033000,4948463.0,100.0
202401,4161034000,9612533.0,100.0
202401,4161035000,316010.0,100.0
202401,4161037000,167947.0,100.0
202401,4161051000,1385863.0,100.0
202401,4161052000,3535382.0,100.0
202401,4161053000,2367622.0,100.0
202402,4115051000,1403349.0,100.0
202402,4115052000,438363.0,100.0
202402,4115054500,150843.0,100.0
202402,4115055500,1102.0,100.0
202402,4115056100,617487.0,100.0
202402,4115056700,77272934.0,100.0
202402,4128153000,321572.0,100.0
202402,4128154000,113943.0,100.0
202402,4128155000,123598.0,100.0
202402,4128156000,231560.0,100.0
202402,4128157500,4316.0,100.0
202402,4128158000,136716.0,100.0
202402,4128159000,314350.0,100.0
202402,4128160000,69108.0,100.0
202402,4128161000,113665.0,100.0
202402,4146552000,2657464.0,100.0
202402,4146553000,1494561.0,100.0
202402,4146554000,1160704.0,100.0
202402,4146555000,152850.0,100.0
202402,4146556000,776110.0,100.0
202402,4146557000,2782659.0,100.0
202402,4146559000,1307678.0,100.0
202401,4163025000,8313421.0,100.0
202401,4163031000,2343146.0,100.0
202401,4163032000,2583392.0,100.0
202401,4163033000,63721970.0,100.0
202401,4163034000,1938730.0,100.0
202401,4163051000,287162.0,100.0
202402,4115056800,263935.0,100.0
202402,4115057300,1685409.0,100.0
202402,4115057600,105790.0,100.0
202402,4115057800,556839.0,100.0
202402,4115058000,389504.0,100.0
202402,4115059500,91930.0,100.0
202402,4115061500,16683.0,100.0
202402,4117151000,28868.0,100.0
202402,4128162100,135048.0,100.0
202402,4128162200,56496.0,100.0
202402,4128163000,826.0,100.0
202402,4128164000,423445.0,100.0
202402,4128165000,30136.0,100.0
202402,4128166000,98949.0,100.0
202402,4128167000,47316.0,100.0
202402,4148025000,30775862.0,100.0
202402,4148025300,307029415.0,100.0
202402,4148025600,5640828.0,100.0
202402,4148026200,16278020.0,100.0
202402,4148031000,4332760.0,100.0
202402,4148032000,20161462.0,100.0
202402,4148035000,9500422.0,100.0
202402,4148036000,148696.0,100.0
202402,4148037000,6078670.0,100.0
202402,4148051000,3796754.0,100.0
202401,4163052000,1508400.0,100.0
202401,4163053000,1141734.0,100.0
202401,4163054000,1090814.0,100.0
202401,4163055000,543248.0,100.0
202401,4163056000,557999.0,100.0
202401,4165025000,26752239.0,100.0
202401,4165031000,10287641.0,100.0
202401,4165032000,2167436.0,100.0
202401,4165033000,2409333.0,100.0
202402,4117155000,756401.0,100.0
202402,4117156000,135866.0,100.0
202402,4117157000,57724.0,100.0
202402,4117159000,731450.0,100.0
202402,4117160000,300419.0,100.0
202402,4117161000,179705.0,100.0
202402,4128551000,201357.0,100.0
202402,4128552000,181819.0,100.0
202402,4128553000,117805.0,100.0
202402,4128554000,183099.0,100.0
202402,4128555100,147146.0,100.0
202402,4128555200,152493.0,100.0
202402,4128556000,217314.0,100.0
202402,4128558000,80397.0,100.0
202402,4148052000,637886.0,100.0
202402,4148053000,998312.0,100.0
202402,4148054000,6553408.0,100.0
202402,4148055000,2835613.0,100.0
202402,4148056000,2148358.0,100.0
202402,4148057000,1093184.0,100.0
202402,4150025000,18172776.0,100.0
202402,4150025300,39113124.0,100.0
202401,4165034000,26189204.0,100.0
202401,4165035000,680909.0,100.0
202401,4165036000,3486160.0,100.0
202401,4165037000,9985003.0,100.0
202401,4165038000,1558558.0,100.0
202401,4165039000,3095288.0,100.0
202401,4165040000,785810.0,100.0
202401,4165041000,1278522.0,100.0
202401,4165051000,1676880.0,100.0
202401,4165052000,565126.0,100.0
202401,4167025000,5499230.0,100.0
202401,4167031000,415775.0,100.0
202402,4117163000,348716.0,100.0
202402,4117351000,238285.0,100.0
202402,4117352000,248298527.0,100.0
202402,4117353000,304412.0,100.0
202402,4117354000,451518.0,100.0
202402,4117354600,313918.0,100.0
202402,4117355000,116166.0,100.0
202402,4117356000,1088385.0,100.0
202402,4117356600,98123.0,100.0
202402,4128559000,56400.0,100.0
202402,4128560000,48094.0,100.0
202402,4128751000,133799.0,100.0
202402,4128752000,901467.0,100.0
202402,4128754000,212321.0,100.0
202402,4128755000,370154.0,100.0
202402,4128756000,41141.0,100.0
202402,4128757000,107956.0,100.0
202402,4150031000,4040197.0,100.0
202402,4150032000,6301823.0,100.0
202402,4150033000,2273686.0,100.0
202402,4150034000,4287107.0,100.0
202402,4150035000,163252872.0,100.0
202402,4150036000,316363.0,100.0
202402,4150037000,614095.0,100.0
202402,4150038000,610558.0,100.0
202402,4150051000,1109583.0,100.0
202402,4150051500,2658461.0,100.0
202401,4167032000,2318709.0,100.0
202401,4167033000,9032.0,100.0
202401,4167034000,136014180.0,100.0
202401,4167035000,3350916.0,100.0
202401,4167036000,337991.0,100.0
202401,4167037000,16748.0,100.0
202401,4167038000,3612.0,100.0
202401,4167051000,1793668.0,100.0
202401,4167052000,964015.0,100.0
202401,4167053000,190044.0,100.0
202401,4180025000,20152581.0,100.0
202402,4117357000,1502747.0,100.0
202402,4117357600,322921.0,100.0
202402,4117357800,78068.0,100.0
202402,4117358000,498942.0,100.0
202402,4117359000,32622.0,100.0
202402,4117360000,306081.0,100.0
202402,4117361000,564292.0,100.0
202402,4117362000,315586.0,100.0
202402,4119060300,1071367.0,100.0
202402,4119060600,102671283.0,100.0
202402,4119061000,346786.0,100.0
202402,4119074200,5751947.0,100.0
202402,4119074400,4834181.0,100.0
202402,4119074600,1234946.0,100.0
202402,4119075000,1213124.0,100.0
202402,4119079500,1309325.0,100.0
202402,4119080000,4509508.0,100.0
202402,4119083000,4285200.0,100.0
202402,4128759000,141113.0,100.0
202402,4129051000,1620274.0,100.0
202402,4129052000,2705521.0,100.0
202402,4129053000,496478.0,100.0
202402,4129054000,103462130.0,100.0
202402,4129055000,27862.0,100.0
202402,4131051000,6878556.0,100.0
202402,4150052000,947921.0,100.0
202402,4150053000,1146875.0,100.0
202402,4155025000,39956253.0,100.0
202402,4155031000,57496043.0,100.0
202402,4155032000,3814547.0,100.0
202402,4155033000,864237.0,100.0
202402,4155034000,3786076.0,100.0
202402,4155035000,11361519.0,100.0
202402,4155036000,5469106.0,100.0
202402,4155038000,5976268.0,100.0
202402,4155039000,5916041.0,100.0
202401,4180025300,72779200.0,100.0
202401,4180031000,2073213.0,100.0
202401,4180032000,22629935.0,100.0
202401,4180033000,1616364.0,100.0
202401,4180034000,35533.0,100.0
202401,4180035000,134094.0,100.0
202401,4180036000,1047546.0,100.0
202401,4180038000,348900.0,100.0
202401,4182025000,35068742.0,100.0
202401,4182031000,6348862.0,100.0
202401,4182032500,17639702.0,100.0
202401,4182033000,1524601.0,100.0
202402,4131052000,3714485.0,100.0
202402,4131053000,180071201.0,100.0
202402,4131054100,181496.0,100.0
202402,4131054200,2078675.0,100.0
202402,4131057000,1075116.0,100.0
202402,4131058000,1662128.0,100.0
202402,4131059000,1425893.0,100.0
202402,4155040000,9926632.0,100.0
202402,4155041000,2155216.0,100.0
202402,4155042000,1507517.0,100.0
202402,4155051000,495029.0,100.0
202402,4155052000,2063344.0,100.0
202402,4155053000,808656.0,100.0
202401,4182034500,2171736.0,100.0
202401,4182035000,2592582.0,100.0
202401,4183025000,126791789.0,100.0
202401,4183031000,4360853.0,100.0
202401,4183032000,3646340.0,100.0
202401,4183033000,15404723.0,100.0
202401,4183034000,2476508.0,100.0
202401,4183035000,3768479.0,100.0
202401,4183036000,354018.0,100.0
202401,4183037000,1611361.0,100.0
202401,4183038000,613787.0,100.0
202401,4183039500,6621545.0,100.0
202402,4159025300,47203845.0,100.0
202401,4183040000,47712170.0,100.0
202401,4183041000,1776600.0,100.0
202402,4111156000,526923.0,100.0
202402,4111156600,1847690.0,100.0
202402,4111157100,211620.0,100.0
202402,4111157200,378502.0,100.0
202402,4111157300,535010.0,100.0
202402,4111158000,281669.0,100.0
202402,4111159100,262372.0,100.0
202402,4111159700,1192799.0,100.0
202402,4137051000,1626638.0,100.0
202402,4137053000,105748576.0,100.0
202402,4137054000,1831762.0,100.0
202402,4137055000,1177811.0,100.0
202402,4159025600,10759417.0,100.0
202402,4159025900,35948067.0,100.0
202402,4159026200,4831975.0,100.0
202402,4159031000,1095089.0,100.0
202402,4159032000,1780881.0,100.0
202402,4159033000,1583625.0,100.0
202403,4148051000,2873821.0,100.0
202403,4148052000,495214.0,100.0
202403,4148053000,814162.0,100.0
202403,4148054000,4318319.0,100.0
202403,4148055000,2155426.0,100.0
202403,4148056000,1326953.0,100.0
202403,4148057000,863833.0,100.0
202402,4167052000,777732.0,100.0
202402,4167053000,144924.0,100.0
202402,4180025000,17058753.0,100.0
202402,4180025300,55481146.0,100.0
202402,4180031000,1346297.0,100.0
202402,4180032000,15845835.0,100.0
202402,4180033000,820168.0,100.0
202402,4180034000,4136.0,100.0
202402,4180035000,24342.0,100.0
202402,4180036000,730878.0,100.0
202402,4180038000,169608.0,100.0
202402,4182025000,29440212.0,100.0
202403,4117360000,334206.0,100.0
202403,4117361000,396102.0,100.0
202403,4117362000,115096.0,100.0
202403,4119060300,857007.0,100.0
202403,4119060600,63921525.0,100.0
202403,4119061000,324980.0,100.0
202403,4119074200,3338646.0,100.0
202403,4119074400,2848600.0,100.0
202403,4119074600,572392.0,100.0
202403,4119075000,796148.0,100.0
202403,4119079500,787923.0,100.0
202403,4119080000,3746142.0,100.0
202403,4119083000,2661786.0,100.0
202403,4128751000,50011.0,100.0
202403,4128752000,365199.0,100.0
202403,4128754000,114225.0,100.0
202403,4128755000,324721.0,100.0
202403,4128756000,28394.0,100.0
202403,4128757000,110866.0,100.0
202403,4128759000,73158.0,100.0
202403,4150025000,6204774.0,100.0
202403,4150025300,24797699.0,100.0
202403,4150031000,2965880.0,100.0
202403,4150032000,4166668.0,100.0
202403,4150033000,1314859.0,100.0
202403,4150034000,2318229.0,100.0
202403,4150035000,93820949.0,100.0
202403,4150036000,244384.0,100.0
202403,4150037000,248435.0,100.0
202403,4150038000,330888.0,100.0
202402,4182031000,5063794.0,100.0
202402,4182032500,17659538.0,100.0
202402,4182033000,1091244.0,100.0
202402,4182034500,1806011.0,100.0
202402,4182035000,2172896.0,100.0
202402,4183025000,109299134.0,100.0
202402,4183031000,4157909.0,100.0
202402,4183032000,2553930.0,100.0
202402,4183033000,12929842.0,100.0
202402,4183034000,2123803.0,100.0
202403,4129051000,1107870.0,100.0
202403,4129052000,1846463.0,100.0
202403,4129053000,318928.0,100.0
202403,4129054000,68018154.0,100.0
202403,4131051000,4486524.0,100.0
202403,4131052000,2253890.0,100.0
202403,4131053000,105917674.0,100.0
202403,4150051000,754790.0,100.0
202403,4150051500,1935746.0,100.0
202403,4150052000,573095.0,100.0
202403,4150053000,434644.0,100.0
202403,4155025000,26381030.0,100.0
202403,4155031000,35194299.0,100.0
202403,4155032000,3318376.0,100.0
202403,4155033000,443968.0,100.0
202403,4155034000,2816459.0,100.0
202403,4155035000,7474831.0,100.0
202403,4155036000,3274423.0,100.0
202402,4183035000,2568537.0,100.0
202402,4183036000,191732.0,100.0
202402,4183037000,1298223.0,100.0
202402,4183038000,307504.0,100.0
202402,4183039500,5289056.0,100.0
202402,4183040000,40451625.0,100.0
202402,4183041000,1678010.0,100.0
202403,4111156000,218128.0,100.0
202403,4111156600,1179942.0,100.0
202403,4111157100,139456.0,100.0
202403,4111157200,231558.0,100.0
202403,4111157300,448116.0,100.0
202403,4131054100,292035.0,100.0
202403,4131054200,1126795.0,100.0
202403,4131057000,707790.0,100.0
202403,4131058000,1096077.0,100.0
202403,4131059000,1035929.0,100.0
202403,4136025000,30495824.0,100.0
202403,4136025300,31176453.0,100.0
202403,4136025600,35077901.0,100.0
202403,4136025900,5027687.0,100.0
202403,4155038000,3054793.0,100.0
202403,4155039000,3218280.0,100.0
202403,4155040000,4818224.0,100.0
202403,4155041000,1286564.0,100.0
202403,4155042000,874527.0,100.0
202403,4155051000,304261.0,100.0
202403,4155052000,1234962.0,100.0
202403,4155053000,498251.0,100.0
202403,4111158000,168250.0,100.0
202403,4111159100,77096.0,100.0
202403,4111159700,597790.0,100.0
202403,4111159800,219728.0,100.0
202403,4111160000,159888.0,100.0
202403,4111353000,274062.0,100.0
202403,4111354000,102250.0,100.0
202403,4111355000,675237.0,100.0
202403,4136026200,14872713.0,100.0
202403,4136026500,5098068.0,100.0
202403,4136031000,5493117.0,100.0
202403,4136034000,1172092.0,100.0
202403,4136036000,776099.0,100.0
202403,4136051000,106393642.0,100.0
202403,4136052000,1239515.0,100.0
202403,4136053000,299949.0,100.0
202403,4136054000,568956.0,100.0
202403,4136054500,3009545.0,100.0
202403,4111356000,725615.0,100.0
202403,4111365000,75790.0,100.0
202403,4111366200,1393310.0,100.0
202403,4111366400,950718.0,100.0
202403,4111367000,203560.0,100.0
202403,4111368000,708607.0,100.0
202403,4111369000,938798.0,100.0
202403,4111370000,11096.0,100.0
202403,4111565000,154287.0,100.0
202403,4111566000,403543613.0,100.0
202403,4121055000,1586082.0,100.0
202403,4121056000,15792.0,100.0
202403,4121057000,487340.0,100.0
202403,4121058000,141676.0,100.0
202403,4121059000,48334.0,100.0
202403,4121060000,45818.0,100.0
202403,4121061000,1514300.0,100.0
202403,4121062000,260966.0,100.0
202403,4136056500,363274.0,100.0
202403,4136057000,2796652.0,100.0
202403,4137051000,882205.0,100.0
202403,4137053000,67222615.0,100.0
202403,4137054000,1189095.0,100.0
202403,4137055000,810388.0,100.0
202403,4159025300,33659713.0,100.0
202403,4159025600,4838669.0,100.0
202403,4159025900,25731984.0,100.0
202403,4159026200,3509232.0,100.0
202403,4159031000,1036999.0,100.0
202403,4159032000,1310835.0,100.0
202403,4159033000,1295552.0,100.0
202403,4159034000,3383404.0,100.0
202403,4111567000,481132.0,100.0
202403,4111568000,658502.0,100.0
202403,4111569000,30708.0,100.0
202403,4111570000,566459.0,100.0
202403,4111571000,142980.0,100.0
202403,4111572000,73934.0,100.0
202403,4111573000,742698.0,100.0
202403,4111574000,1356172.0,100.0
202403,4111752000,276182.0,100.0
202403,4121063100,213602043.0,100.0
202403,4121063300,267992.0,100.0
202403,4121063400,366269.0,100.0
202403,4121064000,1105904.0,100.0
202403,4121065000,384769.0,100.0
202403,4121066000,7224.0,100.0
202403,4122025000,5080855.0,100.0
202403,4122025300,12958943.0,100.0
202403,4137056000,239674.0,100.0
202403,4137057000,635820.0,100.0
202403,4159035000,3153773.0,100.0
202403,4159036000,145116058.0,100.0
202403,4159037000,1665903.0,100.0
202403,4159040000,1127561.0,100.0
202403,4159041000,5337813.0,100.0
202403,4159051500,171462.0,100.0
202403,4159052000,527239.0,100.0
202403,4159053000,821539.0,100.0
202403,4159054000,183784.0,100.0
202403,4111753000,292665.0,100.0
202403,4111754000,1559068.0,100.0
202403,4111757000,107638.0,100.0
202403,4111758000,480305.0,100.0
202403,4111758500,489977.0,100.0
202403,4111759300,370616.0,100.0
202403,4111759600,442689.0,100.0
202403,4111760000,1179439.0,100.0
202403,4111761000,318366.0,100.0
202403,4122025600,6816793.0,100.0
202403,4122025900,5317162.0,100.0
202403,4122031000,930706.0,100.0
202403,4122032000,193108.0,100.0
202403,4122033000,2527366.0,100.0
202403,4122034000,104882767.0,100.0
202403,4122037000,694907.0,100.0
202403,4122051000,1633410.0,100.0
202403,4122052000,151302.0,100.0
202403,4122053500,178518.0,100.0
202403,4159055000,1142237.0,100.0
202403,4159056000,111148.0,100.0
202403,4159057000,545414.0,100.0
202403,4159058500,508780.0,100.0
202403,4159058600,1566490.0,100.0
202403,4159058700,1502527.0,100.0
202403,4159059000,2775033.0,100.0
202403,4159060000,1244662.0,100.0
202403,4159061000,2142870.0,100.0
202403,4122055000,177846.0,100.0
202403,4122056000,1618059.0,100.0
202403,4122057000,194284.0,100.0
202403,4122058000,118640.0,100.0
202403,4122059000,218344.0,100.0
202403,4122060000,3478432.0,100.0
202403,4122062000,1160086.0,100.0
202403,4122063000,784574.0,100.0
202403,4122063500,652232.0,100.0
202403,4141051000,108188.0,100.0
202403,4141052000,159518424.0,100.0
202403,4141054000,579150.0,100.0
202403,4141055000,471136.0,100.0
202403,4141056000,653050.0,100.0
202403,4141057000,154223.0,100.0
202403,4141058000,645952.0,100.0
202403,4141059000,649256.0,100.0
202403,4141060000,499147.0,100.0
202403,4141061000,1198547.0,100.0
202403,4159062000,248760.0,100.0
202403,4161025000,48586440.0,100.0
202403,4161025300,132327109.0,100.0
202403,4161025900,11593756.0,100.0
202403,4161033000,2964000.0,100.0
202403,4161034000,5048180.0,100.0
202403,4161035000,83667.0,100.0
202403,4161037000,89689.0,100.0
202403,4161051000,1027229.0,100.0
202403,4161052000,2390458.0,100.0
202403,4122064000,288249.0,100.0
202403,4125051000,28764151.0,100.0
202403,4125052000,277686.0,100.0
202403,4125053500,169442.0,100.0
202403,4125056500,857560.0,100.0
202403,4125056600,415556.0,100.0
202403,4125058000,209667.0,100.0
202403,4141062000,3174883.0,100.0
202403,4143051000,53050.0,100.0
202403,4143052000,2297882.0,100.0
202403,4143053000,49973159.0,100.0
202403,4143054000,64622.0,100.0
202403,4143055000,16126.0,100.0
202403,4143056000,349592.0,100.0
202403,4145051000,3247770.0,100.0
202403,4145052000,43032.0,100.0
202403,4161053000,1481084.0,100.0
202403,4163025000,4330058.0,100.0
202403,4163031000,1056261.0,100.0
202403,4127151000,319884.0,100.0
202403,4127151500,802431.0,100.0
202403,4127152500,1482826.0,100.0
202403,4127153200,1207341.0,100.0
202403,4127153700,513260.0,100.0
202403,4127154000,1138361.0,100.0
202403,4127155000,176292.0,100.0
202403,4127156000,455210.0,100.0
202403,4127157000,243566.0,100.0
202403,4145053000,961448.0,100.0
202403,4145054000,166296.0,100.0
202403,4145055000,1275235.0,100.0
202403,4145056000,355916.0,100.0
202403,4145057000,736530.0,100.0
202403,4145058200,826933.0,100.0
202403,4145059000,57987091.0,100.0
202403,4145060000,89228.0,100.0
202403,4145061000,326862.0,100.0
202403,4145062000,4121306.0,100.0
202402,4159055000,1862925.0,100.0
202402,4159056000,198180.0,100.0
202402,4159057000,733489.0,100.0
202402,4159058500,732594.0,100.0
202402,4159058600,1894030.0,100.0
202402,4159058700,2374443.0,100.0
202402,4159059000,3684354.0,100.0
202402,4159060000,849366.0,100.0
202402,4159061000,2861303.0,100.0
202403,4127158000,1244296.0,100.0
202403,4127159000,631788.0,100.0
202403,4127160000,283400.0,100.0
202403,4127161000,112616.0,100.0
202403,4127351000,781721.0,100.0
202403,4127352500,549426.0,100.0
202403,4127353200,4602082.0,100.0
202403,4127353500,1045846.0,100.0
202403,4127354500,1216366.0,100.0
202403,4127355500,999145.0,100.0
202403,4146125000,12975276.0,100.0
202403,4146125300,4842640.0,100.0
202403,4146125600,6022231.0,100.0
202403,4146132000,2247947.0,100.0
202403,4146134000,1439553.0,100.0
202403,4146135000,2958987.0,100.0
202403,4146136000,6065060.0,100.0
202403,4146151000,1409464.0,100.0
202402,4159062000,294668.0,100.0
202402,4161025000,77113011.0,100.0
202402,4161025300,213023507.0,100.0
202402,4161025900,17532865.0,100.0
202402,4161033000,3997569.0,100.0
202402,4161034000,10988815.0,100.0
202402,4161035000,161972.0,100.0
202402,4161037000,161999.0,100.0
202402,4161051000,1369782.0,100.0
202402,4161052000,3483667.0,100.0
202403,4115051000,469482.0,100.0
202403,4127356500,415678.0,100.0
202403,4127357000,312174311.0,100.0
202403,4127358000,9518.0,100.0
202403,4127359000,1065882.0,100.0
202403,4127360000,893086.0,100.0
202403,4127361000,130989.0,100.0
202403,4128151000,67251982.0,100.0
202403,4128152000,43160.0,100.0
202403,4128153000,162167.0,100.0
202403,4128154000,30322.0,100.0
202403,4146152000,934889.0,100.0
202403,4146153000,835412.0,100.0
202403,4146154000,301410171.0,100.0
202403,4146351000,5922.0,100.0
202403,4146351600,971241.0,100.0
202403,4146351700,456944.0,100.0
202403,4146352000,2870867.0,100.0
202403,4146353000,74074.0,100.0
202402,4161053000,2157642.0,100.0
202402,4163025000,6678520.0,100.0
202402,4163031000,1606108.0,100.0
202402,4163032000,1757508.0,100.0
202403,4115052000,311894.0,100.0
202403,4115054500,139139.0,100.0
202403,4115055500,2658.0,100.0
202403,4115056100,129520.0,100.0
202403,4115056700,46180095.0,100.0
202403,4115056800,137507.0,100.0
202403,4115057300,1132487.0,100.0
202403,4115057600,87740.0,100.0
202403,4115057800,323451.0,100.0
202403,4115058000,310850.0,100.0
202403,4128155000,27881.0,100.0
202403,4128156000,102277.0,100.0
202403,4128157500,61714.0,100.0
202403,4128158000,84734.0,100.0
202403,4128159000,239084.0,100.0
202403,4128160000,50380.0,100.0
202403,4128161000,48540.0,100.0
202403,4128162100,69477.0,100.0
202403,4146353500,485845.0,100.0
202403,4146354000,80805925.0,100.0
202403,4146355000,348140.0,100.0
202403,4146356000,829573.0,100.0
202403,4146357000,248804.0,100.0
202403,4146357200,1550327.0,100.0
202403,4146357500,771726.0,100.0
202403,4146357700,530736.0,100.0
202403,4146358600,534007.0,100.0
202403,4146359000,884221.0,100.0
202402,4163033000,52040695.0,100.0
202402,4163034000,1305947.0,100.0
202402,4163051000,189379.0,100.0
202402,4163052000,1524859.0,100.0
202402,4163053000,797030.0,100.0
202402,4163054000,616985.0,100.0
202402,4163055000,355914.0,100.0
202402,4163056000,308264.0,100.0
202402,4165025000,22635144.0,100.0
202403,4115059500,59274.0,100.0
202403,4115061500,22816.0,100.0
202403,4117151000,274838.0,100.0
202403,4117155000,436910.0,100.0
202403,4117156000,135262.0,100.0
202403,4117157000,116000.0,100.0
202403,4128162200,65366.0,100.0
202403,4128164000,214381.0,100.0
202403,4128165000,10838.0,100.0
202403,4128166000,58812.0,100.0
202403,4128167000,22282.0,100.0
202403,4128551000,143266.0,100.0
202403,4128552000,178961.0,100.0
202403,4146551000,271145.0,100.0
202403,4146552000,2691531.0,100.0
202403,4146553000,1208189.0,100.0
202403,4146554000,643088.0,100.0
202403,4146555000,106360.0,100.0
202403,4146556000,308168.0,100.0
202403,4146557000,1683525.0,100.0
202402,4165031000,7830872.0,100.0
202402,4165032000,1460370.0,100.0
202402,4165033000,1607655.0,100.0
202402,4165034000,21520024.0,100.0
202402,4165035000,419480.0,100.0
202402,4165036000,2389563.0,100.0
202402,4165037000,7479402.0,100.0
202402,4165038000,1040932.0,100.0
202402,4165039000,2742479.0,100.0
202402,4165040000,507572.0,100.0
202402,4165041000,707863.0,100.0
202403,4117159000,485160.0,100.0
202403,4117160000,197621.0,100.0
202403,4117161000,98502.0,100.0
202403,4117163000,273818.0,100.0
202403,4117351000,121344.0,100.0
202403,4117352000,155731226.0,100.0
202403,4117353000,172521.0,100.0
202403,4128553000,65907.0,100.0
202403,4128554000,183176.0,100.0
202403,4128555100,105928.0,100.0
202403,4128555200,100787.0,100.0
202403,4128556000,315158.0,100.0
202403,4128558000,28837.0,100.0
202403,4128559000,97450.0,100.0
202403,4128560000,24358.0,100.0
202403,4146559000,1024767.0,100.0
202403,4148025000,20558875.0,100.0
202403,4148025300,225920328.0,100.0
202403,4148025600,4050127.0,100.0
202403,4148026200,10413574.0,100.0
202403,4148031000,2948564.0,100.0
202403,4148032000,12887727.0,100.0
202403,4148035000,6300469.0,100.0
202403,4148036000,21290.0,100.0
202403,4148037000,3382244.0,100.0
202402,4165051000,971339.0,100.0
202402,4165052000,400524.0,100.0
202402,4167025000,4894648.0,100.0
202402,4167031000,293062.0,100.0
202402,4167032000,592748.0,100.0
202402,4167033000,19310.0,100.0
202402,4167034000,120794129.0,100.0
202402,4167035000,2025991.0,100.0
202402,4167036000,230357.0,100.0
202402,4167037000,20274.0,100.0
202402,4167038000,6206.0,100.0
202402,4167051000,2398096.0,100.0
202403,4117354000,337934.0,100.0
202403,4117354600,208218.0,100.0
202403,4117355000,56722.0,100.0
202403,4117356000,760208.0,100.0
202403,4117356600,30271.0,100.0
202403,4117357000,828765.0,100.0
202403,4117357600,263737.0,100.0
202403,4117357800,81824.0,100.0
202403,4117358000,360518.0,100.0
202403,4117359000,68798.0,100.0
202402,4159034000,8149133.0,100.0
202402,4159035000,4748931.0,100.0
202402,4159036000,218987587.0,100.0
202402,4159037000,2695696.0,100.0
202402,4159040000,2139990.0,100.0
202402,4159041000,8668607.0,100.0
202402,4159051500,294080.0,100.0
202402,4159052000,828367.0,100.0
202402,4159053000,1236685.0,100.0
202402,4159054000,111222.0,100.0
202404,4115051000,668398.0,100.0
202404,4115052000,479152.0,100.0
202404,4115054500,211769.0,100.0
202404,4115055500,2186.0,100.0
202404,4115056100,459318.0,100.0
202404,4115056700,67680509.0,100.0
202404,4115056800,163619.0,100.0
202404,4115057300,1985517.0,100.0
202404,4115057600,144264.0,100.0
202404,4128153000,163656.0,100.0
202404,4128154000,43332.0,100.0
202404,4128155000,14425.0,100.0
202404,4128156000,102896.0,100.0
202404,4128157500,35706.0,100.0
202404,4128158000,114918.0,100.0
202404,4128159000,349709.0,100.0
202404,4128160000,128810.0,100.0
202404,4128161000,94144.0,100.0
202404,4146357200,2765958.0,100.0
202404,4146357500,2654144.0,100.0
202404,4146357700,782872.0,100.0
202404,4146358600,945522.0,100.0
202404,4146359000,963342.0,100.0
202404,4146551000,680626.0,100.0
202404,4146552000,4298364.0,100.0
202404,4146553000,1543181.0,100.0
202404,4146554000,1186909.0,100.0
202404,4146555000,249418.0,100.0
202403,4163032000,1016953.0,100.0
202403,4163033000,36617455.0,100.0
202403,4163034000,1056680.0,100.0
202403,4163051000,97098.0,100.0
202403,4163052000,989652.0,100.0
202403,4163053000,687988.0,100.0
202403,4163054000,490311.0,100.0
202403,4163055000,319442.0,100.0
202403,4163056000,253752.0,100.0
202404,4115057800,605074.0,100.0
202404,4115058000,478112.0,100.0
202404,4115059500,75784.0,100.0
202404,4115061500,33020.0,100.0
202404,4117151000,230466.0,100.0
202404,4117155000,912292.0,100.0
202404,4128162100,208445.0,100.0
202404,4128162200,90332.0,100.0
202404,4128163000,412.0,100.0
202404,4128164000,245850.0,100.0
202404,4128165000,11852.0,100.0
202404,4128166000,46031.0,100.0
202404,4128167000,20928.0,100.0
202404,4128551000,299240.0,100.0
202404,4146556000,452148.0,100.0
202404,4146557000,2601140.0,100.0
202404,4146559000,1968273.0,100.0
202404,4148025000,33296841.0,100.0
202404,4148025300,376025990.0,100.0
202404,4148025600,5984964.0,100.0
202404,4148026200,15204351.0,100.0
202403,4165025000,13355028.0,100.0
202403,4165031000,4401107.0,100.0
202403,4165032000,1098430.0,100.0
202403,4165033000,1049448.0,100.0
202403,4165034000,12288576.0,100.0
202403,4165035000,247338.0,100.0
202403,4165036000,928459.0,100.0
202403,4165037000,3622208.0,100.0
202403,4165038000,665518.0,100.0
202403,4165039000,1385452.0,100.0
202403,4165040000,246892.0,100.0
202404,4117156000,191564.0,100.0
202404,4117157000,189106.0,100.0
202404,4117159000,903404.0,100.0
202404,4117160000,314764.0,100.0
202404,4117161000,215759.0,100.0
202404,4117163000,441572.0,100.0
202404,4117351000,248244.0,100.0
202404,4128552000,176045.0,100.0
202404,4128553000,125786.0,100.0
202404,4128554000,150872.0,100.0
202404,4128555100,141676.0,100.0
202404,4128555200,99834.0,100.0
202404,4128556000,187920.0,100.0
202404,4128558000,3972.0,100.0
202404,4148031000,5013298.0,100.0
202404,4148032000,23364271.0,100.0
202404,4148035000,10386343.0,100.0
202404,4148036000,59332.0,100.0
202404,4148037000,5108531.0,100.0
202404,4148051000,3929760.0,100.0
202404,4148052000,757552.0,100.0
202404,4148053000,1321544.0,100.0
202404,4148054000,7367227.0,100.0
202404,4148055000,3478454.0,100.0
202403,4165041000,507101.0,100.0
202403,4165051000,619203.0,100.0
202403,4165052000,401585.0,100.0
202403,4167025000,3160726.0,100.0
202403,4167031000,12348.0,100.0
202403,4167032000,426040.0,100.0
202403,4167033000,52258.0,100.0
202403,4167034000,74434374.0,100.0
202403,4167035000,1159916.0,100.0
202403,4167036000,88348.0,100.0
202403,4167037000,3018.0,100.0
202404,4117352000,263753297.0,100.0
202404,4117353000,261465.0,100.0
202404,4117354000,421270.0,100.0
202404,4117354600,418216.0,100.0
202404,4117355000,142412.0,100.0
202404,4117356000,1210044.0,100.0
202404,4117356600,85077.0,100.0
202404,4117357000,1239036.0,100.0
202404,4117357600,440357.0,100.0
202404,4117357800,162986.0,100.0
202404,4128559000,179000.0,100.0
202404,4128560000,34024.0,100.0
202404,4128751000,15612.0,100.0
202404,4128752000,491598.0,100.0
202404,4128754000,378502.0,100.0
202404,4128755000,356078.0,100.0
202404,4128756000,36891.0,100.0
202404,4128757000,72735.0,100.0
202404,4148056000,2300959.0,100.0
202404,4148057000,852013.0,100.0
202404,4150025000,9451813.0,100.0
202404,4150025300,35392011.0,100.0
202404,4150031000,4700514.0,100.0
202404,4150032000,5156838.0,100.0
202404,4150033000,2446015.0,100.0
202403,4167051000,1436992.0,100.0
202403,4167052000,547012.0,100.0
202403,4167053000,124916.0,100.0
202403,4180025000,9492431.0,100.0
202403,4180025300,32321430.0,100.0
202403,4180031000,719773.0,100.0
202403,4180032000,9678907.0,100.0
202403,4180033000,381044.0,100.0
202403,4180035000,115689.0,100.0
202403,4180036000,649391.0,100.0
202404,4117358000,655823.0,100.0
202404,4117359000,84512.0,100.0
202404,4117360000,243300.0,100.0
202404,4117361000,673912.0,100.0
202404,4117362000,136800.0,100.0
202404,4119060300,1383439.0,100.0
202404,4119060600,103668166.0,100.0
202404,4119061000,374492.0,100.0
202404,4119074200,5029027.0,100.0
202404,4119074400,3655975.0,100.0
202404,4119074600,1274000.0,100.0
202404,4119075000,1204064.0,100.0
202404,4119079500,939129.0,100.0
202404,4119080000,5691409.0,100.0
202404,4119083000,3761840.0,100.0
202404,4128759000,322057.0,100.0
202404,4129051000,1870719.0,100.0
202404,4129052000,2650838.0,100.0
202404,4129053000,295358.0,100.0
202404,4129054000,92151783.0,100.0
202404,4131051000,7993111.0,100.0
202404,4150034000,3903094.0,100.0
202404,4150035000,138773714.0,100.0
202404,4150036000,414459.0,100.0
202404,4150037000,355096.0,100.0
202404,4150038000,654576.0,100.0
202404,4150051000,1141467.0,100.0
202404,4150051500,3581000.0,100.0
202404,4150052000,798609.0,100.0
202404,4150053000,575494.0,100.0
202404,4155025000,37739830.0,100.0
202403,4180038000,47470.0,100.0
202403,4182025000,19098785.0,100.0
202403,4182031000,3737598.0,100.0
202403,4182032500,11775229.0,100.0
202403,4182033000,539597.0,100.0
202403,4182034500,1626382.0,100.0
202403,4182035000,980042.0,100.0
202403,4183025000,66418102.0,100.0
202403,4183031000,2653623.0,100.0
202403,4183032000,1590491.0,100.0
202403,4183033000,7408766.0,100.0
202404,4131052000,3544566.0,100.0
202404,4131053000,150386321.0,100.0
202404,4131054100,375943.0,100.0
202404,4131054200,647800.0,100.0
202404,4131057000,973110.0,100.0
202404,4131058000,1774903.0,100.0
202404,4155031000,50494389.0,100.0
202404,4155032000,5121118.0,100.0
202404,4155033000,776292.0,100.0
202404,4155034000,4056569.0,100.0
202404,4155035000,11957901.0,100.0
202404,4155036000,5512091.0,100.0
202404,4155038000,4524894.0,100.0
202404,4155039000,4910904.0,100.0
202404,4155040000,6894315.0,100.0
202404,4155041000,2325248.0,100.0
202404,4155042000,1281751.0,100.0
202404,4155051000,403382.0,100.0
202403,4183034000,1111058.0,100.0
202403,4183035000,1860838.0,100.0
202403,4183036000,224740.0,100.0
202403,4183037000,1531278.0,100.0
202403,4183038000,185134.0,100.0
202403,4183039500,3028815.0,100.0
202403,4183040000,23734429.0,100.0
202403,4183041000,840304.0,100.0
202404,4111156000,423491.0,100.0
202404,4111156600,2135551.0,100.0
202404,4111157100,280970.0,100.0
202404,4131059000,1491194.0,100.0
202404,4136025000,49475411.0,100.0
202404,4136025300,51817056.0,100.0
202404,4136025600,52296722.0,100.0
202404,4136025900,7893201.0,100.0
202404,4136026200,23020736.0,100.0
202404,4136026500,6836986.0,100.0
202404,4136031000,10096757.0,100.0
202404,4136034000,2203265.0,100.0
202404,4136036000,1118724.0,100.0
202404,4155052000,1973545.0,100.0
202404,4155053000,884194.0,100.0
202404,4111157200,353230.0,100.0
202404,4111157300,703219.0,100.0
202404,4111158000,306342.0,100.0
202404,4111159100,297146.0,100.0
202404,4111159700,1026246.0,100.0
202404,4111159800,318106.0,100.0
202404,4111160000,223264.0,100.0
202404,4111353000,423690.0,100.0
202404,4136051000,165991545.0,100.0
202404,4136052000,1267358.0,100.0
202404,4136053000,408511.0,100.0
202404,4136054000,915202.0,100.0
202404,4136054500,4325800.0,100.0
202404,4136056500,480272.0,100.0
202404,4136057000,3953880.0,100.0
202404,4137051000,1550768.0,100.0
202404,4159025300,49098148.0,100.0
202404,4159025600,8442248.0,100.0
202404,4159025900,36112313.0,100.0
202404,4111354000,197892.0,100.0
202404,4111355000,941038.0,100.0
202404,4111356000,940377.0,100.0
202404,4111365000,116178.0,100.0
202404,4111366200,1734666.0,100.0
202404,4111366400,979587.0,100.0
202404,4111367000,334828.0,100.0
202404,4111368000,986711.0,100.0
202404,4111369000,878871.0,100.0
202404,4111370000,9732.0,100.0
202404,4121055000,3895392.0,100.0
202404,4121056000,66146.0,100.0
202404,4121057000,361280.0,100.0
202404,4121058000,431466.0,100.0
202404,4121059000,31012.0,100.0
202404,4121060000,98572.0,100.0
202404,4137053000,98250321.0,100.0
202404,4137054000,1733327.0,100.0
202404,4137055000,1533258.0,100.0
202404,4137056000,367780.0,100.0
202404,4137057000,1053796.0,100.0
202404,4159026200,5056685.0,100.0
202404,4159031000,1629673.0,100.0
202404,4159032000,1641547.0,100.0
202404,4159033000,1560291.0,100.0
202404,4159034000,5893702.0,100.0
202404,4159035000,4058228.0,100.0
202404,4159036000,221214931.0,100.0
202404,4159037000,2729713.0,100.0
202404,4159040000,2012850.0,100.0
202404,4159041000,7167600.0,100.0
202404,4111565000,222883.0,100.0
202404,4111566000,601091030.0,100.0
202404,4111567000,639654.0,100.0
202404,4111568000,952314.0,100.0
202404,4111569000,47440.0,100.0
202404,4111570000,850756.0,100.0
202404,4111571000,257999.0,100.0
202404,4111572000,125766.0,100.0
202404,4111573000,1235237.0,100.0
202404,4111574000,2148810.0,100.0
202404,4121061000,2312450.0,100.0
202404,4121062000,593012.0,100.0
202404,4121063100,348695158.0,100.0
202404,4121063300,556660.0,100.0
202404,4121063400,709718.0,100.0
202404,4121064000,1966293.0,100.0
202404,4121065000,593416.0,100.0
202404,4159051500,321058.0,100.0
202404,4159052000,849610.0,100.0
202404,4159053000,1370197.0,100.0
202404,4159054000,366752.0,100.0
202404,4159055000,2924164.0,100.0
202404,4159056000,177216.0,100.0
202404,4159057000,1001734.0,100.0
202404,4159058500,852874.0,100.0
202404,4159058600,2097597.0,100.0
202404,4159058700,2257930.0,100.0
202404,4111752000,295623.0,100.0
202404,4111753000,475513.0,100.0
202404,4111754000,2221107.0,100.0
202404,4111757000,140266.0,100.0
202404,4111758000,555003.0,100.0
202404,4111758500,928861.0,100.0
202404,4111759300,644426.0,100.0
202404,4111759600,957297.0,100.0
202404,4122025000,7369133.0,100.0
202404,4122025300,18339965.0,100.0
202404,4122025600,9573571.0,100.0
202404,4122025900,5120033.0,100.0
202404,4122031000,1169695.0,100.0
202404,4122032000,289535.0,100.0
202404,4122033000,3232374.0,100.0
202404,4122034000,150110916.0,100.0
202404,4122037000,964593.0,100.0
202404,4122051000,2319292.0,100.0
202404,4141051000,148226.0,100.0
202404,4141052000,237840843.0,100.0
202404,4141054000,966658.0,100.0
202404,4141055000,728414.0,100.0
202404,4141056000,1124383.0,100.0
202404,4159059000,3321506.0,100.0
202404,4159060000,1309596.0,100.0
202404,4159061000,3891161.0,100.0
202404,4159062000,358840.0,100.0
202404,4161025000,71385473.0,100.0
202404,4161025300,197780148.0,100.0
202404,4161025900,19955266.0,100.0
202404,4161033000,4604522.0,100.0
202404,4111760000,1518841.0,100.0
202404,4111761000,509964.0,100.0
202404,4122052000,327472.0,100.0
202404,4122053500,276906.0,100.0
202404,4122055000,244244.0,100.0
202404,4122056000,2516911.0,100.0
202404,4122057000,256111.0,100.0
202404,4122058000,197732.0,100.0
202404,4122059000,236863.0,100.0
202404,4122060000,3284828.0,100.0
202404,4122062000,1842958.0,100.0
202404,4141057000,225176.0,100.0
202404,4141058000,952454.0,100.0
202404,4141059000,488973.0,100.0
202404,4141060000,697852.0,100.0
202404,4141061000,2203882.0,100.0
202404,4141062000,4526736.0,100.0
202404,4143051000,97328.0,100.0
202404,4143052000,3562267.0,100.0
202404,4143053000,76630783.0,100.0
202404,4161034000,8666538.0,100.0
202404,4161035000,290958.0,100.0
202404,4161037000,173452.0,100.0
202404,4161051000,1195201.0,100.0
202404,4161052000,3594820.0,100.0
202404,4161053000,2031251.0,100.0
202404,4122063000,708636.0,100.0
202404,4122063500,956164.0,100.0
202404,4122064000,385215.0,100.0
202404,4125051000,43702298.0,100.0
202404,4125052000,378635.0,100.0
202404,4125053500,269823.0,100.0
202404,4125056500,1230091.0,100.0
202404,4125056600,607116.0,100.0
202404,4143054000,72730.0,100.0
202404,4143055000,166252.0,100.0
202404,4143056000,513169.0,100.0
202404,4145051000,5458622.0,100.0
202404,4145052000,101666.0,100.0
202404,4145053000,1551298.0,100.0
202404,4145054000,176212.0,100.0
202404,4145055000,2129967.0,100.0
202404,4145056000,461816.0,100.0
202404,4145057000,619572.0,100.0
202404,4163025000,7144402.0,100.0
202404,4163031000,1504773.0,100.0
202404,4163032000,1717068.0,100.0
202404,4163033000,56442580.0,100.0
202404,4163034000,1385227.0,100.0
202404,4163051000,161694.0,100.0
202404,4163052000,1148514.0,100.0
202404,4163053000,1031053.0,100.0
202404,4125058000,440305.0,100.0
202404,4127151000,376318.0,100.0
202404,4127151500,1297812.0,100.0
202404,4127152500,2192509.0,100.0
202404,4127153200,1946513.0,100.0
202404,4127153700,851068.0,100.0
202404,4127154000,1526561.0,100.0
202404,4127155000,287476.0,100.0
202404,4127156000,857000.0,100.0
202404,4145058200,1247941.0,100.0
202404,4145059000,86785293.0,100.0
202404,4145060000,138518.0,100.0
202404,4145061000,547474.0,100.0
202404,4145062000,6522316.0,100.0
202404,4146125000,19541318.0,100.0
202404,4146125300,6710398.0,100.0
202404,4146125600,7902553.0,100.0
202404,4163054000,856027.0,100.0
202404,4163055000,498556.0,100.0
202404,4163056000,733784.0,100.0
202404,4165025000,19621068.0,100.0
202404,4165031000,5992480.0,100.0
202404,4165032000,1495866.0,100.0
202404,4165033000,1653092.0,100.0
202404,4165034000,18814369.0,100.0
202404,4127157000,445743.0,100.0
202404,4127158000,2022020.0,100.0
202404,4127159000,737101.0,100.0
202404,4127160000,549293.0,100.0
202404,4127161000,151032.0,100.0
202404,4127351000,1118780.0,100.0
202404,4127352500,836521.0,100.0
202404,4127353200,6679153.0,100.0
202404,4127353500,1684622.0,100.0
202404,4146132000,3064329.0,100.0
202404,4146134000,2131814.0,100.0
202404,4146135000,3901617.0,100.0
202404,4146136000,8055811.0,100.0
202404,4146151000,1514777.0,100.0
202404,4146152000,1551573.0,100.0
202404,4146153000,1095847.0,100.0
202404,4146154000,447205928.0,100.0
202404,4146351000,13786.0,100.0
202404,4165035000,357458.0,100.0
202404,4165036000,1479736.0,100.0
202404,4165037000,5626853.0,100.0
202404,4165038000,963393.0,100.0
202404,4165039000,2224905.0,100.0
202404,4165040000,426254.0,100.0
202404,4165041000,604339.0,100.0
202404,4165051000,906900.0,100.0
202404,4165052000,401544.0,100.0
202404,4167025000,5431492.0,100.0
202404,4167031000,22370.0,100.0
202404,4167032000,1250843.0,100.0
202404,4127354500,1527100.0,100.0
202404,4127355500,1496868.0,100.0
202404,4127356500,464360.0,100.0
202404,4127357000,456144117.0,100.0
202404,4127358000,36302.0,100.0
202404,4127359000,1616578.0,100.0
202404,4127360000,1541232.0,100.0
202404,4127361000,107036.0,100.0
202404,4128151000,85801318.0,100.0
202404,4128152000,68978.0,100.0
202404,4146351600,1114341.0,100.0
202404,4146351700,572746.0,100.0
202404,4146352000,4477861.0,100.0
202404,4146353000,114420.0,100.0
202404,4146353500,707631.0,100.0
202404,4146354000,127317697.0,100.0
202404,4146355000,821264.0,100.0
202404,4146356000,938833.0,100.0
202404,4146357000,379345.0,100.0
202404,4167033000,123866.0,100.0
202404,4167034000,111529274.0,100.0
202404,4167035000,1588745.0,100.0
202404,4167036000,118012.0,100.0
202404,4167037000,1440.0,100.0
202404,4167051000,1252165.0,100.0
202404,4167052000,801944.0,100.0
202404,4167053000,246926.0,100.0
202404,4180025000,16348059.0,100.0
202404,4180025300,56802399.0,100.0
202405,4159056000,133532.0,100.0
202405,4159057000,809235.0,100.0
202405,4159058500,936486.0,100.0
202405,4159058600,2843366.0,100.0
202405,4159058700,2489264.0,100.0
202405,4159058800,601392.0,100.0
202405,4159059000,5665380.0,100.0
202405,4159060000,1437038.0,100.0
202405,4159061000,5203379.0,100.0
202405,4159062000,904868.0,100.0
202405,4122057000,289999.0,100.0
202405,4122058000,178070.0,100.0
202405,4122059000,198636.0,100.0
202405,4122060000,2067381.0,100.0
202405,4122062000,1785649.0,100.0
202405,4122063000,749642.0,100.0
202405,4122063500,726956.0,100.0
202405,4122064000,914658.0,100.0
202405,4141052000,188308401.0,100.0
202405,4141054000,663226.0,100.0
202405,4141055000,496380.0,100.0
202405,4141056000,764117.0,100.0
202405,4141057000,156305.0,100.0
202405,4141058000,731382.0,100.0
202405,4141059000,433329.0,100.0
202405,4141060000,512359.0,100.0
202405,4141061000,1407522.0,100.0
202405,4141062000,3093194.0,100.0
202405,4161025000,46312562.0,100.0
202405,4161025300,136531963.0,100.0
202405,4161025900,14480296.0,100.0
202405,4161033000,3677716.0,100.0
202405,4161034000,7604362.0,100.0
202405,4161035000,274512.0,100.0
202405,4161037000,221994.0,100.0
202405,4161051000,982669.0,100.0
202405,4161052000,3537721.0,100.0
202405,4125051000,39831262.0,100.0
202405,4125052000,387843.0,100.0
202405,4125053500,181167.0,100.0
202405,4125056500,1213841.0,100.0
202405,4125056600,638734.0,100.0
202405,4125058000,423514.0,100.0
202405,4125060000,19946.0,100.0
202405,4127151000,330408.0,100.0
202405,4127151500,928317.0,100.0
202405,4143051000,52670.0,100.0
202405,4143052000,2868150.0,100.0
202405,4143053000,64233665.0,100.0
202405,4143054000,77506.0,100.0
202405,4143055000,16578.0,100.0
202405,4143056000,434825.0,100.0
202405,4145051000,4132238.0,100.0
202405,4145052000,75146.0,100.0
202405,4145053000,1430499.0,100.0
202405,4145054000,87805.0,100.0
202405,4161053000,2030393.0,100.0
202405,4163025000,5753337.0,100.0
202405,4163031000,1150814.0,100.0
202405,4127152500,1826714.0,100.0
202405,4127153200,1590018.0,100.0
202405,4127153700,655740.0,100.0
202405,4127154000,1049381.0,100.0
202405,4127155000,199770.0,100.0
202405,4127156000,682130.0,100.0
202405,4127157000,342067.0,100.0
202405,4127158000,1973400.0,100.0
202405,4127159000,586252.0,100.0
202405,4145055000,1460458.0,100.0
202405,4145056000,497766.0,100.0
202405,4145057000,518108.0,100.0
202405,4145058200,782473.0,100.0
202405,4145059000,67566638.0,100.0
202405,4145060000,70708.0,100.0
202405,4145061000,407864.0,100.0
202405,4145062000,4657177.0,100.0
202405,4163032000,1258330.0,100.0
202405,4163033000,48409786.0,100.0
202405,4163034000,1148390.0,100.0
202405,4163051000,178856.0,100.0
202405,4163052000,942550.0,100.0
202405,4163053000,744362.0,100.0
202405,4163054000,705765.0,100.0
202405,4163055000,370016.0,100.0
202405,4163056000,654446.0,100.0
202405,4127160000,349229.0,100.0
202405,4127161000,131830.0,100.0
202405,4127351000,1056562.0,100.0
202405,4127352500,950058.0,100.0
202405,4127353200,5057275.0,100.0
202405,4127353500,1411006.0,100.0
202405,4127354500,872350.0,100.0
202405,4127355500,1516390.0,100.0
202405,4127356500,432931.0,100.0
202405,4127357000,387343608.0,100.0
202405,4146125000,16888584.0,100.0
202405,4146125300,6248282.0,100.0
202405,4146125600,7538538.0,100.0
202405,4146132000,2502220.0,100.0
202405,4146134000,2476342.0,100.0
202405,4146135000,2916407.0,100.0
202405,4146136000,6530279.0,100.0
202405,4146151000,1253987.0,100.0
202405,4146152000,1441661.0,100.0
202405,4165025000,14789477.0,100.0
202405,4165031000,4955204.0,100.0
202405,4165032000,1064830.0,100.0
202405,4165033000,1493343.0,100.0
202405,4165034000,13794429.0,100.0
202405,4165035000,278053.0,100.0
202405,4165036000,1031896.0,100.0
202405,4165037000,4935605.0,100.0
202405,4165038000,751891.0,100.0
202405,4165039000,1566920.0,100.0
202405,4165040000,294348.0,100.0
202405,4115051000,483997.0,100.0
202405,4115052000,409708.0,100.0
202405,4115054500,92623.0,100.0
202405,4115055500,374.0,100.0
202405,4127358000,44016.0,100.0
202405,4127359000,1175202.0,100.0
202405,4127360000,1245718.0,100.0
202405,4127361000,116689.0,100.0
202405,4128151000,122013334.0,100.0
202405,4128152000,81020.0,100.0
202405,4128153000,347363.0,100.0
202405,4128154000,49290.0,100.0
202405,4128155000,54022.0,100.0
202405,4128156000,334463.0,100.0
202405,4146153000,851127.0,100.0
202405,4146154000,355737963.0,100.0
202405,4146351000,6940.0,100.0
202405,4146351600,1121911.0,100.0
202405,4146351700,545080.0,100.0
202405,4146352000,3977482.0,100.0
202405,4146353000,105481.0,100.0
202405,4146353500,495804.0,100.0
202405,4146354000,102537306.0,100.0
202405,4165041000,388878.0,100.0
202405,4165051000,710346.0,100.0
202405,4165052000,367678.0,100.0
202405,4167025000,4273222.0,100.0
202405,4167031000,21482.0,100.0
202405,4167032000,2625344.0,100.0
202405,4167033000,103482.0,100.0
202405,4167034000,96989183.0,100.0
202405,4167035000,1448725.0,100.0
202405,4167036000,86218.0,100.0
202405,4115056100,318501.0,100.0
202405,4115056700,47472818.0,100.0
202405,4115056800,93113.0,100.0
202405,4115057300,1301949.0,100.0
202405,4115057600,100924.0,100.0
202405,4115057800,359357.0,100.0
202405,4115058000,308514.0,100.0
202405,4115059500,38868.0,100.0
202405,4115061500,15044.0,100.0
202405,4128157500,25638.0,100.0
202405,4128158000,193760.0,100.0
202405,4128159000,431019.0,100.0
202405,4128160000,147375.0,100.0
202405,4128161000,117133.0,100.0
202405,4128162100,215186.0,100.0
202405,4128162200,149730.0,100.0
202405,4128163000,2412.0,100.0
202405,4146355000,714966.0,100.0
202405,4146356000,766747.0,100.0
202405,4146357000,324573.0,100.0
202405,4146357200,2454196.0,100.0
202405,4146357500,2428198.0,100.0
202405,4146357700,716208.0,100.0
202405,4146358600,697824.0,100.0
202405,4146359000,1038522.0,100.0
202405,4146551000,617857.0,100.0
202405,4167038000,4024.0,100.0
202405,4167051000,781787.0,100.0
202405,4167052000,860240.0,100.0
202405,4167053000,367101.0,100.0
202405,4180025000,13649939.0,100.0
202405,4180025300,51656401.0,100.0
202405,4180031000,1159560.0,100.0
202405,4180032000,10935341.0,100.0
202405,4180033000,533896.0,100.0
202405,4180034000,9494.0,100.0
202405,4180035000,112463.0,100.0
202405,4180036000,760566.0,100.0
202405,4117151000,153402.0,100.0
202405,4117155000,721777.0,100.0
202405,4117156000,219016.0,100.0
202405,4117157000,108966.0,100.0
202405,4117159000,717020.0,100.0
202405,4128164000,446134.0,100.0
202405,4128165000,13400.0,100.0
202405,4128166000,304015.0,100.0
202405,4128167000,31374.0,100.0
202405,4128551000,290803.0,100.0
202405,4128552000,288373.0,100.0
202405,4128553000,209327.0,100.0
202405,4146552000,2781540.0,100.0
202405,4146553000,1561182.0,100.0
202405,4146554000,1099379.0,100.0
202405,4146555000,124002.0,100.0
202405,4146556000,386646.0,100.0
202405,4146557000,1842764.0,100.0
202405,4146559000,1238508.0,100.0
202405,4180038000,50566.0,100.0
202405,4182025000,28373795.0,100.0
202405,4182031000,4985968.0,100.0
202405,4182032500,13325379.0,100.0
202405,4182033000,1218215.0,100.0
202405,4182034500,1948306.0,100.0
202405,4182035000,1732027.0,100.0
202405,4183025000,99530914.0,100.0
202405,4183031000,4214754.0,100.0
202405,4183032000,2471240.0,100.0
202405,4117160000,303191.0,100.0
202405,4117161000,137005.0,100.0
202405,4117163000,224482.0,100.0
202405,4117351000,198190.0,100.0
202405,4117352000,201100087.0,100.0
202405,4117353000,321663.0,100.0
202405,4117354000,305416.0,100.0
202405,4117354600,269142.0,100.0
202405,4117355000,131872.0,100.0
202405,4128554000,327249.0,100.0
202405,4128555100,283018.0,100.0
202405,4128555200,251950.0,100.0
202405,4128556000,311496.0,100.0
202405,4128558000,17675.0,100.0
202405,4128559000,87650.0,100.0
202405,4128560000,44202.0,100.0
202405,4128751000,69031.0,100.0
202405,4128752000,633111.0,100.0
202405,4148025000,28240774.0,100.0
202405,4148025300,333662119.0,100.0
202405,4148025600,5262432.0,100.0
202405,4148026200,13193525.0,100.0
202405,4148031000,4675829.0,100.0
202405,4148032000,21886568.0,100.0
202405,4148035000,9286589.0,100.0
202405,4148036000,29031.0,100.0
202405,4148037000,4539285.0,100.0
202405,4148051000,3009549.0,100.0
202405,4183033000,12042648.0,100.0
202405,4183034000,1630574.0,100.0
202405,4183035000,2574097.0,100.0
202405,4183036000,324264.0,100.0
202405,4183037000,1796939.0,100.0
202405,4183038000,253179.0,100.0
202405,4183039500,4958629.0,100.0
202405,4183040000,33785677.0,100.0
202405,4183041000,955631.0,100.0
202406,4111156000,360225.0,100.0
202406,4111156600,1980290.0,100.0
202405,4117356000,1004271.0,100.0
202405,4117356600,86352.0,100.0
202405,4117357000,900229.0,100.0
202405,4117357600,396249.0,100.0
202405,4117357800,104362.0,100.0
202405,4117358000,824800.0,100.0
202405,4117359000,47372.0,100.0
202405,4117360000,132031.0,100.0
202405,4117361000,537640.0,100.0
202405,4117362000,52064.0,100.0
202405,4128754000,270777.0,100.0
202405,4128755000,392736.0,100.0
202405,4128756000,44113.0,100.0
202405,4128757000,168974.0,100.0
202405,4128759000,520386.0,100.0
202405,4129051000,1489617.0,100.0
202405,4148052000,542680.0,100.0
202405,4148053000,1317518.0,100.0
202405,4148054000,5597488.0,100.0
202405,4148055000,2444690.0,100.0
202405,4148056000,1377315.0,100.0
202405,4148057000,343108.0,100.0
202405,4150025000,7694481.0,100.0
202406,4111157100,205220.0,100.0
202406,4111157200,412938.0,100.0
202406,4111157300,785594.0,100.0
202406,4111158000,209288.0,100.0
202406,4111159100,328484.0,100.0
202406,4111159700,907402.0,100.0
202406,4111159800,306892.0,100.0
202406,4111160000,155402.0,100.0
202406,4111353000,555126.0,100.0
202405,4119060300,1019586.0,100.0
202405,4119060600,91495103.0,100.0
202405,4119061000,347664.0,100.0
202405,4119074200,3870214.0,100.0
202405,4119074400,2605620.0,100.0
202405,4119074600,1041101.0,100.0
202405,4119075000,985458.0,100.0
202405,4119079500,883674.0,100.0
202405,4119080000,3840766.0,100.0
202405,4119083000,2879340.0,100.0
202405,4129052000,2282066.0,100.0
202405,4129053000,497444.0,100.0
202405,4129054000,67385228.0,100.0
202405,4129055000,27986.0,100.0
202405,4129056000,6696.0,100.0
202405,4131051000,7448199.0,100.0
202405,4131052000,1403129.0,100.0
202405,4131053000,158832479.0,100.0
202405,4131054100,312552.0,100.0
202405,4150025300,28097447.0,100.0
202405,4150031000,2967529.0,100.0
202405,4150032000,4179616.0,100.0
202405,4150033000,1959491.0,100.0
202405,4150034000,3277883.0,100.0
202405,4150035000,109932021.0,100.0
202405,4150036000,333739.0,100.0
202405,4150037000,296475.0,100.0
202405,4150038000,400542.0,100.0
202405,4150051000,982711.0,100.0
202404,4182035000,1940175.0,100.0
202404,4183025000,118003641.0,100.0
202404,4183031000,5295088.0,100.0
202404,4183032000,2838041.0,100.0
202404,4183033000,15760675.0,100.0
202404,4183034000,1910731.0,100.0
202404,4183035000,3356968.0,100.0
202404,4183036000,397734.0,100.0
202404,4183037000,2940914.0,100.0
202404,4183038000,385617.0,100.0
202404,4183039500,6594751.0,100.0
202405,4131054200,1449218.0,100.0
202405,4131057000,1884484.0,100.0
202405,4131058000,1404705.0,100.0
202405,4131059000,1575858.0,100.0
202405,4136025000,41696314.0,100.0
202405,4136025300,38977999.0,100.0
202405,4136025600,40817047.0,100.0
202405,4136025900,6244985.0,100.0
202405,4136026200,19014614.0,100.0
202405,4136026500,5961544.0,100.0
202405,4150051500,3080293.0,100.0
202405,4150052000,732545.0,100.0
202405,4150053000,571521.0,100.0
202405,4155025000,30126669.0,100.0
202405,4155031000,40148737.0,100.0
202405,4155032000,3991965.0,100.0
202405,4155033000,706798.0,100.0
202405,4155034000,3443917.0,100.0
202405,4155035000,9780150.0,100.0
202405,4155036000,4314664.0,100.0
202404,4183040000,42206871.0,100.0
202404,4183041000,1290744.0,100.0
202405,4111156000,373637.0,100.0
202405,4111156600,1471504.0,100.0
202405,4111157100,205760.0,100.0
202405,4111157200,297846.0,100.0
202405,4111157300,571227.0,100.0
202405,4111158000,259364.0,100.0
202405,4111159100,227126.0,100.0
202405,4111159700,773385.0,100.0
202405,4136031000,6879932.0,100.0
202405,4136034000,1708079.0,100.0
202405,4136036000,660147.0,100.0
202405,4136051000,132698538.0,100.0
202405,4136052000,631419.0,100.0
202405,4136053000,626133.0,100.0
202405,4136054000,684400.0,100.0
202405,4136054500,3531431.0,100.0
202405,4136056500,409674.0,100.0
202405,4136057000,3724735.0,100.0
202405,4155038000,3770767.0,100.0
202405,4155039000,3808186.0,100.0
202405,4155040000,5785476.0,100.0
202405,4155041000,1931047.0,100.0
202405,4155042000,871027.0,100.0
202405,4155051000,423993.0,100.0
202405,4155052000,1780813.0,100.0
202405,4155053000,774483.0,100.0
202405,4111159800,271160.0,100.0
202405,4111160000,142360.0,100.0
202405,4111353000,330288.0,100.0
202405,4111354000,75830.0,100.0
202405,4111355000,786897.0,100.0
202405,4111356000,824236.0,100.0
202405,4111365000,100532.0,100.0
202405,4111366200,1032719.0,100.0
202405,4111366400,896347.0,100.0
202405,4121054000,18218.0,100.0
202405,4137051000,1200527.0,100.0
202405,4137053000,80840801.0,100.0
202405,4137054000,1660088.0,100.0
202405,4137055000,935522.0,100.0
202405,4137056000,302018.0,100.0
202405,4137057000,855432.0,100.0
202405,4111367000,288248.0,100.0
202405,4111368000,783878.0,100.0
202405,4111369000,730135.0,100.0
202405,4111370000,1676.0,100.0
202405,4111565000,153089.0,100.0
202405,4111566000,457700404.0,100.0
202405,4111567000,203345.0,100.0
202405,4111568000,849523.0,100.0
202405,4111569000,21018.0,100.0
202405,4121055000,2767188.0,100.0
202405,4121056000,244592.0,100.0
202405,4121057000,295148.0,100.0
202405,4121058000,386578.0,100.0
202405,4121059000,35032.0,100.0
202405,4121060000,46308.0,100.0
202405,4121061000,2673039.0,100.0
202405,4121062000,563544.0,100.0
202405,4121063100,334309384.0,100.0
202405,4121063300,731603.0,100.0
202405,4159025300,39664580.0,100.0
202405,4159025600,7060736.0,100.0
202405,4159025900,31795778.0,100.0
202405,4159026200,5419623.0,100.0
202405,4159031000,1289535.0,100.0
202405,4159032000,1594331.0,100.0
202405,4159033000,1090048.0,100.0
202405,4159034000,5004977.0,100.0
202405,4111570000,681687.0,100.0
202405,4111571000,160257.0,100.0
202405,4111572000,78276.0,100.0
202405,4111573000,1034024.0,100.0
202405,4111574000,1667786.0,100.0
202405,4111752000,460043.0,100.0
202405,4111753000,298151.0,100.0
202405,4111754000,1554076.0,100.0
202405,4121063400,726389.0,100.0
202405,4121064000,2215217.0,100.0
202405,4121065000,752699.0,100.0
202405,4121066000,5418.0,100.0
202405,4122025000,4921073.0,100.0
202405,4122025300,14581632.0,100.0
202405,4122025600,7922029.0,100.0
202405,4122025900,2304678.0,100.0
202405,4141051000,128936.0,100.0
202405,4159035000,3230087.0,100.0
202405,4159036000,188329464.0,100.0
202405,4159037000,2494334.0,100.0
202405,4159040000,1912082.0,100.0
202405,4159041000,5900047.0,100.0
202405,4159051500,435098.0,100.0
202405,4159052000,768961.0,100.0
202405,4159053000,1394837.0,100.0
202405,4159054000,242614.0,100.0
202405,4159055000,2414357.0,100.0
202405,4111757000,110734.0,100.0
202405,4111758000,432105.0,100.0
202405,4111758500,604875.0,100.0
202405,4111759300,395534.0,100.0
202405,4111759600,368827.0,100.0
202405,4111760000,1386977.0,100.0
202405,4111761000,223899.0,100.0
202405,4122031000,966611.0,100.0
202405,4122032000,343133.0,100.0
202405,4122033000,2540651.0,100.0
202405,4122034000,120960281.0,100.0
202405,4122037000,801486.0,100.0
202405,4122051000,1725981.0,100.0
202405,4122052000,349610.0,100.0
202405,4122053500,293134.0,100.0
202405,4122055000,182470.0,100.0
202405,4122056000,2245766.0,100.0
202404,4180031000,1449110.0,100.0
202404,4180032000,15175094.0,100.0
202404,4180033000,587908.0,100.0
202404,4180034000,1200.0,100.0
202404,4180035000,134506.0,100.0
202404,4180036000,1147163.0,100.0
202404,4180038000,52064.0,100.0
202404,4182025000,32252564.0,100.0
202404,4182031000,6650910.0,100.0
202404,4182032500,16588171.0,100.0
202404,4182033000,881741.0,100.0
202404,4182034500,2908766.0,100.0
202406,4136034000,1916887.0,100.0
202406,4136036000,875686.0,100.0
202406,4136051000,141717326.0,100.0
202406,4136052000,783385.0,100.0
202406,4136053000,297939.0,100.0
202406,4136054000,503356.0,100.0
202406,4136054500,4400574.0,100.0
202406,4136056500,538362.0,100.0
202406,4136057000,4013728.0,100.0
202406,4111354000,49586.0,100.0
202406,4111355000,715150.0,100.0
202406,4111356000,960057.0,100.0
202406,4111365000,123606.0,100.0
202406,4111366200,1052457.0,100.0
202406,4111366400,1280634.0,100.0
202406,4111367000,398344.0,100.0
202406,4111368000,948112.0,100.0
202406,4111369000,917635.0,100.0
202406,4121054000,27480.0,100.0
202406,4121055000,3900675.0,100.0
202406,4137051000,1604492.0,100.0
202406,4137053000,94988113.0,100.0
202406,4137054000,2082168.0,100.0
202406,4137055000,1098998.0,100.0
202406,4137056000,270294.0,100.0
202406,4137057000,960821.0,100.0
202406,4159025300,49701963.0,100.0
202406,4159025600,8124580.0,100.0
202406,4159025900,37774399.0,100.0
202406,4159026200,6455098.0,100.0
202406,4159031000,1359201.0,100.0
202406,4159032000,1351104.0,100.0
202406,4159033000,1319878.0,100.0
202406,4159034000,3778732.0,100.0
202406,4111370000,800.0,100.0
202406,4111565000,105679.0,100.0
202406,4111566000,559980065.0,100.0
202406,4111567000,164281.0,100.0
202406,4111568000,867010.0,100.0
202406,4111569000,66666.0,100.0
202406,4111570000,740677.0,100.0
202406,4111571000,273779.0,100.0
202406,4111572000,110560.0,100.0
202406,4111573000,1237614.0,100.0
202406,4121056000,158440.0,100.0
202406,4121057000,275280.0,100.0
202406,4121058000,809584.0,100.0
202406,4121059000,18760.0,100.0
202406,4121060000,81703.0,100.0
202406,4121061000,2920168.0,100.0
202406,4121062000,837286.0,100.0
202406,4121063100,350664210.0,100.0
202406,4121063300,865113.0,100.0
202406,4121063400,846086.0,100.0
202406,4159035000,3380078.0,100.0
202406,4159036000,232415269.0,100.0
202406,4159037000,2705169.0,100.0
202406,4159040000,2126278.0,100.0
202406,4159041000,7102117.0,100.0
202406,4159051500,445080.0,100.0
202406,4159052000,719857.0,100.0
202406,4159053000,1271671.0,100.0
202406,4159054000,338558.0,100.0
202406,4159055000,3218130.0,100.0
202406,4111574000,1801860.0,100.0
202406,4111752000,322435.0,100.0
202406,4111753000,314467.0,100.0
202406,4111754000,1976618.0,100.0
202406,4111757000,164600.0,100.0
202406,4111758000,431032.0,100.0
202406,4111758500,826666.0,100.0
202406,4111759300,252120.0,100.0
202406,4121064000,1970846.0,100.0
202406,4121065000,1023870.0,100.0
202406,4121066000,21732.0,100.0
202406,4122025000,5493005.0,100.0
202406,4122025300,18865697.0,100.0
202406,4122025600,9969329.0,100.0
202406,4122025900,4546612.0,100.0
202406,4122031000,1023464.0,100.0
202406,4141051000,215368.0,100.0
202406,4141052000,212793217.0,100.0
202406,4159056000,151312.0,100.0
202406,4159057000,889801.0,100.0
202406,4159058500,1102986.0,100.0
202406,4159058600,2985517.0,100.0
202406,4159058700,3357526.0,100.0
202406,4159058800,845812.0,100.0
202406,4159059000,6820967.0,100.0
202406,4159060000,1378360.0,100.0
202406,4159061000,9903744.0,100.0
202406,4159062000,691174.0,100.0
202406,4111759600,419569.0,100.0
202406,4111760000,2076524.0,100.0
202406,4111761000,441658.0,100.0
202406,4122032000,391916.0,100.0
202406,4122033000,3029876.0,100.0
202406,4122034000,142486869.0,100.0
202406,4122037000,1020964.0,100.0
202406,4122051000,1982303.0,100.0
202406,4122052000,151584.0,100.0
202406,4122053500,724876.0,100.0
202406,4122055000,128552.0,100.0
202406,4122056000,2532279.0,100.0
202406,4122057000,269857.0,100.0
202406,4122058000,1320.0,100.0
202406,4141054000,937430.0,100.0
202406,4141055000,959016.0,100.0
202406,4141056000,1144699.0,100.0
202406,4141057000,220492.0,100.0
202406,4141058000,946980.0,100.0
202406,4141059000,688344.0,100.0
202406,4141060000,771186.0,100.0
202406,4141061000,1422908.0,100.0
202406,4141062000,3592733.0,100.0
202406,4143051000,72144.0,100.0
202406,4161025000,52788877.0,100.0
202406,4161025300,163204668.0,100.0
202406,4161025900,16778846.0,100.0
202406,4161033000,4256009.0,100.0
202406,4161034000,10843012.0,100.0
202406,4161035000,601985.0,100.0
202406,4161037000,164540.0,100.0
202406,4161051000,1208973.0,100.0
202406,4161052000,4083701.0,100.0
202406,4161053000,2599850.0,100.0
202406,4122059000,258532.0,100.0
202406,4122060000,2785957.0,100.0
202406,4122062000,2667214.0,100.0
202406,4122063000,821665.0,100.0
202406,4122063500,855530.0,100.0
202406,4122064000,1476699.0,100.0
202406,4143052000,3666583.0,100.0
202406,4143053000,81075567.0,100.0
202406,4143054000,60704.0,100.0
202406,4143055000,18252.0,100.0
202406,4143056000,347652.0,100.0
202406,4145051000,6215987.0,100.0
202406,4145052000,59146.0,100.0
202406,4145053000,1663348.0,100.0
202406,4145054000,191838.0,100.0
202406,4163025000,7078835.0,100.0
202406,4163031000,1626125.0,100.0
202406,4163032000,1943137.0,100.0
202406,4125051000,46776620.0,100.0
202406,4125052000,367696.0,100.0
202406,4125053500,187558.0,100.0
202406,4125055000,4452.0,100.0
202406,4125056500,1963783.0,100.0
202406,4125056600,1117418.0,100.0
202406,4125058000,527427.0,100.0
202406,4125060000,91986.0,100.0
202406,4127151000,496954.0,100.0
202406,4127151500,763845.0,100.0
202406,4127152500,1973036.0,100.0
202406,4145055000,2260639.0,100.0
202406,4145056000,940840.0,100.0
202406,4145057000,777354.0,100.0
202406,4145058200,1151763.0,100.0
202406,4145059000,115384606.0,100.0
202406,4145060000,21386.0,100.0
202406,4145061000,764938.0,100.0
202406,4145062000,11223621.0,100.0
202406,4163033000,60795434.0,100.0
202406,4163034000,1145382.0,100.0
202406,4163051000,162914.0,100.0
202406,4163052000,1715106.0,100.0
202406,4163053000,870040.0,100.0
202406,4163054000,1051494.0,100.0
202406,4163055000,459796.0,100.0
202406,4163056000,1419397.0,100.0
202406,4165025000,16595728.0,100.0
202406,4127153200,1813273.0,100.0
202406,4127153700,1175224.0,100.0
202406,4127154000,1601242.0,100.0
202406,4127155000,431922.0,100.0
202406,4127156000,723532.0,100.0
202406,4127157000,512798.0,100.0
202406,4127158000,2066953.0,100.0
202406,4127159000,691547.0,100.0
202406,4127160000,476307.0,100.0
202406,4146125000,20173900.0,100.0
202406,4146125300,5868566.0,100.0
202406,4146125600,8252059.0,100.0
202406,4146132000,2731084.0,100.0
202406,4146134000,2212203.0,100.0
202406,4146135000,5002534.0,100.0
202406,4146136000,8253615.0,100.0
202406,4146151000,1450957.0,100.0
202406,4146152000,1040584.0,100.0
202406,4165031000,5937351.0,100.0
202406,4165032000,1433512.0,100.0
202406,4165033000,1847473.0,100.0
202406,4165034000,17531739.0,100.0
202406,4165035000,111579.0,100.0
202406,4165036000,1505272.0,100.0
202406,4165037000,5992149.0,100.0
202406,4165038000,1017403.0,100.0
202406,4165039000,1731448.0,100.0
202406,4165040000,374276.0,100.0
202406,4127161000,104030.0,100.0
202406,4127351000,1415602.0,100.0
202406,4127352500,480263.0,100.0
202406,4127353200,5940714.0,100.0
202406,4127353500,2150638.0,100.0
202406,4127354500,1129157.0,100.0
202406,4127355500,1779817.0,100.0
202406,4127356500,952399.0,100.0
202406,4127357000,423230987.0,100.0
202406,4127358000,125587.0,100.0
202406,4146153000,832918.0,100.0
202406,4146154000,450498294.0,100.0
202406,4146351000,6372.0,100.0
202406,4146351600,964725.0,100.0
202406,4146351700,454864.0,100.0
202406,4146352000,4953444.0,100.0
202406,4146353000,126200.0,100.0
202406,4146353500,774791.0,100.0
202406,4146354000,121896945.0,100.0
202406,4165041000,639842.0,100.0
202406,4165051000,993361.0,100.0
202406,4165052000,450158.0,100.0
202406,4167025000,4966951.0,100.0
202406,4167031000,39772.0,100.0
202406,4167032000,2546380.0,100.0
202406,4167033000,21600.0,100.0
202406,4167034000,99796350.0,100.0
202406,4167035000,1586401.0,100.0
202406,4167036000,136172.0,100.0
202406,4167037000,11572.0,100.0
202406,4167038000,63278.0,100.0
202406,4115051000,604861.0,100.0
202406,4115052000,347208.0,100.0
202406,4115054500,124450.0,100.0
202406,4115055500,5786.0,100.0
202406,4115056100,517654.0,100.0
202406,4115056700,54075479.0,100.0
202406,4115056800,204015.0,100.0
202406,4115057300,1488189.0,100.0
202406,4127359000,1722198.0,100.0
202406,4127360000,1651390.0,100.0
202406,4127361000,160937.0,100.0
202406,4128151000,198145272.0,100.0
202406,4128152000,88594.0,100.0
202406,4128153000,932555.0,100.0
202406,4128154000,107506.0,100.0
202406,4128155000,74663.0,100.0
202406,4128156000,745351.0,100.0
202406,4128157500,29940.0,100.0
202406,4146355000,661492.0,100.0
202406,4146356000,1081663.0,100.0
202406,4146357000,334358.0,100.0
202406,4146357200,2601332.0,100.0
202406,4146357500,2537030.0,100.0
202406,4146357700,670210.0,100.0
202406,4146358600,672752.0,100.0
202406,4146359000,1572957.0,100.0
202406,4146551000,552439.0,100.0
202406,4146552000,3265330.0,100.0
202406,4167051000,1080506.0,100.0
202406,4167052000,837128.0,100.0
202406,4167053000,567938.0,100.0
202406,4180025000,16861538.0,100.0
202406,4180025300,67329981.0,100.0
202406,4180031000,1576590.0,100.0
202406,4180032000,12567813.0,100.0
202406,4180033000,961972.0,100.0
202406,4180034000,18986.0,100.0
202406,4180035000,312305.0,100.0
202406,4180036000,1421195.0,100.0
202406,4115057600,139768.0,100.0
202406,4115057800,612651.0,100.0
202406,4115058000,310256.0,100.0
202406,4115059500,42754.0,100.0
202406,4115061500,18790.0,100.0
202406,4117151000,93920.0,100.0
202406,4128158000,288396.0,100.0
202406,4128159000,671033.0,100.0
202406,4128160000,166359.0,100.0
202406,4128161000,190467.0,100.0
202406,4128162100,205188.0,100.0
202406,4128162200,145200.0,100.0
202406,4128163000,5600.0,100.0
202406,4128164000,943706.0,100.0
202406,4146553000,1968365.0,100.0
202406,4146554000,1381355.0,100.0
202406,4146555000,345014.0,100.0
202406,4146556000,796402.0,100.0
202406,4146557000,1930834.0,100.0
202406,4146559000,1421364.0,100.0
202406,4148025000,28816517.0,100.0
202406,4180038000,286964.0,100.0
202406,4182025000,33022482.0,100.0
202406,4182031000,5546160.0,100.0
202406,4182032500,15731338.0,100.0
202406,4182033000,1532028.0,100.0
202406,4182034500,2458521.0,100.0
202406,4182035000,2080633.0,100.0
202406,4183025000,122799503.0,100.0
202406,4183031000,5200482.0,100.0
202406,4183032000,3465018.0,100.0
202406,4183033000,16981887.0,100.0
202406,4117155000,997718.0,100.0
202406,4117156000,168490.0,100.0
202406,4117157000,150866.0,100.0
202406,4117159000,846008.0,100.0
202406,4117160000,317222.0,100.0
202406,4128165000,26814.0,100.0
202406,4128166000,416694.0,100.0
202406,4128167000,194108.0,100.0
202406,4128551000,360209.0,100.0
202406,4128552000,379104.0,100.0
202406,4128553000,241804.0,100.0
202406,4128554000,534468.0,100.0
202406,4148025300,363597026.0,100.0
202406,4148025600,5760430.0,100.0
202406,4148026200,13590150.0,100.0
202406,4148031000,5084024.0,100.0
202406,4148032000,21601872.0,100.0
202406,4148035000,9160780.0,100.0
202406,4148036000,33999.0,100.0
202406,4148037000,4548834.0,100.0
202406,4148051000,3069639.0,100.0
202406,4183034000,1846675.0,100.0
202406,4183035000,3351028.0,100.0
202406,4183036000,450698.0,100.0
202406,4183037000,2852326.0,100.0
202406,4183038000,327831.0,100.0
202406,4183039500,7590522.0,100.0
202406,4183040000,44709058.0,100.0
202406,4183041000,1199913.0,100.0
202407,4111156000,426941.0,100.0
202407,4111156600,2041052.0,100.0
202407,4111157100,189018.0,100.0
202406,4117161000,153105.0,100.0
202406,4117163000,327706.0,100.0
202406,4117351000,241779.0,100.0
202406,4117352000,244536415.0,100.0
202406,4117353000,297279.0,100.0
202406,4117354000,506510.0,100.0
202406,4117354600,410868.0,100.0
202406,4117355000,116584.0,100.0
202406,4128555100,346450.0,100.0
202406,4128555200,355605.0,100.0
202406,4128556000,386598.0,100.0
202406,4128558000,35358.0,100.0
202406,4128559000,223026.0,100.0
202406,4128560000,87478.0,100.0
202406,4128751000,433065.0,100.0
202406,4128752000,1405318.0,100.0
202406,4148052000,641238.0,100.0
202406,4148053000,1343936.0,100.0
202406,4148054000,6355843.0,100.0
202406,4148055000,2861645.0,100.0
202406,4148056000,1966787.0,100.0
202406,4148057000,394444.0,100.0
202406,4150025000,8241119.0,100.0
202407,4111157200,387794.0,100.0
202407,4111157300,708499.0,100.0
202407,4111158000,214184.0,100.0
202407,4111159100,440704.0,100.0
202407,4111159700,1103930.0,100.0
202407,4111159800,330622.0,100.0
202407,4111160000,160862.0,100.0
202407,4111353000,565582.0,100.0
202406,4117356000,1397310.0,100.0
202406,4117356600,57972.0,100.0
202406,4117357000,1183877.0,100.0
202406,4117357600,434769.0,100.0
202406,4117357800,141032.0,100.0
202406,4117358000,947174.0,100.0
202406,4117359000,86186.0,100.0
202406,4117360000,197355.0,100.0
202406,4117361000,705830.0,100.0
202406,4117362000,78132.0,100.0
202406,4128754000,402376.0,100.0
202406,4128755000,675857.0,100.0
202406,4128756000,133765.0,100.0
202406,4128757000,531769.0,100.0
202406,4128759000,778388.0,100.0
202406,4129051000,1580938.0,100.0
202406,4150025300,33227325.0,100.0
202406,4150031000,3658283.0,100.0
202406,4150032000,5367283.0,100.0
202406,4150033000,2100803.0,100.0
202406,4150034000,4090901.0,100.0
202406,4150035000,125168585.0,100.0
202406,4150036000,418172.0,100.0
202406,4150037000,661597.0,100.0
202406,4150038000,698770.0,100.0
202406,4150051000,1291171.0,100.0
202406,4150051500,3948570.0,100.0
202407,4111354000,28812.0,100.0
202407,4111355000,896953.0,100.0
202407,4111356000,1001349.0,100.0
202407,4111365000,116140.0,100.0
202407,4111366200,1342011.0,100.0
202407,4111366400,1221949.0,100.0
202407,4111367000,490414.0,100.0
202407,4111368000,900968.0,100.0
202407,4111369000,949150.0,100.0
202406,4119060300,1381836.0,100.0
202406,4119060600,115929983.0,100.0
202406,4119061000,406572.0,100.0
202406,4119074200,4556927.0,100.0
202406,4119074400,3019402.0,100.0
202406,4119074600,967871.0,100.0
202406,4119075000,1028879.0,100.0
202406,4119079500,1025860.0,100.0
202406,4119080000,4159583.0,100.0
202406,4119083000,3881419.0,100.0
202406,4129052000,2494201.0,100.0
202406,4129053000,214186.0,100.0
202406,4129054000,90221222.0,100.0
202406,4129055000,21770.0,100.0
202406,4131051000,9102221.0,100.0
202406,4131052000,1185931.0,100.0
202406,4131053000,150425085.0,100.0
202406,4131054100,276532.0,100.0
202406,4131054200,1456326.0,100.0
202406,4150052000,920732.0,100.0
202406,4150053000,704623.0,100.0
202406,4155025000,41506317.0,100.0
202406,4155031000,59402681.0,100.0
202406,4155032000,5362752.0,100.0
202406,4155033000,1467439.0,100.0
202406,4155034000,5145298.0,100.0
202406,4155035000,11787081.0,100.0
202406,4155036000,6776806.0,100.0
202406,4155038000,5894380.0,100.0
202407,4111565000,178838.0,100.0
202407,4111566000,612254195.0,100.0
202407,4111567000,109700.0,100.0
202407,4111568000,1196345.0,100.0
202407,4111569000,25676.0,100.0
202407,4111570000,583194.0,100.0
202407,4111571000,261715.0,100.0
202407,4111572000,105472.0,100.0
202407,4111573000,1419285.0,100.0
202407,4111574000,1976915.0,100.0
202406,4131057000,1693010.0,100.0
202406,4131058000,1371104.0,100.0
202406,4131059000,2160677.0,100.0
202406,4136025000,43877027.0,100.0
202406,4136025300,45472010.0,100.0
202406,4136025600,44842582.0,100.0
202406,4136025900,7133458.0,100.0
202406,4136026200,20644920.0,100.0
202406,4136026500,5620433.0,100.0
202406,4136031000,7659425.0,100.0
202406,4155039000,7488485.0,100.0
202406,4155040000,11234340.0,100.0
202406,4155041000,1895121.0,100.0
202406,4155042000,2610837.0,100.0
202406,4155051000,556752.0,100.0
202406,4155052000,3141283.0,100.0
202406,4155053000,798176.0,100.0
202407,4111752000,204589.0,100.0
202407,4111753000,420695.0,100.0
202407,4111754000,2070763.0,100.0
202407,4111757000,171432.0,100.0
202407,4111758000,576787.0,100.0
202407,4111758500,929020.0,100.0
202407,4111759300,237934.0,100.0
202407,4111759600,530459.0,100.0
202407,4167052000,892532.0,100.0
202407,4167053000,558674.0,100.0
202407,4180025000,15796018.0,100.0
202407,4180025300,65293860.0,100.0
202407,4180031000,1457376.0,100.0
202407,4180032000,14367377.0,100.0
202407,4180033000,695043.0,100.0
202407,4180034000,16258.0,100.0
202407,4180035000,213882.0,100.0
202407,4180036000,2247462.0,100.0
202407,4180038000,239608.0,100.0
202407,4182025000,34581921.0,100.0
202407,4117155000,1240017.0,100.0
202407,4117156000,353360.0,100.0
202407,4117157000,147224.0,100.0
202407,4117159000,966444.0,100.0
202407,4117160000,432447.0,100.0
202407,4117161000,210476.0,100.0
202407,4117163000,197116.0,100.0
202407,4117351000,288010.0,100.0
202407,4128167000,73458.0,100.0
202407,4128551000,456915.0,100.0
202407,4128552000,583465.0,100.0
202407,4128553000,490412.0,100.0
202407,4128554000,543954.0,100.0
202407,4128555100,485362.0,100.0
202407,4128555200,361669.0,100.0
202407,4128556000,619716.0,100.0
202407,4146556000,772334.0,100.0
202407,4146557000,2278096.0,100.0
202407,4146559000,1517304.0,100.0
202407,4148025000,34796615.0,100.0
202407,4148025300,390805679.0,100.0
202407,4148025600,6729277.0,100.0
202407,4148026200,16533303.0,100.0
202407,4148031000,6481794.0,100.0
202407,4182031000,6919265.0,100.0
202407,4182032500,16591719.0,100.0
202407,4182033000,1356781.0,100.0
202407,4182034500,2937800.0,100.0
202407,4182035000,2356227.0,100.0
202407,4183025000,54208455.0,100.0
202407,4183031000,5287462.0,100.0
202407,4183032000,1765960.0,100.0
202407,4183033000,4776721.0,100.0
202407,4183034000,646737.0,100.0
202407,4183035000,4526752.0,100.0
202407,4117352000,282533520.0,100.0
202407,4117353000,253288.0,100.0
202407,4117354000,575568.0,100.0
202407,4117354600,455244.0,100.0
202407,4117355000,156498.0,100.0
202407,4117356000,1171757.0,100.0
202407,4117356600,108287.0,100.0
202407,4117357000,927506.0,100.0
202407,4117357600,627429.0,100.0
202407,4117357800,32154.0,100.0
202407,4128558000,128026.0,100.0
202407,4128559000,119856.0,100.0
202407,4128560000,105862.0,100.0
202407,4128751000,256398.0,100.0
202407,4128752000,1456635.0,100.0
202407,4128754000,539192.0,100.0
202407,4128755000,911043.0,100.0
202407,4128756000,131247.0,100.0
202407,4148032000,27063194.0,100.0
202407,4148035000,11983215.0,100.0
202407,4148036000,23870.0,100.0
202407,4148037000,6166342.0,100.0
202407,4148051000,5248384.0,100.0
202407,4148052000,838106.0,100.0
202407,4148053000,1197922.0,100.0
202407,4148054000,7790062.0,100.0
202407,4148055000,3737847.0,100.0
202407,4148056000,1191948.0,100.0
202407,4183036000,489148.0,100.0
202407,4183037000,2456618.0,100.0
202407,4183038000,618805.0,100.0
202407,4183039500,4687786.0,100.0
202407,4183040000,18000378.0,100.0
202407,4183041000,1087138.0,100.0
202408,4111156000,436141.0,100.0
202408,4111156600,1707660.0,100.0
202408,4111157100,139316.0,100.0
202408,4111157200,343894.0,100.0
202407,4117358000,1128586.0,100.0
202407,4117359000,82244.0,100.0
202407,4117360000,363469.0,100.0
202407,4117361000,722508.0,100.0
202407,4119060300,1424096.0,100.0
202407,4119060600,126352008.0,100.0
202407,4119061000,454166.0,100.0
202407,4119074200,5041723.0,100.0
202407,4119074400,3199394.0,100.0
202407,4119074600,807511.0,100.0
202407,4119075000,1085839.0,100.0
202407,4119079500,957577.0,100.0
202407,4119080000,3531909.0,100.0
202407,4119083000,4098788.0,100.0
202407,4128757000,521402.0,100.0
202407,4128759000,699212.0,100.0
202407,4129051000,1289224.0,100.0
202407,4129052000,2924586.0,100.0
202407,4129053000,178502.0,100.0
202407,4129054000,101443089.0,100.0
202407,4129055000,5586.0,100.0
202407,4148057000,454011.0,100.0
202407,4150025000,12237031.0,100.0
202407,4150025300,38358467.0,100.0
202407,4150031000,3959641.0,100.0
202407,4150032000,6766442.0,100.0
202407,4150033000,3154203.0,100.0
202407,4150034000,4422658.0,100.0
202408,4111157300,658552.0,100.0
202408,4111158000,273872.0,100.0
202408,4111159100,236914.0,100.0
202408,4111159700,959246.0,100.0
202408,4111159800,176874.0,100.0
202408,4111160000,165012.0,100.0
202408,4111353000,468266.0,100.0
202408,4111354000,43992.0,100.0
202408,4111355000,765947.0,100.0
202407,4129056000,516.0,100.0
202407,4131051000,8892718.0,100.0
202407,4131052000,913354.0,100.0
202407,4131053000,163182780.0,100.0
202407,4131054100,200022.0,100.0
202407,4131054200,1389114.0,100.0
202407,4131057000,1451614.0,100.0
202407,4131058000,1400103.0,100.0
202407,4131059000,1840875.0,100.0
202407,4136025000,49143296.0,100.0
202407,4150035000,145874061.0,100.0
202407,4150036000,640950.0,100.0
202407,4150037000,790553.0,100.0
202407,4150038000,963532.0,100.0
202407,4150051000,1217159.0,100.0
202407,4150051500,3690242.0,100.0
202407,4150052000,1012783.0,100.0
202407,4150053000,852645.0,100.0
202407,4155025000,41072205.0,100.0
202407,4155031000,58854432.0,100.0
202408,4111356000,873835.0,100.0
202408,4111365000,126292.0,100.0
202408,4111366200,1022372.0,100.0
202408,4111366400,1094617.0,100.0
202408,4111367000,385936.0,100.0
202408,4111368000,913062.0,100.0
202408,4111369000,995157.0,100.0
202408,4111565000,92540.0,100.0
202408,4111566000,551816896.0,100.0
202407,4136025300,47703642.0,100.0
202407,4136025600,52094158.0,100.0
202407,4136025900,7158039.0,100.0
202407,4136026200,20358854.0,100.0
202407,4136026500,6805155.0,100.0
202407,4136031000,10009804.0,100.0
202407,4136034000,1935180.0,100.0
202407,4136036000,736024.0,100.0
202407,4136051000,159316152.0,100.0
202407,4136052000,1699176.0,100.0
202407,4155032000,5213598.0,100.0
202407,4155033000,1268026.0,100.0
202407,4155034000,5209704.0,100.0
202407,4155035000,13069366.0,100.0
202407,4155036000,6193528.0,100.0
202407,4155038000,5748877.0,100.0
202407,4155039000,6261691.0,100.0
202407,4155040000,10189670.0,100.0
202407,4155041000,2073025.0,100.0
202407,4155042000,2340563.0,100.0
202407,4155051000,571238.0,100.0
202408,4111567000,120128.0,100.0
202408,4111568000,913902.0,100.0
202408,4111569000,24450.0,100.0
202408,4111570000,585900.0,100.0
202408,4111571000,207443.0,100.0
202408,4111572000,100634.0,100.0
202408,4111573000,1158443.0,100.0
202408,4111574000,1669425.0,100.0
202408,4111752000,459138.0,100.0
202407,4136053000,435892.0,100.0
202407,4136054000,585759.0,100.0
202407,4136054500,4535981.0,100.0
202407,4136056500,464470.0,100.0
202407,4136057000,4114566.0,100.0
202407,4137051000,2014877.0,100.0
202407,4137053000,100079326.0,100.0
202407,4155052000,3062590.0,100.0
202407,4155053000,734073.0,100.0
202408,4111753000,337551.0,100.0
202408,4111754000,1684048.0,100.0
202408,4111757000,141290.0,100.0
202408,4111758000,443534.0,100.0
202408,4111758500,706343.0,100.0
202408,4111759300,150012.0,100.0
202408,4111759600,639228.0,100.0
202408,4111760000,2320475.0,100.0
202407,4121054000,2218.0,100.0
202407,4121055000,3826888.0,100.0
202407,4121056000,324864.0,100.0
202407,4121057000,854786.0,100.0
202407,4121058000,445028.0,100.0
202407,4121059000,79548.0,100.0
202407,4137054000,2605234.0,100.0
202407,4137055000,1165873.0,100.0
202407,4137056000,394906.0,100.0
202407,4137057000,1119042.0,100.0
202407,4159025300,51065494.0,100.0
202407,4159025600,8469524.0,100.0
202407,4159025900,37703628.0,100.0
202407,4159026200,6000090.0,100.0
202408,4111761000,771295.0,100.0
202407,4121060000,159624.0,100.0
202407,4121061000,2868306.0,100.0
202407,4121062000,907514.0,100.0
202407,4121063100,354647537.0,100.0
202407,4121063300,687507.0,100.0
202407,4121063400,833686.0,100.0
202407,4121064000,1756958.0,100.0
202407,4121065000,781047.0,100.0
202407,4159031000,1620502.0,100.0
202407,4159032000,1922438.0,100.0
202407,4159033000,1433947.0,100.0
202407,4159034000,4191765.0,100.0
202407,4159035000,2649560.0,100.0
202407,4159036000,259674393.0,100.0
202407,4159037000,3029025.0,100.0
202407,4159040000,2481876.0,100.0
202407,4159041000,8127885.0,100.0
202407,4159051500,525866.0,100.0
202407,4121066000,8902.0,100.0
202407,4122025000,6536792.0,100.0
202407,4122025300,23335345.0,100.0
202407,4122025600,10791672.0,100.0
202407,4122025900,5167122.0,100.0
202407,4122031000,1525581.0,100.0
202407,4122032000,708707.0,100.0
202407,4122033000,3429312.0,100.0
202407,4122034000,160526296.0,100.0
202407,4122037000,1130473.0,100.0
202407,4141051000,350968.0,100.0
202407,4141052000,218589556.0,100.0
202407,4141054000,899126.0,100.0
202407,4141055000,830446.0,100.0
202407,4141056000,1065952.0,100.0
202407,4141057000,204880.0,100.0
202407,4159052000,772690.0,100.0
202407,4159053000,1503285.0,100.0
202407,4159054000,166326.0,100.0
202407,4159055000,3195527.0,100.0
202407,4159056000,266694.0,100.0
202407,4159057000,983192.0,100.0
202407,4159058500,1044366.0,100.0
202407,4159058600,3153813.0,100.0
202407,4159058700,2709787.0,100.0
202407,4122051000,2331754.0,100.0
202407,4122052000,191334.0,100.0
202407,4122053500,844266.0,100.0
202407,4122055000,190088.0,100.0
202407,4122056000,2995964.0,100.0
202407,4122057000,333866.0,100.0
202407,4122059000,276850.0,100.0
202407,4122060000,2687482.0,100.0
202407,4141058000,943036.0,100.0
202407,4141059000,877590.0,100.0
202407,4141060000,916616.0,100.0
202407,4141061000,1779582.0,100.0
202407,4141062000,3744821.0,100.0
202407,4143051000,79056.0,100.0
202407,4143052000,3204856.0,100.0
202407,4143053000,89633207.0,100.0
202407,4143054000,42224.0,100.0
202407,4143055000,85354.0,100.0
202407,4159058800,221778.0,100.0
202407,4159059000,5180933.0,100.0
202407,4159060000,1367859.0,100.0
202407,4159061000,6478965.0,100.0
202407,4159062000,502842.0,100.0
202407,4161025000,58825899.0,100.0
202407,4161025300,182977101.0,100.0
202407,4122062000,2193881.0,100.0
202407,4122063000,1051975.0,100.0
202407,4122063500,1065308.0,100.0
202407,4122064000,1306890.0,100.0
202407,4125051000,52286319.0,100.0
202407,4125052000,345049.0,100.0
202407,4125053500,265802.0,100.0
202407,4143056000,381766.0,100.0
202407,4145051000,6897624.0,100.0
202407,4145052000,35262.0,100.0
202407,4145053000,1858600.0,100.0
202407,4145054000,274450.0,100.0
202407,4145055000,2283079.0,100.0
202407,4145056000,891450.0,100.0
202407,4145057000,813921.0,100.0
202407,4145058200,207562.0,100.0
202407,4161025900,18782520.0,100.0
202407,4161033000,5177395.0,100.0
202407,4161034000,10879767.0,100.0
202407,4161035000,568804.0,100.0
202407,4161037000,260991.0,100.0
202407,4161051000,1157361.0,100.0
202407,4161052000,4196684.0,100.0
202407,4161053000,2983111.0,100.0
202407,4125056500,1194187.0,100.0
202407,4125056600,914704.0,100.0
202407,4125058000,464337.0,100.0
202407,4125060000,77752.0,100.0
202407,4127151000,716010.0,100.0
202407,4127151500,941195.0,100.0
202407,4127152500,2186615.0,100.0
202407,4127153200,2113122.0,100.0
202407,4127153700,1004380.0,100.0
202407,4127154000,1801939.0,100.0
202407,4145059000,126045085.0,100.0
202407,4145060000,18258.0,100.0
202407,4145061000,765790.0,100.0
202407,4145062000,10636754.0,100.0
202407,4146125000,24412051.0,100.0
202407,4146125300,6895393.0,100.0
202407,4146125600,10255822.0,100.0
202407,4163025000,7380773.0,100.0
202407,4163031000,1959787.0,100.0
202407,4163032000,1771228.0,100.0
202407,4163033000,60322795.0,100.0
202407,4163034000,1798042.0,100.0
202407,4127155000,339730.0,100.0
202407,4127156000,685204.0,100.0
202407,4127157000,441498.0,100.0
202407,4127158000,1964865.0,100.0
202407,4127159000,830595.0,100.0
202407,4127160000,503072.0,100.0
202407,4127161000,115790.0,100.0
202407,4127351000,1422840.0,100.0
202407,4127352500,800090.0,100.0
202407,4127353200,6692227.0,100.0
202407,4146132000,3105884.0,100.0
202407,4146134000,2445316.0,100.0
202407,4146135000,7179964.0,100.0
202407,4146136000,9811246.0,100.0
202407,4146151000,1607105.0,100.0
202407,4146152000,1306313.0,100.0
202407,4146153000,1092809.0,100.0
202407,4146154000,502852504.0,100.0
202407,4146351000,11716.0,100.0
202407,4146351600,1358818.0,100.0
202407,4163051000,201640.0,100.0
202407,4163052000,1725263.0,100.0
202407,4163053000,1071378.0,100.0
202407,4163054000,1086053.0,100.0
202407,4163055000,599856.0,100.0
202407,4163056000,1120335.0,100.0
202407,4165025000,20775041.0,100.0
202407,4165031000,6580778.0,100.0
202407,4127353500,2000928.0,100.0
202407,4127354500,1435744.0,100.0
202407,4127355500,1628593.0,100.0
202407,4127356500,872073.0,100.0
202407,4127357000,437583163.0,100.0
202407,4127358000,120992.0,100.0
202407,4127359000,1890487.0,100.0
202407,4127360000,1938094.0,100.0
202407,4127361000,251940.0,100.0
202407,4128151000,232899460.0,100.0
202407,4146351700,561138.0,100.0
202407,4146352000,5018436.0,100.0
202407,4146353000,156444.0,100.0
202407,4146353500,813172.0,100.0
202407,4146354000,137453221.0,100.0
202407,4146355000,683282.0,100.0
202407,4146356000,1106956.0,100.0
202407,4146357000,414713.0,100.0
202407,4146357200,2748604.0,100.0
202407,4146357500,2142681.0,100.0
202407,4165032000,1625822.0,100.0
202407,4165033000,2038793.0,100.0
202407,4165034000,20907171.0,100.0
202407,4165035000,246902.0,100.0
202407,4165036000,2684497.0,100.0
202407,4165037000,8095576.0,100.0
202407,4165038000,1262289.0,100.0
202407,4165039000,2496523.0,100.0
202407,4165040000,433260.0,100.0
202407,4165041000,995596.0,100.0
202407,4165051000,1264874.0,100.0
202407,4165052000,630319.0,100.0
202407,4115051000,678250.0,100.0
202407,4115052000,302803.0,100.0
202407,4115054500,112344.0,100.0
202407,4115055500,708.0,100.0
202407,4115056100,513009.0,100.0
202407,4115056700,56580202.0,100.0
202407,4115056800,153856.0,100.0
202407,4115057300,1434208.0,100.0
202407,4115057600,79988.0,100.0
202407,4128152000,129664.0,100.0
202407,4128153000,1027647.0,100.0
202407,4128154000,115482.0,100.0
202407,4128155000,119983.0,100.0
202407,4128156000,729908.0,100.0
202407,4128157500,29558.0,100.0
202407,4128158000,353884.0,100.0
202407,4128159000,645848.0,100.0
202407,4128160000,185772.0,100.0
202407,4146357700,1042564.0,100.0
202407,4146358600,634686.0,100.0
202407,4146359000,1193097.0,100.0
202407,4146551000,767432.0,100.0
202407,4146552000,3507911.0,100.0
202407,4146553000,1844624.0,100.0
202407,4146554000,1417326.0,100.0
202407,4146555000,165488.0,100.0
202407,4167025000,5538611.0,100.0
202407,4167031000,75687.0,100.0
202407,4167032000,1752339.0,100.0
202407,4167033000,18966.0,100.0
202407,4167034000,105116490.0,100.0
202407,4167035000,1967968.0,100.0
202407,4167036000,144322.0,100.0
202407,4167037000,16012.0,100.0
202407,4167038000,29096.0,100.0
202407,4167051000,1513607.0,100.0
202407,4115057800,624058.0,100.0
202407,4115058000,359625.0,100.0
202407,4115059500,90314.0,100.0
202407,4115061500,21546.0,100.0
202407,4117151000,225664.0,100.0
202407,4128161000,183057.0,100.0
202407,4128162100,394977.0,100.0
202407,4128162200,170946.0,100.0
202407,4128163000,3508.0,100.0
202407,4128164000,864992.0,100.0
202407,4128165000,29522.0,100.0
202407,4128166000,475701.0,100.0
202407,4111760000,2483479.0,100.0
202407,4111761000,359681.0,100.0
202408,4125058000,590841.0,100.0
202408,4125060000,42566.0,100.0
202408,4127151000,484286.0,100.0
202408,4127151500,805824.0,100.0
202408,4127152500,1753975.0,100.0
202408,4127153200,2041915.0,100.0
202408,4127153700,903778.0,100.0
202408,4127154000,1667253.0,100.0
202408,4127155000,339534.0,100.0
202408,4127156000,567206.0,100.0
202408,4145060000,26580.0,100.0
202408,4145061000,553182.0,100.0
202408,4145062000,10487228.0,100.0
202408,4146125000,17067935.0,100.0
202408,4146125300,5591680.0,100.0
202408,4146125600,8957248.0,100.0
202408,4146132000,2426925.0,100.0
202408,4146134000,1914459.0,100.0
202408,4146135000,4578675.0,100.0
202408,4163055000,513846.0,100.0
202408,4163056000,974190.0,100.0
202408,4165025000,16765252.0,100.0
202408,4165031000,5499000.0,100.0
202408,4165032000,1382140.0,100.0
202408,4165033000,1733381.0,100.0
202408,4165034000,17307398.0,100.0
202408,4165035000,133717.0,100.0
202408,4165036000,1410581.0,100.0
202408,4127157000,458544.0,100.0
202408,4127158000,1789095.0,100.0
202408,4127159000,851335.0,100.0
202408,4127160000,256173.0,100.0
202408,4127161000,86306.0,100.0
202408,4127351000,1049428.0,100.0
202408,4127352500,439585.0,100.0
202408,4127353200,6000708.0,100.0
202408,4127353500,1711956.0,100.0
202408,4146136000,7678936.0,100.0
202408,4146151000,1545958.0,100.0
202408,4146152000,1574996.0,100.0
202408,4146153000,899778.0,100.0
202408,4146154000,433102479.0,100.0
202408,4146351000,5328.0,100.0
202408,4146351600,1262038.0,100.0
202408,4146351700,446894.0,100.0
202408,4165037000,6118009.0,100.0
202408,4165038000,1117585.0,100.0
202408,4165039000,1786763.0,100.0
202408,4165040000,361404.0,100.0
202408,4165041000,629899.0,100.0
202408,4165051000,905864.0,100.0
202408,4165052000,385146.0,100.0
202408,4167025000,4329145.0,100.0
202408,4167031000,56539.0,100.0
202408,4167032000,1110487.0,100.0
202408,4167033000,6064.0,100.0
202408,4115051000,583018.0,100.0
202408,4127354500,1205144.0,100.0
202408,4127355500,1494151.0,100.0
202408,4127356500,647775.0,100.0
202408,4127357000,385419741.0,100.0
202408,4127358000,177244.0,100.0
202408,4127359000,1492859.0,100.0
202408,4127360000,1683344.0,100.0
202408,4127361000,202127.0,100.0
202408,4128151000,222529837.0,100.0
202408,4128152000,73250.0,100.0
202408,4146352000,4610701.0,100.0
202408,4146353000,116052.0,100.0
202408,4146353500,437675.0,100.0
202408,4146354000,115797053.0,100.0
202408,4146355000,1245416.0,100.0
202408,4146356000,276000.0,100.0
202408,4146357000,414389.0,100.0
202408,4146357200,2381208.0,100.0
202408,4146357500,2287023.0,100.0
202408,4146357700,809020.0,100.0
202408,4167034000,81796254.0,100.0
202408,4167035000,1601637.0,100.0
202408,4167036000,73018.0,100.0
202408,4167037000,17088.0,100.0
202408,4167038000,30516.0,100.0
202408,4167051000,1153750.0,100.0
202408,4167052000,618497.0,100.0
202408,4167053000,487472.0,100.0
202408,4180025000,13804815.0,100.0
202408,4180025300,53323576.0,100.0
202408,4180031000,1198566.0,100.0
202408,4115052000,253097.0,100.0
202408,4115054500,99130.0,100.0
202408,4115055500,3740.0,100.0
202408,4115056100,359209.0,100.0
202408,4115056700,49492131.0,100.0
202408,4115056800,150989.0,100.0
202408,4115057300,1231078.0,100.0
202408,4115057600,128834.0,100.0
202408,4115057800,431317.0,100.0
202408,4128153000,773987.0,100.0
202408,4128154000,114257.0,100.0
202408,4128155000,69313.0,100.0
202408,4128156000,473088.0,100.0
202408,4128157500,25070.0,100.0
202408,4128158000,382432.0,100.0
202408,4128159000,551347.0,100.0
202408,4128160000,134419.0,100.0
202408,4128161000,174217.0,100.0
202408,4146358600,710419.0,100.0
202408,4146359000,1065506.0,100.0
202408,4146551000,1428850.0,100.0
202408,4146552000,3359943.0,100.0
202408,4146553000,1785957.0,100.0
202408,4146554000,1105935.0,100.0
202408,4146555000,182634.0,100.0
202408,4146556000,767698.0,100.0
202408,4180032000,12005361.0,100.0
202408,4180033000,528100.0,100.0
202408,4180034000,18862.0,100.0
202408,4180035000,213959.0,100.0
202408,4180036000,1642198.0,100.0
202408,4180038000,150368.0,100.0
202408,4182025000,31924019.0,100.0
202408,4182031000,5457435.0,100.0
202408,4182032500,14475269.0,100.0
202408,4182033000,1456191.0,100.0
202408,4182034500,2295142.0,100.0
202408,4182035000,1911673.0,100.0
202408,4115058000,269256.0,100.0
202408,4115059500,42570.0,100.0
202408,4115061500,13958.0,100.0
202408,4117151000,180864.0,100.0
202408,4117155000,981737.0,100.0
202408,4117156000,310944.0,100.0
202408,4128162100,267023.0,100.0
202408,4128162200,115330.0,100.0
202408,4128163000,13166.0,100.0
202408,4128164000,716641.0,100.0
202408,4128165000,22592.0,100.0
202408,4128166000,432194.0,100.0
202408,4128167000,52198.0,100.0
202408,4128551000,341950.0,100.0
202408,4146557000,2427038.0,100.0
202408,4146559000,1348826.0,100.0
202408,4148025000,28381457.0,100.0
202408,4148025300,337557252.0,100.0
202408,4148025600,7028054.0,100.0
202408,4148026200,13636316.0,100.0
202408,4148031000,4636335.0,100.0
202408,4148032000,11463922.0,100.0
202408,4183025000,40784680.0,100.0
202408,4183031000,4380781.0,100.0
202408,4183032000,1386777.0,100.0
202408,4183033000,3979101.0,100.0
202408,4183034000,436350.0,100.0
202408,4183035000,4193434.0,100.0
202408,4183036000,403188.0,100.0
202408,4183037000,1465951.0,100.0
202408,4183038000,620753.0,100.0
202408,4183039500,2312220.0,100.0
202408,4183040000,14250751.0,100.0
202408,4117157000,141870.0,100.0
202408,4117159000,702936.0,100.0
202408,4117160000,454346.0,100.0
202408,4117161000,163418.0,100.0
202408,4117351000,205431.0,100.0
202408,4117352000,260226541.0,100.0
202408,4128552000,501670.0,100.0
202408,4128553000,370814.0,100.0
202408,4128554000,504597.0,100.0
202408,4128555100,456358.0,100.0
202408,4128555200,402317.0,100.0
202408,4128556000,626840.0,100.0
202408,4128558000,12785.0,100.0
202408,4148035000,9699126.0,100.0
202408,4148036000,34192.0,100.0
202408,4148037000,4699453.0,100.0
202408,4148051000,3605307.0,100.0
202408,4148052000,637998.0,100.0
202408,4148053000,1100514.0,100.0
202408,4148054000,5966141.0,100.0
202408,4148055000,2744391.0,100.0
202408,4148056000,1695806.0,100.0
202408,4148057000,430159.0,100.0
202408,4183041000,865261.0,100.0
202409,4111156000,216932.0,100.0
202409,4111156600,1767088.0,100.0
202409,4111157100,212338.0,100.0
202409,4111157200,376444.0,100.0
202409,4111157300,914501.0,100.0
202409,4111158000,260729.0,100.0
202409,4111159100,171190.0,100.0
202409,4111159700,1375152.0,100.0
202409,4111159800,332832.0,100.0
202408,4117353000,242449.0,100.0
202408,4117354000,525566.0,100.0
202408,4117354600,304434.0,100.0
202408,4117355000,147110.0,100.0
202408,4117356000,916255.0,100.0
202408,4117356600,49824.0,100.0
202408,4117357000,1106372.0,100.0
202408,4117357600,505404.0,100.0
202408,4117358000,1082614.0,100.0
202408,4128559000,101482.0,100.0
202408,4128560000,82056.0,100.0
202408,4128751000,157411.0,100.0
202408,4128752000,1433221.0,100.0
202408,4128754000,631182.0,100.0
202408,4128755000,937941.0,100.0
202408,4128756000,170140.0,100.0
202408,4128757000,432305.0,100.0
202408,4150025000,8420863.0,100.0
202408,4150025300,34476017.0,100.0
202408,4150031000,3048652.0,100.0
202408,4150032000,4914372.0,100.0
202408,4150033000,2188314.0,100.0
202408,4150034000,3898661.0,100.0
202408,4150035000,114738856.0,100.0
202409,4111160000,213960.0,100.0
202409,4111353000,540140.0,100.0
202409,4111354000,39658.0,100.0
202409,4111355000,955760.0,100.0
202409,4111356000,1025920.0,100.0
202409,4111365000,48920.0,100.0
202409,4111366200,1529875.0,100.0
202409,4111366400,1146683.0,100.0
202408,4117359000,150614.0,100.0
202408,4117360000,370904.0,100.0
202408,4117361000,659204.0,100.0
202408,4117362000,3224.0,100.0
202408,4119060300,1137196.0,100.0
202408,4119060600,118057070.0,100.0
202408,4119061000,616674.0,100.0
202408,4119074200,4706021.0,100.0
202408,4119074400,2622345.0,100.0
202408,4119074600,756504.0,100.0
202408,4119075000,1052890.0,100.0
202408,4119079500,893401.0,100.0
202408,4119080000,3455105.0,100.0
202408,4119083000,3514505.0,100.0
202408,4128759000,659419.0,100.0
202408,4129051000,1160347.0,100.0
202408,4129052000,3620317.0,100.0
202408,4129053000,295458.0,100.0
202408,4129054000,86848032.0,100.0
202408,4129055000,15586.0,100.0
202408,4129056000,3908.0,100.0
202408,4131051000,6977670.0,100.0
202408,4150036000,399141.0,100.0
202408,4150037000,462747.0,100.0
202408,4150038000,658552.0,100.0
202408,4150051000,1036057.0,100.0
202408,4150051500,3142152.0,100.0
202408,4150052000,717649.0,100.0
202408,4150053000,731669.0,100.0
202408,4155025000,35391394.0,100.0
202408,4155031000,48149512.0,100.0
202408,4155032000,5081746.0,100.0
202409,4111367000,463380.0,100.0
202409,4111368000,2481720.0,100.0
202409,4111369000,1123601.0,100.0
202409,4111370000,4400.0,100.0
202409,4111565000,173506.0,100.0
202409,4111566000,709745598.0,100.0
202409,4111567000,163544.0,100.0
202409,4111568000,884699.0,100.0
202409,4111569000,54266.0,100.0
202409,4111570000,1513569.0,100.0
202408,4131052000,1086935.0,100.0
202408,4131053000,135336814.0,100.0
202408,4131054100,264483.0,100.0
202408,4131054200,1698857.0,100.0
202408,4131057000,1090378.0,100.0
202408,4131058000,1272719.0,100.0
202408,4131059000,1785173.0,100.0
202408,4136025000,44458321.0,100.0
202408,4136025300,41389082.0,100.0
202408,4155033000,1856018.0,100.0
202408,4155034000,4055384.0,100.0
202408,4155035000,10671406.0,100.0
202408,4155036000,5231570.0,100.0
202408,4155038000,5323785.0,100.0
202408,4155039000,4393800.0,100.0
202408,4155040000,8416572.0,100.0
202408,4155041000,2228988.0,100.0
202408,4155042000,1393874.0,100.0
202408,4155051000,526490.0,100.0
202408,4155052000,2153724.0,100.0
202409,4111571000,364285.0,100.0
202409,4111572000,124512.0,100.0
202409,4111573000,952171.0,100.0
202409,4111574000,3185817.0,100.0
202409,4111752000,481799.0,100.0
202409,4111753000,453545.0,100.0
202409,4111754000,2909859.0,100.0
202409,4111757000,181580.0,100.0
202408,4136025600,44961981.0,100.0
202408,4136025900,7245266.0,100.0
202408,4136026200,19203107.0,100.0
202408,4136026500,6070641.0,100.0
202408,4136031000,8447781.0,100.0
202408,4136034000,1548298.0,100.0
202408,4136036000,686028.0,100.0
202408,4136051000,143739019.0,100.0
202408,4136052000,1304032.0,100.0
202408,4136053000,481618.0,100.0
202408,4155053000,907032.0,100.0
202409,4111758000,515128.0,100.0
202409,4111758500,928928.0,100.0
202409,4111759300,249554.0,100.0
202409,4111759600,547999.0,100.0
202409,4111760000,1956067.0,100.0
202409,4111761000,634363.0,100.0
202408,4136054000,502024.0,100.0
202408,4136054500,4234640.0,100.0
202408,4136056500,401702.0,100.0
202408,4136057000,3180395.0,100.0
202408,4137051000,1951316.0,100.0
202408,4137053000,85284314.0,100.0
202408,4137054000,2211360.0,100.0
202408,4159025300,44310316.0,100.0
202408,4159025600,7034756.0,100.0
202408,4159025900,31944209.0,100.0
202408,4159026200,4950022.0,100.0
202408,4121054000,11534.0,100.0
202408,4121055000,3149910.0,100.0
202408,4121056000,313406.0,100.0
202408,4121057000,256334.0,100.0
202408,4121058000,831586.0,100.0
202408,4121059000,37508.0,100.0
202408,4121060000,37831.0,100.0
202408,4121061000,2259536.0,100.0
202408,4137055000,1029017.0,100.0
202408,4137056000,309278.0,100.0
202408,4137057000,749136.0,100.0
202408,4159031000,1031404.0,100.0
202408,4159032000,1222548.0,100.0
202408,4159033000,1169999.0,100.0
202408,4159034000,3194204.0,100.0
202408,4159035000,3464915.0,100.0
202408,4159036000,220004726.0,100.0
202408,4159037000,2653149.0,100.0
202408,4159040000,2047381.0,100.0
202408,4159041000,6114896.0,100.0
202408,4159051500,573918.0,100.0
202408,4159052000,984923.0,100.0
202408,4121062000,724976.0,100.0
202408,4121063100,328467790.0,100.0
202408,4121063300,795681.0,100.0
202408,4121063400,790420.0,100.0
202408,4121064000,2224882.0,100.0
202408,4121065000,830893.0,100.0
202408,4121066000,40082.0,100.0
202408,4122025000,5237256.0,100.0
202408,4159053000,1150180.0,100.0
202408,4159054000,203866.0,100.0
202408,4159055000,2570265.0,100.0
202408,4159056000,252856.0,100.0
202408,4159057000,1046079.0,100.0
202408,4159058500,998928.0,100.0
202408,4159058600,3000765.0,100.0
202408,4159058700,3119913.0,100.0
202408,4159058800,134270.0,100.0
202408,4122025300,19405791.0,100.0
202408,4122025600,9269077.0,100.0
202408,4122025900,4648339.0,100.0
202408,4122031000,1252260.0,100.0
202408,4122032000,485549.0,100.0
202408,4122033000,3131853.0,100.0
202408,4122034000,136715017.0,100.0
202408,4122037000,744517.0,100.0
202408,4122051000,2021339.0,100.0
202408,4122052000,146686.0,100.0
202408,4141051000,237062.0,100.0
202408,4141052000,195275065.0,100.0
202408,4141054000,952604.0,100.0
202408,4141055000,737618.0,100.0
202408,4141056000,920930.0,100.0
202408,4141057000,226389.0,100.0
202408,4141058000,831636.0,100.0
202408,4159059000,4836493.0,100.0
202408,4159060000,1490464.0,100.0
202408,4159061000,5079111.0,100.0
202408,4159062000,836528.0,100.0
202408,4161025000,50472605.0,100.0
202408,4161025300,156250239.0,100.0
202408,4161025900,14979958.0,100.0
202408,4161033000,4296981.0,100.0
202408,4161034000,8934823.0,100.0
202408,4161035000,368694.0,100.0
202408,4122053500,550778.0,100.0
202408,4122055000,151260.0,100.0
202408,4122056000,2515456.0,100.0
202408,4122057000,312622.0,100.0
202408,4122059000,179488.0,100.0
202408,4122060000,2302273.0,100.0
202408,4122062000,1853747.0,100.0
202408,4122063000,780454.0,100.0
202408,4141059000,662853.0,100.0
202408,4141060000,828081.0,100.0
202408,4141061000,1800197.0,100.0
202408,4141062000,3303139.0,100.0
202408,4143051000,110824.0,100.0
202408,4143052000,3426416.0,100.0
202408,4143053000,87450858.0,100.0
202408,4143054000,63024.0,100.0
202408,4143055000,318166.0,100.0
202408,4143056000,325900.0,100.0
202408,4161037000,223706.0,100.0
202408,4161051000,1177577.0,100.0
202408,4161052000,3859018.0,100.0
202408,4161053000,3226638.0,100.0
202409,4115051000,1446851.0,100.0
202409,4115052000,578263.0,100.0
202409,4115054500,194090.0,100.0
202409,4115056100,557244.0,100.0
202408,4122063500,843108.0,100.0
202408,4122064000,820634.0,100.0
202408,4125051000,41637214.0,100.0
202408,4125052000,396366.0,100.0
202408,4125053500,208054.0,100.0
202408,4125056500,778924.0,100.0
202408,4125056600,875988.0,100.0
202408,4145051000,6012704.0,100.0
202408,4145052000,9070.0,100.0
202408,4145053000,1673255.0,100.0
202408,4145054000,155921.0,100.0
202408,4145055000,2504666.0,100.0
202408,4145056000,906588.0,100.0
202408,4145057000,793085.0,100.0
202408,4145058200,145896.0,100.0
202408,4145059000,107148106.0,100.0
202408,4163025000,7112901.0,100.0
202408,4163031000,1599465.0,100.0
202408,4163032000,1586796.0,100.0
202408,4163033000,50828992.0,100.0
202408,4163034000,1377825.0,100.0
202408,4163051000,90278.0,100.0
202408,4163052000,1256398.0,100.0
202408,4163053000,760355.0,100.0
202408,4163054000,718799.0,100.0
202409,4115056700,89438063.0,100.0
202409,4115056800,307834.0,100.0
202409,4115057300,2002615.0,100.0
202409,4115057600,154306.0,100.0
202409,4115057800,890431.0,100.0
202409,4115058000,479706.0,100.0
202409,4115059500,69590.0,100.0
202409,4115061500,40644.0,100.0
202409,4117151000,170742.0,100.0
202410,4111758000,509197.0,100.0
202410,4111758500,624629.0,100.0
202410,4111759300,202592.0,100.0
202410,4111759600,315740.0,100.0
202410,4111760000,1549369.0,100.0
202410,4111761000,325101.0,100.0
202409,4121056000,287866.0,100.0
202409,4121057000,215172.0,100.0
202409,4121058000,736726.0,100.0
202409,4121059000,46440.0,100.0
202409,4121060000,39346.0,100.0
202409,4121061000,3481849.0,100.0
202409,4121062000,880296.0,100.0
202409,4121063100,444453624.0,100.0
202409,4121063300,1027908.0,100.0
202409,4121063400,998190.0,100.0
202409,4137055000,1031639.0,100.0
202409,4137056000,330774.0,100.0
202409,4137057000,719597.0,100.0
202409,4159025300,55012015.0,100.0
202409,4159025600,8295753.0,100.0
202409,4159025900,38218084.0,100.0
202409,4159026200,6288855.0,100.0
202409,4159031000,1606477.0,100.0
202409,4121064000,1916588.0,100.0
202409,4121065000,1014229.0,100.0
202409,4121066000,1386.0,100.0
202409,4122025000,6218361.0,100.0
202409,4122025300,25026971.0,100.0
202409,4122025600,10178996.0,100.0
202409,4122025900,5799567.0,100.0
202409,4122031000,1215438.0,100.0
202409,4159032000,1591737.0,100.0
202409,4159033000,1255218.0,100.0
202409,4159034000,4481058.0,100.0
202409,4159035000,6933511.0,100.0
202409,4159036000,246946626.0,100.0
202409,4159037000,3071840.0,100.0
202409,4159040000,1838708.0,100.0
202409,4159041000,7889625.0,100.0
202409,4159051500,656581.0,100.0
202409,4159052000,751706.0,100.0
202409,4122032000,536430.0,100.0
202409,4122033000,3041891.0,100.0
202409,4122034000,192666735.0,100.0
202409,4122037000,1000337.0,100.0
202409,4122051000,3336617.0,100.0
202409,4122052000,170896.0,100.0
202409,4122053500,713594.0,100.0
202409,4122055000,168662.0,100.0
202409,4122056000,3262714.0,100.0
202409,4122057000,377455.0,100.0
202409,4141051000,334778.0,100.0
202409,4141052000,258556724.0,100.0
202409,4141054000,1196464.0,100.0
202409,4141055000,858418.0,100.0
202409,4141056000,1406147.0,100.0
202409,4141057000,285600.0,100.0
202409,4141058000,1383376.0,100.0
202409,4141059000,550013.0,100.0
202409,4141060000,855770.0,100.0
202409,4159053000,1588056.0,100.0
202409,4159054000,284404.0,100.0
202409,4159055000,3295057.0,100.0
202409,4159056000,315634.0,100.0
202409,4159057000,912883.0,100.0
202409,4159058500,1101662.0,100.0
202409,4159058600,3207134.0,100.0
202409,4159058700,2243622.0,100.0
202409,4159058800,369358.0,100.0
202409,4159059000,5186922.0,100.0
202409,4122059000,188979.0,100.0
202409,4122060000,5232179.0,100.0
202409,4122062000,2333455.0,100.0
202409,4122063000,673795.0,100.0
202409,4122063500,744302.0,100.0
202409,4122064000,1220647.0,100.0
202409,4141061000,2006453.0,100.0
202409,4141062000,4721222.0,100.0
202409,4143051000,118478.0,100.0
202409,4143052000,4933036.0,100.0
202409,4143053000,107411434.0,100.0
202409,4143054000,64804.0,100.0
202409,4143055000,273772.0,100.0
202409,4143056000,379067.0,100.0
202409,4145051000,7133468.0,100.0
202409,4159060000,1335707.0,100.0
202409,4159061000,7049955.0,100.0
202409,4159062000,823388.0,100.0
202409,4161025000,62955140.0,100.0
202409,4161025300,203566826.0,100.0
202409,4161025900,19124872.0,100.0
202409,4161033000,4855043.0,100.0
202409,4161034000,10968165.0,100.0
202409,4161035000,372892.0,100.0
202409,4161037000,253396.0,100.0
202409,4125051000,62900007.0,100.0
202409,4125052000,510310.0,100.0
202409,4125053500,383844.0,100.0
202409,4125056500,1086094.0,100.0
202409,4125056600,1029920.0,100.0
202409,4125058000,644525.0,100.0
202409,4125060000,15624.0,100.0
202409,4127151000,538234.0,100.0
202409,4127151500,838803.0,100.0
202409,4145052000,70452.0,100.0
202409,4145053000,2366061.0,100.0
202409,4145054000,513520.0,100.0
202409,4145055000,2928588.0,100.0
202409,4145056000,1050576.0,100.0
202409,4145057000,897140.0,100.0
202409,4145058200,156036.0,100.0
202409,4145059000,137543682.0,100.0
202409,4145060000,66572.0,100.0
202409,4161051000,1472177.0,100.0
202409,4161052000,4310593.0,100.0
202409,4161053000,3206037.0,100.0
202410,4115051000,896684.0,100.0
202410,4115052000,418243.0,100.0
202410,4115054500,140446.0,100.0
202410,4115055500,3986.0,100.0
202410,4115056100,463120.0,100.0
202410,4115056700,69976061.0,100.0
202409,4127152500,2205727.0,100.0
202409,4127153200,3330931.0,100.0
202409,4127153700,1101556.0,100.0
202409,4127154000,1881150.0,100.0
202409,4127155000,373678.0,100.0
202409,4127156000,810456.0,100.0
202409,4127157000,557704.0,100.0
202409,4127158000,2711749.0,100.0
202409,4127159000,945132.0,100.0
202409,4127160000,621545.0,100.0
202409,4145061000,633348.0,100.0
202409,4145062000,9720195.0,100.0
202409,4146125000,16766477.0,100.0
202409,4146125300,5628360.0,100.0
202409,4146125600,10929721.0,100.0
202409,4146132000,2247137.0,100.0
202409,4146134000,2236366.0,100.0
202409,4146135000,4193839.0,100.0
202409,4163025000,6724558.0,100.0
202409,4163031000,1589640.0,100.0
202409,4163032000,1723888.0,100.0
202409,4163033000,56385904.0,100.0
202409,4163034000,1374276.0,100.0
202409,4163051000,213904.0,100.0
202409,4163052000,1771879.0,100.0
202409,4163053000,890993.0,100.0
202409,4163054000,871390.0,100.0
202409,4163055000,566250.0,100.0
202410,4115056800,317608.0,100.0
202410,4115057300,1299693.0,100.0
202410,4115057600,117182.0,100.0
202410,4115057800,462202.0,100.0
202410,4115058000,300218.0,100.0
202410,4115059500,83222.0,100.0
202410,4115061500,30139.0,100.0
202410,4117151000,82734.0,100.0
202409,4127161000,139198.0,100.0
202409,4127351000,1708714.0,100.0
202409,4127352500,410077.0,100.0
202409,4127353200,6701167.0,100.0
202409,4127353500,2432300.0,100.0
202409,4127354500,1356244.0,100.0
202409,4127355500,1647659.0,100.0
202409,4127356500,894742.0,100.0
202409,4127357000,544111184.0,100.0
202409,4127358000,112832.0,100.0
202409,4146136000,8206403.0,100.0
202409,4146151000,1819881.0,100.0
202409,4146152000,1469805.0,100.0
202409,4146153000,1218835.0,100.0
202409,4146154000,431725070.0,100.0
202409,4146351000,5106.0,100.0
202409,4146351600,1175079.0,100.0
202409,4146351700,506948.0,100.0
202409,4146352000,3515801.0,100.0
202409,4163056000,1002512.0,100.0
202409,4165025000,21289088.0,100.0
202409,4165031000,7820568.0,100.0
202409,4165032000,1486504.0,100.0
202409,4165033000,2245325.0,100.0
202409,4165034000,21180388.0,100.0
202409,4165035000,293150.0,100.0
202409,4165036000,1345380.0,100.0
202409,4165037000,7381407.0,100.0
202410,4117155000,727053.0,100.0
202410,4117156000,229164.0,100.0
202410,4117157000,125482.0,100.0
202410,4117159000,541010.0,100.0
202410,4117160000,312045.0,100.0
202409,4127359000,1953531.0,100.0
202409,4127360000,2050850.0,100.0
202409,4127361000,607719.0,100.0
202409,4128151000,312663814.0,100.0
202409,4128152000,128094.0,100.0
202409,4128153000,725527.0,100.0
202409,4128154000,321572.0,100.0
202409,4128155000,109318.0,100.0
202409,4128156000,813923.0,100.0
202409,4128157500,62946.0,100.0
202409,4146353000,106382.0,100.0
202409,4146353500,643824.0,100.0
202409,4146354000,116661365.0,100.0
202409,4146355000,790906.0,100.0
202409,4146356000,313064.0,100.0
202409,4146357000,402186.0,100.0
202409,4146357200,2903692.0,100.0
202409,4146357500,2121311.0,100.0
202409,4146357700,847748.0,100.0
202409,4146358600,589027.0,100.0
202409,4165038000,913818.0,100.0
202409,4165039000,2443268.0,100.0
202409,4165040000,401134.0,100.0
202409,4165041000,832795.0,100.0
202409,4165051000,1581524.0,100.0
202409,4165052000,473527.0,100.0
202409,4167025000,4656088.0,100.0
202409,4167031000,65998.0,100.0
202409,4167032000,1938138.0,100.0
202409,4167033000,45732.0,100.0
202409,4167034000,124948991.0,100.0
202410,4117161000,94282.0,100.0
202410,4117351000,354934.0,100.0
202410,4117352000,203102361.0,100.0
202410,4117353000,194799.0,100.0
202410,4117354000,317302.0,100.0
202410,4117354600,348914.0,100.0
202410,4117355000,113094.0,100.0
202409,4128158000,345768.0,100.0
202409,4128159000,906720.0,100.0
202409,4128160000,209640.0,100.0
202409,4128161000,237294.0,100.0
202409,4128162100,457299.0,100.0
202409,4128162200,144266.0,100.0
202409,4128163000,7186.0,100.0
202409,4128164000,1165465.0,100.0
202409,4146359000,1175090.0,100.0
202409,4146551000,652759.0,100.0
202409,4146552000,2803547.0,100.0
202409,4146553000,1749469.0,100.0
202409,4146554000,928230.0,100.0
202409,4146555000,149926.0,100.0
202409,4146556000,764782.0,100.0
202409,4146557000,2320768.0,100.0
202409,4167035000,1840237.0,100.0
202409,4167036000,106440.0,100.0
202409,4167037000,666.0,100.0
202409,4167038000,37078.0,100.0
202409,4167051000,1580500.0,100.0
202409,4167052000,723069.0,100.0
202409,4167053000,525580.0,100.0
202409,4180025000,15450286.0,100.0
202409,4180025300,60223702.0,100.0
202409,4180031000,1381803.0,100.0
202409,4180032000,15151536.0,100.0
202410,4117356000,766720.0,100.0
202410,4117356600,58322.0,100.0
202410,4117357000,990321.0,100.0
202410,4117357600,353076.0,100.0
202410,4117358000,724534.0,100.0
202410,4117359000,31980.0,100.0
202410,4117360000,155604.0,100.0
202410,4117361000,456178.0,100.0
202410,4117362000,42708.0,100.0
202409,4128165000,44844.0,100.0
202409,4128166000,621172.0,100.0
202409,4128167000,64880.0,100.0
202409,4128551000,786881.0,100.0
202409,4128552000,717488.0,100.0
202409,4128553000,289995.0,100.0
202409,4128554000,718039.0,100.0
202409,4146559000,1224544.0,100.0
202409,4148025000,36475702.0,100.0
202409,4148025300,405158013.0,100.0
202409,4148025600,5361316.0,100.0
202409,4148026200,18966841.0,100.0
202409,4148031000,5428551.0,100.0
202409,4148032000,12632291.0,100.0
202409,4148035000,12560572.0,100.0
202409,4180033000,709548.0,100.0
202409,4180034000,30172.0,100.0
202409,4180035000,128838.0,100.0
202409,4180036000,1643116.0,100.0
202409,4180038000,90610.0,100.0
202409,4182025000,36068296.0,100.0
202409,4182031000,5949511.0,100.0
202409,4182032500,17797947.0,100.0
202409,4182033000,1917265.0,100.0
202409,4182034500,2946031.0,100.0
202409,4182035000,2413681.0,100.0
202409,4183025000,58505687.0,100.0
202409,4117161000,175306.0,100.0
202409,4117351000,323979.0,100.0
202409,4117352000,297087562.0,100.0
202409,4117353000,380025.0,100.0
202409,4117354000,540408.0,100.0
202409,4117354600,563404.0,100.0
202409,4117355000,229858.0,100.0
202409,4128555100,462200.0,100.0
202409,4128555200,450267.0,100.0
202409,4128556000,578880.0,100.0
202409,4128558000,58919.0,100.0
202409,4128559000,232610.0,100.0
202409,4128560000,174878.0,100.0
202409,4128751000,348744.0,100.0
202409,4128752000,1848470.0,100.0
202409,4148036000,151065.0,100.0
202409,4148037000,6329767.0,100.0
202409,4148051000,4107583.0,100.0
202409,4148052000,628850.0,100.0
202409,4148053000,1173026.0,100.0
202409,4148054000,6914362.0,100.0
202409,4148055000,3700708.0,100.0
202409,4148056000,1818506.0,100.0
202409,4148057000,443995.0,100.0
202409,4183031000,6383689.0,100.0
202409,4183032000,1752896.0,100.0
202409,4183033000,5131817.0,100.0
202409,4183034000,515642.0,100.0
202409,4183035000,5950388.0,100.0
202409,4183036000,373934.0,100.0
202409,4183037000,1145258.0,100.0
202409,4183038000,688538.0,100.0
202409,4183039500,1839635.0,100.0
202409,4183040000,18390906.0,100.0
202409,4183041000,1045828.0,100.0
202409,4117356000,1144404.0,100.0
202409,4117356600,56273.0,100.0
202409,4117357000,1726392.0,100.0
202409,4117357600,465574.0,100.0
202409,4117358000,1263292.0,100.0
202409,4117359000,56104.0,100.0
202409,4117360000,321164.0,100.0
202409,4117361000,620448.0,100.0
202409,4117362000,192666.0,100.0
202409,4128754000,772687.0,100.0
202409,4128755000,888463.0,100.0
202409,4128756000,290639.0,100.0
202409,4128757000,509347.0,100.0
202409,4128758000,31106.0,100.0
202409,4128759000,1250964.0,100.0
202409,4129051000,1783026.0,100.0
202409,4150025000,10150638.0,100.0
202409,4150025300,57265120.0,100.0
202409,4150031000,3922861.0,100.0
202409,4150032000,6991734.0,100.0
202409,4150033000,2472821.0,100.0
202409,4150034000,4838298.0,100.0
202409,4150035000,165196111.0,100.0
202409,4150036000,443105.0,100.0
202410,4111156000,345212.0,100.0
202410,4111156600,1630997.0,100.0
202410,4111157100,154890.0,100.0
202410,4111157200,250568.0,100.0
202410,4111157300,610342.0,100.0
202410,4111158000,203325.0,100.0
202410,4111159100,207870.0,100.0
202410,4111159700,815095.0,100.0
202410,4111159800,127504.0,100.0
202409,4119060300,1326748.0,100.0
202409,4119060600,183366049.0,100.0
202409,4119061000,527798.0,100.0
202409,4119074200,6445635.0,100.0
202409,4119074400,2591275.0,100.0
202409,4119074600,1368578.0,100.0
202409,4119075000,1127214.0,100.0
202409,4119079500,1494861.0,100.0
202409,4119080000,4609629.0,100.0
202409,4119083000,4863890.0,100.0
202409,4129052000,4215994.0,100.0
202409,4129053000,226666.0,100.0
202409,4129054000,119479643.0,100.0
202409,4129055000,10106.0,100.0
202409,4129056000,1720.0,100.0
202409,4131051000,9845562.0,100.0
202409,4131052000,1846743.0,100.0
202409,4131053000,209956847.0,100.0
202409,4131054100,478045.0,100.0
202409,4131054200,2454493.0,100.0
202409,4150037000,567238.0,100.0
202409,4150038000,699254.0,100.0
202409,4150051000,1063604.0,100.0
202409,4150051500,3921836.0,100.0
202409,4150052000,925720.0,100.0
202409,4150053000,761949.0,100.0
202409,4155025000,48148477.0,100.0
202409,4155031000,65940986.0,100.0
202409,4155032000,5480199.0,100.0
202409,4155033000,3769143.0,100.0
202410,4111160000,144974.0,100.0
202410,4111353000,502776.0,100.0
202410,4111354000,27426.0,100.0
202410,4111355000,787704.0,100.0
202410,4111356000,806529.0,100.0
202410,4111365000,53456.0,100.0
202410,4111366200,1192764.0,100.0
202410,4111366400,1035418.0,100.0
202410,4111367000,351696.0,100.0
202409,4131057000,1587290.0,100.0
202409,4131058000,1925005.0,100.0
202409,4131059000,1903750.0,100.0
202409,4136025000,55767974.0,100.0
202409,4136025300,58125693.0,100.0
202409,4136025600,60996414.0,100.0
202409,4136025900,8104037.0,100.0
202409,4136026200,25996297.0,100.0
202409,4136026500,9625047.0,100.0
202409,4155034000,5369683.0,100.0
202409,4155035000,17447722.0,100.0
202409,4155036000,6811051.0,100.0
202409,4155038000,6430617.0,100.0
202409,4155039000,5644289.0,100.0
202409,4155040000,9157027.0,100.0
202409,4155041000,2809815.0,100.0
202409,4155042000,1589431.0,100.0
202409,4155051000,885526.0,100.0
202409,4155052000,3629156.0,100.0
202409,4155053000,1021933.0,100.0
202410,4111368000,899663.0,100.0
202410,4111369000,1051804.0,100.0
202410,4111370000,3740.0,100.0
202410,4111565000,234332.0,100.0
202410,4111566000,515091204.0,100.0
202410,4111567000,518086.0,100.0
202410,4111568000,775097.0,100.0
202410,4111569000,31936.0,100.0
202410,4111570000,950940.0,100.0
202410,4111571000,224365.0,100.0
202409,4136031000,11449921.0,100.0
202409,4136034000,2109296.0,100.0
202409,4136036000,1180748.0,100.0
202409,4136051000,187599854.0,100.0
202409,4136052000,1439056.0,100.0
202409,4136053000,851349.0,100.0
202409,4136054000,575964.0,100.0
202410,4111572000,152224.0,100.0
202410,4111573000,856382.0,100.0
202410,4111574000,1821140.0,100.0
202410,4111752000,202193.0,100.0
202410,4111753000,334327.0,100.0
202410,4111754000,1665935.0,100.0
202410,4111757000,181906.0,100.0
202409,4121054000,6426.0,100.0
202409,4121055000,4485288.0,100.0
202409,4136054500,5612255.0,100.0
202409,4136056500,360764.0,100.0
202409,4136057000,4360385.0,100.0
202409,4137051000,1962396.0,100.0
202409,4137053000,118966235.0,100.0
202409,4137054000,2083456.0,100.0
202409,4117155000,883842.0,100.0
202409,4117156000,317144.0,100.0
202409,4117157000,156826.0,100.0
202409,4117159000,829642.0,100.0
202409,4117160000,454189.0,100.0
202410,4128754000,613914.0,100.0
202410,4128755000,710871.0,100.0
202410,4128756000,143198.0,100.0
202410,4128757000,443314.0,100.0
202410,4128758000,248804.0,100.0
202410,4128759000,749236.0,100.0
202410,4129051000,919921.0,100.0
202410,4150025300,42988562.0,100.0
202410,4150031000,3304463.0,100.0
202410,4150032000,5088983.0,100.0
202410,4150033000,2117222.0,100.0
202410,4150034000,4290821.0,100.0
202410,4150035000,139447185.0,100.0
202410,4150036000,440225.0,100.0
202410,4150037000,402845.0,100.0
202410,4150038000,434542.0,100.0
202410,4150051000,1016085.0,100.0
202411,4111354000,22732.0,100.0
202411,4111355000,777528.0,100.0
202411,4111356000,911732.0,100.0
202411,4111365000,38280.0,100.0
202411,4111366200,1388320.0,100.0
202411,4111366400,1043786.0,100.0
202411,4111367000,387110.0,100.0
202411,4111368000,1096686.0,100.0
202411,4111369000,946843.0,100.0
202410,4119060300,1094204.0,100.0
202410,4119060600,131256152.0,100.0
202410,4119061000,617054.0,100.0
202410,4119074200,3953641.0,100.0
202410,4119074400,2277497.0,100.0
202410,4119074600,804213.0,100.0
202410,4119075000,897198.0,100.0
202410,4119079500,701779.0,100.0
202410,4119080000,3046700.0,100.0
202410,4119083000,3187426.0,100.0
202410,4129052000,3369865.0,100.0
202410,4129053000,358682.0,100.0
202410,4129054000,85477397.0,100.0
202410,4129055000,35302.0,100.0
202410,4129056000,1508.0,100.0
202410,4131051000,7616220.0,100.0
202410,4131052000,1293636.0,100.0
202410,4131053000,151575600.0,100.0
202410,4131054100,108922.0,100.0
202410,4131054200,1772085.0,100.0
202410,4150051500,3786030.0,100.0
202410,4150052000,719104.0,100.0
202410,4150053000,696693.0,100.0
202410,4155025000,38612856.0,100.0
202410,4155031000,47769961.0,100.0
202410,4155032000,3859764.0,100.0
202410,4155033000,1122456.0,100.0
202410,4155034000,3671653.0,100.0
202410,4155035000,11318557.0,100.0
202410,4155036000,4382431.0,100.0
202410,4155038000,4240580.0,100.0
202411,4111370000,5332.0,100.0
202411,4111565000,80192.0,100.0
202411,4111566000,587358002.0,100.0
202411,4111567000,1288032.0,100.0
202411,4111568000,753793.0,100.0
202411,4111569000,38960.0,100.0
202411,4111570000,739007.0,100.0
202411,4111571000,232453.0,100.0
202411,4111572000,131828.0,100.0
202411,4111573000,957036.0,100.0
202410,4131057000,1488530.0,100.0
202410,4131058000,1356731.0,100.0
202410,4131059000,1419464.0,100.0
202410,4136025000,44903977.0,100.0
202410,4136025300,41704786.0,100.0
202410,4136025600,44292175.0,100.0
202410,4136025900,6697455.0,100.0
202410,4136026200,17645968.0,100.0
202410,4136026500,7815213.0,100.0
202410,4136031000,8684862.0,100.0
202410,4155039000,3824142.0,100.0
202410,4155040000,8998765.0,100.0
202410,4155041000,2415580.0,100.0
202410,4155042000,1024808.0,100.0
202410,4155051000,710995.0,100.0
202410,4155052000,2697788.0,100.0
202410,4155053000,890450.0,100.0
202411,4111574000,2544470.0,100.0
202411,4111752000,193349.0,100.0
202411,4111753000,359837.0,100.0
202411,4111754000,2868835.0,100.0
202411,4111757000,115028.0,100.0
202411,4111758000,468614.0,100.0
202411,4111758500,736817.0,100.0
202411,4111759300,222358.0,100.0
202410,4136034000,1561944.0,100.0
202410,4136036000,794803.0,100.0
202410,4136051000,142247975.0,100.0
202410,4136052000,719150.0,100.0
202410,4136053000,384670.0,100.0
202410,4136054000,467270.0,100.0
202410,4136054500,3931321.0,100.0
202410,4136056500,297830.0,100.0
202410,4136057000,3885584.0,100.0
202411,4111759600,87852.0,100.0
202411,4111760000,1541829.0,100.0
202411,4111761000,292557.0,100.0
202410,4121054000,44606.0,100.0
202410,4121055000,2681593.0,100.0
202410,4137051000,1238323.0,100.0
202410,4137053000,88438648.0,100.0
202410,4137054000,1885644.0,100.0
202410,4137055000,925236.0,100.0
202410,4137056000,302724.0,100.0
202410,4137057000,480128.0,100.0
202410,4159025300,45521137.0,100.0
202410,4159025600,7394915.0,100.0
202410,4159025900,30721540.0,100.0
202410,4159026200,5642235.0,100.0
202410,4159031000,1535320.0,100.0
202410,4159032000,1268746.0,100.0
202410,4159033000,1135039.0,100.0
202410,4159034000,3061395.0,100.0
202410,4121056000,55224.0,100.0
202410,4121057000,367830.0,100.0
202410,4121058000,920342.0,100.0
202410,4121059000,22980.0,100.0
202410,4121060000,28669.0,100.0
202410,4121061000,2114246.0,100.0
202410,4121062000,837444.0,100.0
202410,4121063100,312322014.0,100.0
202410,4121063300,799159.0,100.0
202410,4121063400,848872.0,100.0
202410,4159035000,4260492.0,100.0
202410,4159036000,205744817.0,100.0
202410,4159037000,2805336.0,100.0
202410,4159040000,1569752.0,100.0
202410,4159041000,5886079.0,100.0
202410,4159051500,663588.0,100.0
202410,4159052000,733158.0,100.0
202410,4159053000,1343588.0,100.0
202410,4159054000,211628.0,100.0
202410,4159055000,2899138.0,100.0
202410,4121064000,1480771.0,100.0
202410,4121065000,1057843.0,100.0
202410,4122025000,5728911.0,100.0
202410,4122025300,17930354.0,100.0
202410,4122025600,8089166.0,100.0
202410,4122025900,4118510.0,100.0
202410,4122031000,1087091.0,100.0
202410,4122032000,242694.0,100.0
202410,4141051000,186110.0,100.0
202410,4141052000,194447007.0,100.0
202410,4159056000,247832.0,100.0
202410,4159057000,876205.0,100.0
202410,4159058500,1259416.0,100.0
202410,4159058600,3341457.0,100.0
202410,4159058700,2604793.0,100.0
202410,4159058800,872798.0,100.0
202410,4159059000,5682691.0,100.0
202410,4159060000,1159142.0,100.0
202410,4159061000,6134324.0,100.0
202410,4159062000,984880.0,100.0
202410,4122033000,2707361.0,100.0
202410,4122034000,133969674.0,100.0
202410,4122037000,806270.0,100.0
202410,4122051000,2290865.0,100.0
202410,4122052000,87392.0,100.0
202410,4122053500,1473034.0,100.0
202410,4122055000,164970.0,100.0
202410,4122056000,2173884.0,100.0
202410,4122057000,191098.0,100.0
202410,4141054000,972984.0,100.0
202410,4141055000,930780.0,100.0
202410,4141056000,1254236.0,100.0
202410,4141057000,244548.0,100.0
202410,4141058000,822854.0,100.0
202410,4141059000,761227.0,100.0
202410,4141060000,933125.0,100.0
202410,4141061000,1441061.0,100.0
202410,4141062000,3419329.0,100.0
202410,4143051000,110276.0,100.0
202410,4161025000,43806384.0,100.0
202410,4161025300,160662324.0,100.0
202410,4161025900,16480192.0,100.0
202410,4161033000,3582999.0,100.0
202410,4161034000,8604594.0,100.0
202410,4161035000,434313.0,100.0
202410,4161037000,239688.0,100.0
202410,4161051000,1332687.0,100.0
202410,4161052000,3626103.0,100.0
202410,4161053000,3300600.0,100.0
202410,4122059000,378565.0,100.0
202410,4122060000,2442816.0,100.0
202410,4122062000,2721723.0,100.0
202410,4122063000,713007.0,100.0
202410,4122063500,855752.0,100.0
202410,4122064000,1193246.0,100.0
202410,4143052000,3434166.0,100.0
202410,4143053000,77489720.0,100.0
202410,4143054000,45868.0,100.0
202410,4143055000,274076.0,100.0
202410,4143056000,345654.0,100.0
202410,4145051000,4683650.0,100.0
202410,4145052000,21702.0,100.0
202410,4145053000,1444694.0,100.0
202410,4145054000,101960.0,100.0
202410,4163025000,6586490.0,100.0
202410,4163031000,1200603.0,100.0
202410,4163032000,1589736.0,100.0
202411,4115051000,1465415.0,100.0
202411,4115052000,798372.0,100.0
202411,4115054500,237936.0,100.0
202411,4115055500,1772.0,100.0
202411,4115056100,616878.0,100.0
202411,4115056700,96007399.0,100.0
202411,4115056800,226756.0,100.0
202411,4115057300,2289029.0,100.0
202410,4125051000,44989097.0,100.0
202410,4125052000,253360.0,100.0
202410,4125053500,189684.0,100.0
202410,4125056500,1020928.0,100.0
202410,4125056600,971226.0,100.0
202410,4125058000,573798.0,100.0
202410,4125060000,6606.0,100.0
202410,4127151000,511318.0,100.0
202410,4127151500,778227.0,100.0
202410,4127152500,1686900.0,100.0
202410,4145055000,1662508.0,100.0
202410,4145056000,763816.0,100.0
202410,4145057000,684531.0,100.0
202410,4145058200,122484.0,100.0
202410,4145059000,77934204.0,100.0
202410,4145060000,13934.0,100.0
202410,4145061000,567888.0,100.0
202410,4145062000,6858967.0,100.0
202410,4163033000,48080001.0,100.0
202410,4163034000,1186017.0,100.0
202410,4163051000,108090.0,100.0
202410,4163052000,1393564.0,100.0
202410,4163053000,644821.0,100.0
202410,4163054000,894666.0,100.0
202410,4163055000,462942.0,100.0
202410,4163056000,1618133.0,100.0
202411,4115057600,144878.0,100.0
202411,4115057800,630417.0,100.0
202411,4115058000,490642.0,100.0
202411,4115059500,132702.0,100.0
202411,4115061500,46604.0,100.0
202411,4117151000,309772.0,100.0
202410,4127153200,2295570.0,100.0
202410,4127153700,882802.0,100.0
202410,4127154000,1756793.0,100.0
202410,4127155000,621764.0,100.0
202410,4127156000,605210.0,100.0
202410,4127157000,449889.0,100.0
202410,4127158000,1639389.0,100.0
202410,4127159000,867065.0,100.0
202410,4127160000,444383.0,100.0
202410,4146125000,11057510.0,100.0
202410,4146125300,4120091.0,100.0
202410,4146125600,6291955.0,100.0
202410,4146132000,1882911.0,100.0
202410,4146134000,1216007.0,100.0
202410,4146135000,2167806.0,100.0
202410,4146136000,4865015.0,100.0
202410,4146151000,1038809.0,100.0
202410,4146152000,1008654.0,100.0
202410,4165025000,16673210.0,100.0
202410,4165031000,5731020.0,100.0
202410,4165032000,1085398.0,100.0
202410,4165033000,1790899.0,100.0
202410,4165034000,17213796.0,100.0
202410,4165035000,269933.0,100.0
202410,4165036000,1143640.0,100.0
202410,4165037000,6823221.0,100.0
202410,4165038000,880976.0,100.0
202410,4165039000,2072047.0,100.0
202410,4165040000,371166.0,100.0
202411,4117155000,1001729.0,100.0
202411,4117156000,257734.0,100.0
202411,4117157000,198560.0,100.0
202411,4117159000,524646.0,100.0
202411,4117160000,331856.0,100.0
202411,4117161000,131025.0,100.0
202410,4127161000,148622.0,100.0
202410,4127351000,1486614.0,100.0
202410,4127352500,720146.0,100.0
202410,4127353200,5956702.0,100.0
202410,4127353500,1570416.0,100.0
202410,4127354500,1082913.0,100.0
202410,4127355500,1389286.0,100.0
202410,4127356500,586267.0,100.0
202410,4127357000,419072081.0,100.0
202410,4127358000,117894.0,100.0
202410,4146153000,745431.0,100.0
202410,4146154000,284527123.0,100.0
202410,4146351000,7974.0,100.0
202410,4146351600,842663.0,100.0
202410,4146351700,325188.0,100.0
202410,4146352000,2860845.0,100.0
202410,4146353000,95508.0,100.0
202410,4146353500,199804.0,100.0
202410,4146354000,76458433.0,100.0
202410,4165041000,451236.0,100.0
202410,4165051000,1479275.0,100.0
202410,4165052000,316298.0,100.0
202410,4167025000,4088692.0,100.0
202410,4167031000,43752.0,100.0
202410,4167032000,1120354.0,100.0
202410,4167033000,48773.0,100.0
202410,4167034000,86408635.0,100.0
202410,4167035000,1255634.0,100.0
202410,4167036000,168644.0,100.0
202410,4167037000,23322.0,100.0
202410,4167038000,16456.0,100.0
202411,4117351000,233710.0,100.0
202411,4117352000,238316519.0,100.0
202411,4117353000,196518.0,100.0
202411,4117354000,438850.0,100.0
202411,4117354600,441564.0,100.0
202411,4117355000,148790.0,100.0
202410,4127359000,1498023.0,100.0
202410,4127360000,2148044.0,100.0
202410,4127361000,320791.0,100.0
202410,4128151000,249177852.0,100.0
202410,4128152000,136758.0,100.0
202410,4128153000,752747.0,100.0
202410,4128154000,116269.0,100.0
202410,4128155000,185066.0,100.0
202410,4128156000,836573.0,100.0
202410,4128157500,13354.0,100.0
202410,4146355000,465894.0,100.0
202410,4146356000,312186.0,100.0
202410,4146357000,343856.0,100.0
202410,4146357200,1739087.0,100.0
202410,4146357500,1190127.0,100.0
202410,4146357700,596140.0,100.0
202410,4146358600,391329.0,100.0
202410,4146359000,700859.0,100.0
202410,4146551000,674540.0,100.0
202410,4146552000,2306511.0,100.0
202410,4167051000,1270104.0,100.0
202410,4167052000,590928.0,100.0
202410,4167053000,435858.0,100.0
202410,4180025000,10577137.0,100.0
202410,4180025300,47916530.0,100.0
202410,4180031000,1124654.0,100.0
202410,4180032000,10059772.0,100.0
202410,4180033000,483121.0,100.0
202410,4180034000,109365.0,100.0
202410,4180035000,280089.0,100.0
202410,4180036000,1667984.0,100.0
202411,4117356000,997438.0,100.0
202411,4117356600,112366.0,100.0
202411,4117357000,1615010.0,100.0
202411,4117357600,348744.0,100.0
202411,4117358000,1095822.0,100.0
202411,4117359000,39838.0,100.0
202411,4117360000,277951.0,100.0
202411,4117361000,428412.0,100.0
202411,4117362000,353200.0,100.0
202410,4128158000,238902.0,100.0
202410,4128159000,778156.0,100.0
202410,4128160000,130004.0,100.0
202410,4128161000,201700.0,100.0
202410,4128162100,390396.0,100.0
202410,4128162200,78412.0,100.0
202410,4128163000,3070.0,100.0
202410,4128164000,889338.0,100.0
202410,4146553000,1371581.0,100.0
202410,4146554000,739854.0,100.0
202410,4146555000,201300.0,100.0
202410,4146556000,557979.0,100.0
202410,4146557000,1225150.0,100.0
202410,4146559000,1063985.0,100.0
202410,4148025000,26256098.0,100.0
202410,4180038000,38695.0,100.0
202410,4182025000,27550857.0,100.0
202410,4182031000,4594310.0,100.0
202410,4182032500,12636577.0,100.0
202410,4182033000,1231568.0,100.0
202410,4182034500,1843225.0,100.0
202410,4182035000,1500702.0,100.0
202410,4183025000,42072481.0,100.0
202410,4183031000,4267715.0,100.0
202410,4183032000,1242717.0,100.0
202410,4183033000,4076659.0,100.0
202411,4119060300,1072405.0,100.0
202411,4119060600,147026685.0,100.0
202411,4119061000,386764.0,100.0
202411,4119074200,5349741.0,100.0
202411,4119074400,2247677.0,100.0
202411,4119074600,1421895.0,100.0
202411,4119075000,1165819.0,100.0
202411,4119079500,1010210.0,100.0
202411,4119080000,3494419.0,100.0
202411,4119083000,3644755.0,100.0
202410,4128165000,35826.0,100.0
202410,4128166000,758274.0,100.0
202410,4128167000,169057.0,100.0
202410,4128551000,472357.0,100.0
202410,4128552000,453970.0,100.0
202410,4128553000,258107.0,100.0
202410,4128554000,454637.0,100.0
202410,4148025300,318475837.0,100.0
202410,4148025600,4971724.0,100.0
202410,4148026200,13085915.0,100.0
202410,4148031000,4209801.0,100.0
202410,4148032000,10060823.0,100.0
202410,4148035000,7816333.0,100.0
202410,4148036000,278707.0,100.0
202410,4148037000,4043109.0,100.0
202410,4148038000,50774.0,100.0
202410,4148051000,2954156.0,100.0
202410,4183034000,432799.0,100.0
202410,4183035000,4046635.0,100.0
202410,4183036000,275462.0,100.0
202410,4183037000,729671.0,100.0
202410,4183038000,516939.0,100.0
202410,4183039500,1255520.0,100.0
202410,4183040000,15235838.0,100.0
202410,4183041000,830641.0,100.0
202411,4111156000,536252.0,100.0
202411,4111156600,1867251.0,100.0
202410,4128555100,371538.0,100.0
202410,4128555200,498968.0,100.0
202410,4128556000,527780.0,100.0
202410,4128558000,386463.0,100.0
202410,4128559000,208146.0,100.0
202410,4128560000,96500.0,100.0
202410,4128751000,379196.0,100.0
202410,4128752000,1488366.0,100.0
202410,4148052000,925522.0,100.0
202410,4148053000,917248.0,100.0
202410,4148054000,4528860.0,100.0
202410,4148055000,2476892.0,100.0
202410,4148056000,1568360.0,100.0
202410,4148057000,306670.0,100.0
202410,4150025000,8079860.0,100.0
202411,4111157100,201440.0,100.0
202411,4111157200,265558.0,100.0
202411,4111157300,727269.0,100.0
202411,4111158000,347108.0,100.0
202411,4111159100,222086.0,100.0
202411,4111159700,1035764.0,100.0
202411,4111159800,172320.0,100.0
202411,4111160000,192432.0,100.0
202411,4111353000,502058.0,100.0
202412,4115057800,783148.0,100.0
202412,4115058000,576708.0,100.0
202412,4115059500,117092.0,100.0
202412,4115061500,54388.0,100.0
202412,4117151000,97818.0,100.0
202411,4127161000,129804.0,100.0
202411,4127351000,1781260.0,100.0
202411,4127352500,583870.0,100.0
202411,4127353200,6797901.0,100.0
202411,4127353500,2096820.0,100.0
202411,4127354500,1357519.0,100.0
202411,4127355500,1858229.0,100.0
202411,4127356500,731381.0,100.0
202411,4127357000,459642391.0,100.0
202411,4146153000,958674.0,100.0
202411,4146154000,301506451.0,100.0
202411,4146351000,2160.0,100.0
202411,4146351600,756260.0,100.0
202411,4146351700,389364.0,100.0
202411,4146352000,2917410.0,100.0
202411,4146353000,90368.0,100.0
202411,4146353500,335985.0,100.0
202411,4146354000,82644603.0,100.0
202411,4165031000,7387213.0,100.0
202411,4165032000,1464480.0,100.0
202411,4165033000,2107882.0,100.0
202411,4165034000,19479392.0,100.0
202411,4165035000,348818.0,100.0
202411,4165036000,1298319.0,100.0
202411,4165037000,6971271.0,100.0
202411,4165038000,675013.0,100.0
202411,4165039000,2114882.0,100.0
202411,4165040000,262300.0,100.0
202411,4165041000,505340.0,100.0
202412,4117155000,901972.0,100.0
202412,4117156000,260442.0,100.0
202412,4117157000,99174.0,100.0
202412,4117159000,653478.0,100.0
202412,4117160000,353148.0,100.0
202412,4117161000,125366.0,100.0
202412,4117351000,236856.0,100.0
202411,4127358000,190561.0,100.0
202411,4127359000,1777542.0,100.0
202411,4127360000,2056162.0,100.0
202411,4127361000,192375.0,100.0
202411,4128151000,326167794.0,100.0
202411,4128152000,106776.0,100.0
202411,4128153000,530057.0,100.0
202411,4128154000,185945.0,100.0
202411,4128155000,275571.0,100.0
202411,4128156000,1555657.0,100.0
202411,4146355000,220398.0,100.0
202411,4146356000,296289.0,100.0
202411,4146357000,379476.0,100.0
202411,4146357200,1733392.0,100.0
202411,4146357500,1143175.0,100.0
202411,4146357700,532250.0,100.0
202411,4146358600,263199.0,100.0
202411,4146359000,602857.0,100.0
202411,4146551000,407786.0,100.0
202411,4146552000,2381711.0,100.0
202411,4165051000,1451135.0,100.0
202411,4165052000,416507.0,100.0
202411,4167025000,3961403.0,100.0
202411,4167031000,126332.0,100.0
202411,4167032000,1475362.0,100.0
202411,4167033000,4932.0,100.0
202411,4167034000,98435424.0,100.0
202411,4167035000,1476277.0,100.0
202411,4167036000,228838.0,100.0
202411,4167037000,6546.0,100.0
202411,4167038000,83006.0,100.0
202412,4117352000,250977445.0,100.0
202412,4117353000,211778.0,100.0
202412,4117354000,524982.0,100.0
202412,4117354600,426430.0,100.0
202412,4117355000,161948.0,100.0
202412,4117356000,1239347.0,100.0
202412,4117356600,97457.0,100.0
202412,4117357000,2401145.0,100.0
202412,4117357600,206802.0,100.0
202411,4128157500,4160.0,100.0
202411,4128158000,472568.0,100.0
202411,4128159000,947623.0,100.0
202411,4128160000,200769.0,100.0
202411,4128161000,274785.0,100.0
202411,4128162100,521921.0,100.0
202411,4128162200,145818.0,100.0
202411,4128163000,17280.0,100.0
202411,4128164000,1178108.0,100.0
202411,4146553000,1721520.0,100.0
202411,4146554000,762227.0,100.0
202411,4146555000,135140.0,100.0
202411,4146556000,408344.0,100.0
202411,4146557000,1236632.0,100.0
202411,4146559000,1218079.0,100.0
202411,4167051000,1194547.0,100.0
202411,4167052000,575994.0,100.0
202411,4167053000,501964.0,100.0
202411,4180025000,13887772.0,100.0
202411,4180025300,51388424.0,100.0
202411,4180031000,1283145.0,100.0
202411,4180032000,12662668.0,100.0
202411,4180033000,577471.0,100.0
202411,4180034000,165106.0,100.0
202411,4180035000,227786.0,100.0
202411,4180036000,1612968.0,100.0
202412,4117358000,1163811.0,100.0
202412,4117359000,63140.0,100.0
202412,4117360000,389708.0,100.0
202412,4117361000,493580.0,100.0
202412,4117362000,350308.0,100.0
202412,4119060300,615709.0,100.0
202412,4119060600,90033847.0,100.0
202412,4119061000,236740.0,100.0
202412,4119074200,2671228.0,100.0
202412,4119074400,1496275.0,100.0
202412,4119074600,609853.0,100.0
202412,4119075000,704414.0,100.0
202412,4119079500,566889.0,100.0
202412,4119080000,1922586.0,100.0
202412,4119083000,2267529.0,100.0
202411,4128165000,45618.0,100.0
202411,4128166000,760336.0,100.0
202411,4128167000,64816.0,100.0
202411,4128551000,540737.0,100.0
202411,4128552000,704070.0,100.0
202411,4128553000,345236.0,100.0
202411,4128554000,499934.0,100.0
202411,4148025000,30025450.0,100.0
202411,4148025300,361749603.0,100.0
202411,4148025600,5500398.0,100.0
202411,4148026200,16497399.0,100.0
202411,4148031000,4772225.0,100.0
202411,4148032000,10893796.0,100.0
202411,4148035000,9940758.0,100.0
202411,4148036000,338265.0,100.0
202411,4148037000,3828524.0,100.0
202411,4148038000,30200.0,100.0
202411,4148051000,4305757.0,100.0
202411,4180038000,53532.0,100.0
202411,4182025000,32560309.0,100.0
202411,4182031000,5407967.0,100.0
202411,4182032500,19351481.0,100.0
202411,4182033000,1167272.0,100.0
202411,4182034500,2015203.0,100.0
202411,4182035000,1547751.0,100.0
202411,4183025000,46699475.0,100.0
202411,4183031000,4547428.0,100.0
202411,4183032000,1290471.0,100.0
202411,4183033000,4642920.0,100.0
202411,4128555100,510132.0,100.0
202411,4128555200,430739.0,100.0
202411,4128556000,407132.0,100.0
202411,4128558000,30612.0,100.0
202411,4128559000,167996.0,100.0
202411,4128560000,98076.0,100.0
202411,4128751000,701585.0,100.0
202411,4128752000,1725981.0,100.0
202411,4148052000,1054266.0,100.0
202411,4148053000,1028304.0,100.0
202411,4148054000,5422871.0,100.0
202411,4148055000,3036283.0,100.0
202411,4148056000,1627932.0,100.0
202411,4148057000,356552.0,100.0
202411,4150025000,8499001.0,100.0
202411,4183034000,407951.0,100.0
202411,4183035000,4544276.0,100.0
202411,4183036000,331628.0,100.0
202411,4183037000,802290.0,100.0
202411,4183038000,523603.0,100.0
202411,4183039500,1438943.0,100.0
202411,4183040000,15677103.0,100.0
202411,4183041000,1055453.0,100.0
202412,4111156000,256166.0,100.0
202412,4111156600,1906846.0,100.0
202412,4111157100,239954.0,100.0
202411,4128754000,892911.0,100.0
202411,4128755000,873592.0,100.0
202411,4128756000,154585.0,100.0
202411,4128757000,568457.0,100.0
202411,4128758000,261188.0,100.0
202411,4128759000,778602.0,100.0
202411,4129051000,1571185.0,100.0
202411,4150025300,49850500.0,100.0
202411,4150031000,3970358.0,100.0
202411,4150032000,6161127.0,100.0
202411,4150033000,2279244.0,100.0
202411,4150034000,3705420.0,100.0
202411,4150035000,150358097.0,100.0
202411,4150036000,390491.0,100.0
202411,4150037000,288558.0,100.0
202411,4150038000,421412.0,100.0
202411,4150051000,1125527.0,100.0
202412,4111157200,293610.0,100.0
202412,4111157300,795044.0,100.0
202412,4111158000,182387.0,100.0
202412,4111159100,301414.0,100.0
202412,4111159700,972936.0,100.0
202412,4111159800,115624.0,100.0
202412,4111160000,215372.0,100.0
202412,4111353000,510850.0,100.0
202412,4111354000,47000.0,100.0
202411,4129052000,3252102.0,100.0
202411,4129053000,255306.0,100.0
202411,4129054000,98465021.0,100.0
202411,4129055000,9600.0,100.0
202411,4129056000,5060.0,100.0
202411,4131051000,8322479.0,100.0
202411,4131052000,1797599.0,100.0
202411,4131053000,165839446.0,100.0
202411,4131054100,117561.0,100.0
202411,4150051500,4214660.0,100.0
202411,4150052000,974579.0,100.0
202411,4150053000,771305.0,100.0
202411,4155025000,41338871.0,100.0
202411,4155031000,53911619.0,100.0
202411,4155032000,3755268.0,100.0
202411,4155033000,978001.0,100.0
202411,4155034000,4212247.0,100.0
202411,4155035000,15733657.0,100.0
202411,4155036000,5130681.0,100.0
202411,4155038000,4330339.0,100.0
202412,4111355000,320348.0,100.0
202412,4111356000,938074.0,100.0
202412,4111365000,1058.0,100.0
202412,4111366200,1401807.0,100.0
202412,4111366400,1245038.0,100.0
202412,4111367000,387022.0,100.0
202412,4111368000,1390910.0,100.0
202412,4111369000,826587.0,100.0
202412,4121054000,93554.0,100.0
202412,4121055000,2738852.0,100.0
202412,4121056000,42890.0,100.0
202412,4121057000,249340.0,100.0
202412,4121058000,3460110.0,100.0
202411,4131054200,1171867.0,100.0
202411,4131057000,1183972.0,100.0
202411,4131058000,1874920.0,100.0
202411,4131059000,1527827.0,100.0
202411,4136025000,49973522.0,100.0
202411,4136025300,49371262.0,100.0
202411,4136025600,49853045.0,100.0
202411,4136025900,8664509.0,100.0
202411,4136026200,21120929.0,100.0
202411,4136026500,7220802.0,100.0
202411,4155039000,4443650.0,100.0
202411,4155040000,7264626.0,100.0
202411,4155041000,2614378.0,100.0
202411,4155042000,831998.0,100.0
202411,4155051000,866303.0,100.0
202411,4155052000,2856403.0,100.0
202411,4155053000,766059.0,100.0
202412,4111565000,129366.0,100.0
202412,4111566000,620178103.0,100.0
202412,4111567000,1749824.0,100.0
202412,4111568000,696815.0,100.0
202412,4111569000,30774.0,100.0
202412,4111570000,623913.0,100.0
202412,4111571000,194360.0,100.0
202412,4111572000,128148.0,100.0
202412,4111573000,802441.0,100.0
202412,4111574000,2749515.0,100.0
202412,4121059000,51844.0,100.0
202412,4121060000,56617.0,100.0
202412,4121061000,1756725.0,100.0
202412,4121062000,1735228.0,100.0
202412,4121063100,292850642.0,100.0
202412,4121063300,996020.0,100.0
202412,4121063400,1140756.0,100.0
202412,4121064000,1162549.0,100.0
202412,4121065000,2470981.0,100.0
202411,4136031000,10185655.0,100.0
202411,4136034000,1857749.0,100.0
202411,4136036000,838665.0,100.0
202411,4136051000,160615204.0,100.0
202411,4136052000,792751.0,100.0
202411,4136053000,648151.0,100.0
202411,4136054000,520526.0,100.0
202411,4136054500,4144284.0,100.0
202411,4136056500,283700.0,100.0
202411,4136057000,4055412.0,100.0
202412,4111752000,335381.0,100.0
202412,4111753000,406743.0,100.0
202412,4111754000,2448622.0,100.0
202412,4111757000,141834.0,100.0
202412,4111758000,572893.0,100.0
202412,4111758500,834721.0,100.0
202412,4111759300,249044.0,100.0
202412,4111759600,180863.0,100.0
202412,4121066000,44662.0,100.0
202412,4122025000,5277557.0,100.0
202412,4122025300,25005072.0,100.0
202412,4122025600,9781147.0,100.0
202412,4122025900,7357094.0,100.0
202412,4122031000,1059634.0,100.0
202412,4122032000,431048.0,100.0
202412,4122033000,3424176.0,100.0
202412,4122034000,143325854.0,100.0
202412,4122037000,1054533.0,100.0
202411,4137051000,1669604.0,100.0
202411,4137053000,104100223.0,100.0
202411,4137054000,1709302.0,100.0
202411,4137055000,833836.0,100.0
202411,4137056000,326512.0,100.0
202411,4137057000,470363.0,100.0
202411,4159025300,48981762.0,100.0
202411,4159025600,7503116.0,100.0
202411,4159025900,35211510.0,100.0
202411,4159026200,5286369.0,100.0
202411,4159031000,1441624.0,100.0
202411,4159032000,1659756.0,100.0
202411,4159033000,1119425.0,100.0
202411,4159034000,3190987.0,100.0
202411,4159035000,3582182.0,100.0
202412,4111760000,1649171.0,100.0
202412,4111761000,709532.0,100.0
202411,4121056000,67932.0,100.0
202411,4121057000,285078.0,100.0
202411,4121058000,1775243.0,100.0
202411,4121059000,48400.0,100.0
202411,4121060000,54026.0,100.0
202411,4121061000,2483809.0,100.0
202411,4121062000,990572.0,100.0
202411,4121063100,355462015.0,100.0
202411,4121063300,899460.0,100.0
202411,4159036000,226127129.0,100.0
202411,4159037000,2941523.0,100.0
202411,4159040000,1406717.0,100.0
202411,4159041000,6143070.0,100.0
202411,4159051500,1359968.0,100.0
202411,4159052000,849736.0,100.0
202411,4159053000,1290082.0,100.0
202411,4159054000,355478.0,100.0
202411,4159055000,3041764.0,100.0
202411,4121063400,957134.0,100.0
202411,4121064000,1378568.0,100.0
202411,4121065000,1115644.0,100.0
202411,4122025000,5279866.0,100.0
202411,4122025300,20945147.0,100.0
202411,4122025600,9195176.0,100.0
202411,4122025900,6239702.0,100.0
202411,4122031000,976615.0,100.0
202411,4141051000,193314.0,100.0
202411,4141052000,232197886.0,100.0
202411,4159056000,344602.0,100.0
202411,4159057000,1046339.0,100.0
202411,4159058500,1559812.0,100.0
202411,4159058600,4520414.0,100.0
202411,4159058700,2866242.0,100.0
202411,4159058800,367944.0,100.0
202411,4159059000,5166732.0,100.0
202411,4159060000,1062684.0,100.0
202411,4159061000,7188660.0,100.0
202411,4159062000,853728.0,100.0
202411,4122032000,351837.0,100.0
202411,4122033000,3030702.0,100.0
202411,4122034000,154931046.0,100.0
202411,4122037000,846671.0,100.0
202411,4122051000,2701003.0,100.0
202411,4122052000,159358.0,100.0
202411,4122053500,1066076.0,100.0
202411,4122055000,161598.0,100.0
202411,4122056000,2375992.0,100.0
202411,4122057000,183674.0,100.0
202411,4141054000,982224.0,100.0
202411,4141055000,1445516.0,100.0
202411,4141056000,1273939.0,100.0
202411,4141057000,295948.0,100.0
202411,4141058000,1030024.0,100.0
202411,4141059000,888907.0,100.0
202411,4141060000,1246450.0,100.0
202411,4141061000,1623400.0,100.0
202411,4141062000,4699148.0,100.0
202411,4161025000,49561241.0,100.0
202411,4161025300,179206377.0,100.0
202411,4161025900,18297457.0,100.0
202411,4161033000,4207688.0,100.0
202411,4161034000,10519733.0,100.0
202411,4161035000,375387.0,100.0
202411,4161037000,261752.0,100.0
202411,4161051000,1421582.0,100.0
202411,4161052000,3677925.0,100.0
202411,4161053000,3958184.0,100.0
202411,4122059000,377728.0,100.0
202411,4122060000,4372158.0,100.0
202411,4122062000,3065349.0,100.0
202411,4122063000,924943.0,100.0
202411,4122063500,808468.0,100.0
202411,4122064000,1779419.0,100.0
202411,4143051000,115692.0,100.0
202411,4143052000,3555746.0,100.0
202411,4143053000,107973576.0,100.0
202411,4143054000,50144.0,100.0
202411,4143055000,4200.0,100.0
202411,4143056000,416496.0,100.0
202411,4145051000,4857463.0,100.0
202411,4145052000,121840.0,100.0
202411,4145053000,1457301.0,100.0
202411,4145054000,21612.0,100.0
202411,4163025000,12369374.0,100.0
202411,4163031000,1184961.0,100.0
202411,4163032000,895328.0,100.0
202411,4125051000,54198281.0,100.0
202411,4125052000,336592.0,100.0
202411,4125053500,265114.0,100.0
202411,4125056500,947091.0,100.0
202411,4125056600,1220794.0,100.0
202411,4125058000,631019.0,100.0
202411,4125060000,8266.0,100.0
202411,4127151000,392934.0,100.0
202411,4127151500,1327821.0,100.0
202411,4145055000,1684864.0,100.0
202411,4145056000,568178.0,100.0
202411,4145057000,579688.0,100.0
202411,4145058200,186554.0,100.0
202411,4145059000,82455853.0,100.0
202411,4145060000,5466.0,100.0
202411,4145061000,597938.0,100.0
202411,4145062000,8181721.0,100.0
202411,4163033000,37396474.0,100.0
202411,4163034000,1017345.0,100.0
202411,4163051000,60022.0,100.0
202411,4163052000,1692687.0,100.0
202411,4163053000,585802.0,100.0
202411,4163054000,854553.0,100.0
202411,4163055000,462076.0,100.0
202411,4163056000,1493800.0,100.0
202411,4165025000,22078087.0,100.0
202412,4115051000,1137620.0,100.0
202412,4115052000,487994.0,100.0
202412,4115054500,269825.0,100.0
202412,4115055500,1418.0,100.0
202412,4115056100,803945.0,100.0
202412,4115056700,104277413.0,100.0
202412,4115056800,269311.0,100.0
202412,4115057300,2402228.0,100.0
202412,4115057600,124010.0,100.0
202411,4127152500,2018414.0,100.0
202411,4127153200,3105200.0,100.0
202411,4127153700,1105802.0,100.0
202411,4127154000,1879225.0,100.0
202411,4127155000,807832.0,100.0
202411,4127156000,887434.0,100.0
202411,4127157000,549583.0,100.0
202411,4127158000,1989690.0,100.0
202411,4127159000,923916.0,100.0
202411,4127160000,233340.0,100.0
202411,4146125000,13050707.0,100.0
202411,4146125300,3958019.0,100.0
202411,4146125600,6432359.0,100.0
202411,4146132000,1998938.0,100.0
202411,4146134000,1199460.0,100.0
202411,4146135000,2883866.0,100.0
202411,4146136000,5151485.0,100.0
202411,4146151000,1232717.0,100.0
202411,4146152000,991892.0,100.0
202411,4121054000,165472.0,100.0
202411,4121055000,3620162.0,100.0
202412,4141051000,395246.0,100.0
202412,4141052000,251877068.0,100.0
202412,4141054000,1436614.0,100.0
202412,4141055000,2626650.0,100.0
202412,4141056000,1739809.0,100.0
202412,4159058700,3737717.0,100.0
202412,4159058800,2353558.0,100.0
202412,4159059000,8331922.0,100.0
202412,4159060000,1651638.0,100.0
202412,4159061000,11346221.0,100.0
202412,4159062000,1778078.0,100.0
202412,4161025000,58825438.0,100.0
202412,4161025300,193956396.0,100.0
202412,4161025900,20686580.0,100.0
202412,4122051000,2881290.0,100.0
202412,4122052000,408900.0,100.0
202412,4122053500,2723908.0,100.0
202412,4122055000,229940.0,100.0
202412,4122056000,2631279.0,100.0
202412,4122057000,304885.0,100.0
202412,4122058000,1206.0,100.0
202412,4122059000,500947.0,100.0
202412,4122060000,3223650.0,100.0
202412,4141057000,333931.0,100.0
202412,4141058000,1661618.0,100.0
202412,4141059000,819230.0,100.0
202412,4141060000,1181256.0,100.0
202412,4141061000,2227378.0,100.0
202412,4141062000,4737980.0,100.0
202412,4143051000,131610.0,100.0
202412,4143052000,4817101.0,100.0
202412,4143053000,113966875.0,100.0
202412,4161033000,4802208.0,100.0
202412,4161034000,15181792.0,100.0
202412,4161035000,428070.0,100.0
202412,4161037000,410647.0,100.0
202412,4161051000,1880453.0,100.0
202412,4161052000,5151033.0,100.0
202412,4161053000,7857924.0,100.0
202412,4122062000,3942057.0,100.0
202412,4122063000,1162932.0,100.0
202412,4122063500,1139172.0,100.0
202412,4122064000,3960826.0,100.0
202412,4125051000,64603094.0,100.0
202412,4125052000,406531.0,100.0
202412,4125053500,346193.0,100.0
202412,4143054000,84474.0,100.0
202412,4143055000,30462.0,100.0
202412,4143056000,485833.0,100.0
202412,4145051000,4568267.0,100.0
202412,4145052000,245740.0,100.0
202412,4145053000,2121410.0,100.0
202412,4145054000,145263.0,100.0
202412,4145055000,1850273.0,100.0
202412,4145056000,1866576.0,100.0
202412,4145057000,1376523.0,100.0
202412,4163025000,13703951.0,100.0
202412,4163031000,1296111.0,100.0
202412,4163032000,976994.0,100.0
202412,4125056500,1604254.0,100.0
202412,4125056600,1865892.0,100.0
202412,4125058000,914116.0,100.0
202412,4125060000,13986.0,100.0
202412,4127151000,932036.0,100.0
202412,4127151500,1583172.0,100.0
202412,4127152500,2139133.0,100.0
202412,4127153200,5350589.0,100.0
202412,4127153700,3682886.0,100.0
202412,4145058200,143312.0,100.0
202412,4145059000,83811019.0,100.0
202412,4145060000,386.0,100.0
202412,4145061000,780360.0,100.0
202412,4145062000,8237923.0,100.0
202412,4146125000,11909778.0,100.0
202412,4146125300,3933136.0,100.0
202412,4146125600,7609480.0,100.0
202412,4163033000,38941613.0,100.0
202412,4163034000,1180278.0,100.0
202412,4163051000,81466.0,100.0
202412,4163052000,2562255.0,100.0
202412,4163053000,1083717.0,100.0
202412,4163054000,1010226.0,100.0
202412,4163055000,730434.0,100.0
202412,4163056000,3251447.0,100.0
202412,4165025000,26083557.0,100.0
202412,4127154000,3344400.0,100.0
202412,4127155000,1655134.0,100.0
202412,4127156000,1136022.0,100.0
202412,4127157000,647117.0,100.0
202412,4127158000,3334382.0,100.0
202412,4127159000,1211317.0,100.0
202412,4127160000,589411.0,100.0
202412,4127161000,210534.0,100.0
202412,4127351000,2726942.0,100.0
202412,4127352500,704926.0,100.0
202412,4146132000,2104631.0,100.0
202412,4146134000,1587467.0,100.0
202412,4146135000,4885105.0,100.0
202412,4146136000,5968625.0,100.0
202412,4146151000,1281653.0,100.0
202412,4146152000,1113673.0,100.0
202412,4146153000,828626.0,100.0
202412,4146154000,319112509.0,100.0
202412,4165031000,7240558.0,100.0
202412,4165032000,1685533.0,100.0
202412,4165033000,2574455.0,100.0
202412,4165034000,21273287.0,100.0
202412,4165035000,398389.0,100.0
202412,4165036000,1612339.0,100.0
202412,4165037000,8009518.0,100.0
202412,4165038000,1183253.0,100.0
202412,4165039000,2629235.0,100.0
202412,4165040000,299012.0,100.0
202412,4165041000,648966.0,100.0
202412,4127353200,9546738.0,100.0
202412,4127353500,4124636.0,100.0
202412,4127354500,1184474.0,100.0
202412,4127355500,2164814.0,100.0
202412,4127356500,1469073.0,100.0
202412,4127357000,588257676.0,100.0
202412,4127358000,611769.0,100.0
202412,4127359000,2733215.0,100.0
202412,4127360000,3940552.0,100.0
202412,4127361000,188132.0,100.0
202412,4146351000,2516.0,100.0
202412,4146351600,991730.0,100.0
202412,4146351700,348532.0,100.0
202412,4146352000,2735505.0,100.0
202412,4146353000,135144.0,100.0
202412,4146353500,435183.0,100.0
202412,4146354000,82935473.0,100.0
202412,4146355000,364606.0,100.0
202412,4146356000,273996.0,100.0
202412,4146357000,377058.0,100.0
202412,4165051000,1738509.0,100.0
202412,4165052000,514408.0,100.0
202412,4167025000,5329317.0,100.0
202412,4167031000,223250.0,100.0
202412,4167032000,1626636.0,100.0
202412,4167033000,10580.0,100.0
202412,4167034000,108471137.0,100.0
202412,4167035000,1523032.0,100.0
202412,4167036000,93882.0,100.0
202412,4167037000,14242.0,100.0
202412,4167038000,212062.0,100.0
202412,4167051000,1721429.0,100.0
202412,4128151000,342990722.0,100.0
202412,4128152000,135066.0,100.0
202412,4128153000,1006645.0,100.0
202412,4128154000,178412.0,100.0
202412,4128155000,267261.0,100.0
202412,4128156000,1999009.0,100.0
202412,4128157500,38722.0,100.0
202412,4128158000,397900.0,100.0
202412,4146357200,1863916.0,100.0
202412,4146357500,1198458.0,100.0
202412,4146357700,454012.0,100.0
202412,4146358600,224311.0,100.0
202412,4146359000,953283.0,100.0
202412,4146551000,120773.0,100.0
202412,4146552000,2027049.0,100.0
202412,4146553000,1184239.0,100.0
202412,4146554000,969986.0,100.0
202412,4167052000,1025928.0,100.0
202412,4167053000,1545283.0,100.0
202412,4180025000,16623867.0,100.0
202412,4180025300,37795177.0,100.0
202412,4180031000,1425769.0,100.0
202412,4180032000,13537776.0,100.0
202412,4180033000,1000490.0,100.0
202412,4180034000,84888.0,100.0
202412,4180035000,298618.0,100.0
202412,4180036000,2141591.0,100.0
202412,4180038000,107668.0,100.0
202412,4182025000,37695055.0,100.0
202412,4128159000,628079.0,100.0
202412,4128160000,245206.0,100.0
202412,4128161000,308139.0,100.0
202412,4128162100,477515.0,100.0
202412,4128162200,194232.0,100.0
202412,4128163000,26038.0,100.0
202412,4128164000,1111107.0,100.0
202412,4128165000,56838.0,100.0
202412,4146555000,183236.0,100.0
202412,4146556000,400219.0,100.0
202412,4146557000,1314417.0,100.0
202412,4146559000,1126193.0,100.0
202412,4148025000,34451517.0,100.0
202412,4148025300,406763666.0,100.0
202412,4148025600,5926679.0,100.0
202412,4182031000,6750480.0,100.0
202412,4182032500,17899634.0,100.0
202412,4182033000,1599057.0,100.0
202412,4182034500,2571519.0,100.0
202412,4182035000,1954808.0,100.0
202412,4183025000,60559366.0,100.0
202412,4183031000,5417764.0,100.0
202412,4183032000,1455065.0,100.0
202412,4183033000,5790538.0,100.0
202412,4183034000,462174.0,100.0
202412,4128166000,683492.0,100.0
202412,4128167000,81692.0,100.0
202412,4128551000,717475.0,100.0
202412,4128552000,695584.0,100.0
202412,4128553000,490388.0,100.0
202412,4128554000,617487.0,100.0
202412,4128555100,585398.0,100.0
202412,4128555200,570479.0,100.0
202412,4148026200,17530758.0,100.0
202412,4148031000,5123865.0,100.0
202412,4148032000,11067428.0,100.0
202412,4148035000,10757223.0,100.0
202412,4148036000,39353.0,100.0
202412,4148037000,5756479.0,100.0
202412,4148038000,116128.0,100.0
202412,4148051000,4029108.0,100.0
202412,4148052000,969384.0,100.0
202412,4148053000,868220.0,100.0
202412,4148054000,7143111.0,100.0
202412,4183035000,5139067.0,100.0
202412,4183036000,424582.0,100.0
202412,4183037000,1114174.0,100.0
202412,4183038000,597488.0,100.0
202412,4183039500,1777719.0,100.0
202412,4183040000,18613566.0,100.0
202412,4183041000,924354.0,100.0
202412,4128556000,823302.0,100.0
202412,4128558000,102991.0,100.0
202412,4128559000,143128.0,100.0
202412,4128560000,94996.0,100.0
202412,4128751000,256762.0,100.0
202412,4128752000,2066478.0,100.0
202412,4128754000,778826.0,100.0
202412,4148055000,2767804.0,100.0
202412,4148056000,1733328.0,100.0
202412,4148057000,374589.0,100.0
202412,4150025000,9527516.0,100.0
202412,4150025300,56020673.0,100.0
202412,4150031000,4185213.0,100.0
202412,4150032000,7592091.0,100.0
202412,4128755000,891956.0,100.0
202412,4128756000,197352.0,100.0
202412,4128757000,709417.0,100.0
202412,4128758000,197806.0,100.0
202412,4128759000,180101.0,100.0
202412,4129051000,1825519.0,100.0
202412,4129052000,4795531.0,100.0
202412,4129053000,514966.0,100.0
202412,4150033000,3068114.0,100.0
202412,4150034000,4405549.0,100.0
202412,4150035000,158426108.0,100.0
202412,4150036000,478512.0,100.0
202412,4150037000,576500.0,100.0
202412,4150038000,788038.0,100.0
202412,4150051000,1370119.0,100.0
202412,4150051500,6182488.0,100.0
202412,4150052000,1039799.0,100.0
202412,4150053000,980716.0,100.0
202412,4129054000,109989006.0,100.0
202412,4129055000,25908.0,100.0
202412,4129056000,64458.0,100.0
202412,4131051000,10829653.0,100.0
202412,4131052000,2699996.0,100.0
202412,4131053000,182849923.0,100.0
202412,4131054100,187609.0,100.0
202412,4131054200,2621015.0,100.0
202412,4131057000,1532809.0,100.0
202412,4131058000,1408908.0,100.0
202412,4155025000,50977880.0,100.0
202412,4155031000,70477425.0,100.0
202412,4155032000,5848042.0,100.0
202412,4155033000,1502924.0,100.0
202412,4155034000,5061997.0,100.0
202412,4155035000,16013057.0,100.0
202412,4155036000,5578076.0,100.0
202412,4155038000,5356827.0,100.0
202412,4155039000,6023598.0,100.0
202412,4155040000,8978287.0,100.0
202412,4155041000,3462446.0,100.0
202412,4131059000,1744715.0,100.0
202412,4136025000,55258334.0,100.0
202412,4136025300,50826854.0,100.0
202412,4136025600,53826620.0,100.0
202412,4136025900,8686205.0,100.0
202412,4136026200,22070895.0,100.0
202412,4136026500,8424800.0,100.0
202412,4136031000,10128319.0,100.0
202412,4136034000,1827304.0,100.0
202412,4136036000,641633.0,100.0
202412,4155042000,999267.0,100.0
202412,4155051000,1550110.0,100.0
202412,4155052000,4646344.0,100.0
202412,4155053000,1460267.0,100.0
202412,4136051000,169412159.0,100.0
202412,4136052000,1604040.0,100.0
202412,4136053000,593803.0,100.0
202412,4136054000,363206.0,100.0
202412,4136054500,4715678.0,100.0
202412,4136056500,275944.0,100.0
202412,4136057000,3264664.0,100.0
202412,4137051000,1542970.0,100.0
202412,4159025300,59754673.0,100.0
202412,4159025600,8720988.0,100.0
202412,4137053000,105139765.0,100.0
202412,4137054000,2869620.0,100.0
202412,4137055000,933886.0,100.0
202412,4137056000,359492.0,100.0
202412,4137057000,555213.0,100.0
202412,4159025900,38791519.0,100.0
202412,4159026200,7105996.0,100.0
202412,4159031000,1386974.0,100.0
202412,4159032000,1804303.0,100.0
202412,4159033000,1392168.0,100.0
202412,4159034000,4004254.0,100.0
202412,4159035000,3823246.0,100.0
202412,4159036000,258024455.0,100.0
202412,4159037000,2763195.0,100.0
202412,4159040000,1652460.0,100.0
202412,4159041000,6347911.0,100.0
202412,4159051500,2351790.0,100.0
202412,4159052000,1280267.0,100.0
202412,4159053000,1408979.0,100.0
202412,4159054000,505618.0,100.0
202412,4159055000,4115934.0,100.0
202412,4159056000,501426.0,100.0
202412,4159057000,984375.0,100.0
202412,4159058500,2127224.0,100.0
202412,4159058600,7344661.0,100.0
202501,4115051000,1476650.0,100.0
202501,4115052000,762147.0,100.0
202501,4115054500,401995.0,100.0
202501,4115056100,598762.0,100.0
202501,4115056700,110762579.0,100.0
202501,4115056800,357980.0,100.0
202501,4115057300,2288148.0,100.0
202501,4115057600,114386.0,100.0
202501,4115057800,626833.0,100.0
202501,4115058000,361990.0,100.0
202501,4115059500,142242.0,100.0
202501,4115061500,36180.0,100.0
202501,4117151000,260916.0,100.0
202501,4117153000,1858.0,100.0
202501,4117155000,1009188.0,100.0
202501,4117156000,278480.0,100.0
202501,4117157000,133404.0,100.0
202501,4117159000,662056.0,100.0
202501,4117160000,377776.0,100.0
202501,4117161000,146024.0,100.0
202501,4117351000,295042.0,100.0
202501,4117352000,275640865.0,100.0
202501,4117353000,120411.0,100.0
202501,4117354000,561816.0,100.0
202501,4117354600,694796.0,100.0
202501,4117355000,163392.0,100.0
202501,4117356000,792856.0,100.0
202501,4117356600,28817.0,100.0
202501,4117357000,2543781.0,100.0
202501,4117357600,194334.0,100.0
202501,4117358000,1051345.0,100.0
202501,4117359000,18986.0,100.0
202501,4117360000,201191.0,100.0
202501,4117361000,452918.0,100.0
202501,4117362000,448516.0,100.0
202501,4119060300,788732.0,100.0
202501,4119060600,150132336.0,100.0
202501,4119061000,279496.0,100.0
202501,4119074200,3720341.0,100.0
202501,4119074400,1582076.0,100.0
202501,4119074600,996261.0,100.0
202501,4119075000,752162.0,100.0
202501,4119079500,1023277.0,100.0
202501,4119080000,3561449.0,100.0
202501,4119083000,3554297.0,100.0
202501,4111156000,809083.0,100.0
202501,4111156600,2119782.0,100.0
202501,4111157100,189474.0,100.0
202501,4111157200,235748.0,100.0
202501,4111157300,1051511.0,100.0
202501,4111158000,213792.0,100.0
202501,4111159100,261062.0,100.0
202501,4111159700,1425252.0,100.0
202501,4111159800,172696.0,100.0
202501,4111160000,121064.0,100.0
202501,4111352000,15764.0,100.0
202501,4111353000,459870.0,100.0
202501,4111354000,50202.0,100.0
202501,4111355000,441919.0,100.0
202501,4111356000,642903.0,100.0
202501,4111366200,1697978.0,100.0
202501,4111366400,1209073.0,100.0
202501,4111367000,325254.0,100.0
202501,4111368000,2487923.0,100.0
202501,4111369000,921389.0,100.0
202501,4111565000,180582.0,100.0
202501,4121055000,3608409.0,100.0
202501,4121056000,184192.0,100.0
202501,4121057000,136050.0,100.0
202501,4121058000,62126.0,100.0
202501,4121059000,42864.0,100.0
202501,4121060000,104784.0,100.0
202501,4121061000,3171944.0,100.0
202501,4111566000,847116177.0,100.0
202501,4111567000,2474508.0,100.0
202501,4111568000,898864.0,100.0
202501,4111569000,216682.0,100.0
202501,4111570000,2136612.0,100.0
202501,4111571000,305663.0,100.0
202501,4111572000,103992.0,100.0
202501,4111573000,856690.0,100.0
202501,4111574000,3511719.0,100.0
202501,4121062000,428074.0,100.0
202501,4121063100,464512022.0,100.0
202501,4121063300,999379.0,100.0
202501,4121063400,422200.0,100.0
202501,4121064000,2192374.0,100.0
202501,4121065000,377635.0,100.0
202501,4122025000,6912999.0,100.0
202501,4111752000,361618.0,100.0
202501,4111753000,309667.0,100.0
202501,4111754000,3896229.0,100.0
202501,4111755000,8696.0,100.0
202501,4111757000,244086.0,100.0
202501,4111758000,400636.0,100.0
202501,4111758500,803906.0,100.0
202501,4111759300,96244.0,100.0
202501,4111759600,222049.0,100.0
202501,4122025300,26505850.0,100.0
202501,4122025600,8157075.0,100.0
202501,4122025900,2790748.0,100.0
202501,4122031000,709151.0,100.0
202501,4122032000,719187.0,100.0
202501,4122033000,3342052.0,100.0
202501,4122034000,174791193.0,100.0
202501,4122037000,884605.0,100.0
202501,4122051000,2876705.0,100.0
202501,4122052000,191328.0,100.0
202501,4111760000,1212373.0,100.0
202501,4111761000,287648.0,100.0
202501,4122053500,225782.0,100.0
202501,4122055000,101586.0,100.0
202501,4122056000,4017276.0,100.0
202501,4122057000,228745.0,100.0
202501,4122059000,96739.0,100.0
202501,4122060000,6223466.0,100.0
202501,4122062000,1465575.0,100.0
202501,4122063000,489090.0,100.0
202501,4122063500,1060480.0,100.0
202501,4122064000,538212.0,100.0
202501,4125051000,57922309.0,100.0
202501,4125052000,163713.0,100.0
202501,4125053500,389168.0,100.0
202501,4125056500,764652.0,100.0
202501,4125056600,549556.0,100.0
202501,4125058000,672239.0,100.0
202501,4127151000,410202.0,100.0
202501,4127151500,816009.0,100.0
202501,4127152500,1876561.0,100.0
202501,4127153200,2659823.0,100.0
202501,4127153700,512334.0,100.0
202501,4127154000,1443483.0,100.0
202501,4127155000,266176.0,100.0
202501,4127156000,594714.0,100.0
202502,4121054000,21428.0,100.0
202502,4121055000,6466538.0,100.0
202502,4121056000,472338.0,100.0
202502,4121057000,284156.0,100.0
202502,4121058000,185428.0,100.0
202502,4121059000,120000.0,100.0
202502,4121060000,423925.0,100.0
202502,4121061000,3535230.0,100.0
202501,4131052000,2210792.0,100.0
202501,4131053000,195745695.0,100.0
202501,4131054100,235221.0,100.0
202501,4131054200,1923972.0,100.0
202501,4131057000,543544.0,100.0
202501,4131058000,1497380.0,100.0
202501,4131059000,1382011.0,100.0
202501,4136025000,60277741.0,100.0
202501,4136025300,51899899.0,100.0
202501,4136025600,59137012.0,100.0
202501,4155035000,20439006.0,100.0
202501,4155036000,7298391.0,100.0
202501,4155038000,6997967.0,100.0
202501,4155039000,8788868.0,100.0
202501,4155040000,14363883.0,100.0
202501,4155041000,3236012.0,100.0
202501,4155042000,1374905.0,100.0
202501,4155051000,917661.0,100.0
202501,4155052000,2922032.0,100.0
202501,4155053000,1750914.0,100.0
202502,4111565000,176482.0,100.0
202502,4111566000,892136990.0,100.0
202502,4111567000,3166610.0,100.0
202502,4111568000,873157.0,100.0
202502,4111569000,47218.0,100.0
202502,4111570000,968955.0,100.0
202502,4111571000,224641.0,100.0
202502,4111572000,142030.0,100.0
202502,4111573000,1287152.0,100.0
202502,4111574000,3821305.0,100.0
202502,4121062000,898908.0,100.0
202502,4121063100,775483226.0,100.0
202502,4121063300,2839010.0,100.0
202502,4121063400,1013116.0,100.0
202502,4121064000,3384295.0,100.0
202502,4121065000,952884.0,100.0
202502,4121066000,1856.0,100.0
202502,4122025000,7509505.0,100.0
202502,4122025300,22779367.0,100.0
202501,4136025900,8768093.0,100.0
202501,4136026200,23305555.0,100.0
202501,4136026500,8188772.0,100.0
202501,4136031000,12659723.0,100.0
202501,4136034000,1806642.0,100.0
202501,4136036000,657730.0,100.0
202501,4136051000,182098011.0,100.0
202501,4136052000,1918481.0,100.0
202501,4136053000,750346.0,100.0
202501,4136054000,316552.0,100.0
202502,4111752000,559576.0,100.0
202502,4111753000,367855.0,100.0
202502,4111754000,3667004.0,100.0
202502,4111755000,25528.0,100.0
202502,4111757000,182128.0,100.0
202502,4111758000,541346.0,100.0
202502,4111758500,1342335.0,100.0
202502,4111759600,688255.0,100.0
202502,4122025600,9338624.0,100.0
202502,4122025900,4831805.0,100.0
202502,4122031000,912271.0,100.0
202502,4122032000,547415.0,100.0
202502,4122033000,3620831.0,100.0
202502,4122034000,153009761.0,100.0
202502,4122037000,805490.0,100.0
202502,4122051000,2254226.0,100.0
202502,4122052000,213330.0,100.0
202502,4122053500,273620.0,100.0
202501,4136054500,5095633.0,100.0
202501,4136056500,232810.0,100.0
202501,4136057000,4049995.0,100.0
202501,4137051000,1615006.0,100.0
202501,4137053000,115754474.0,100.0
202501,4137054000,1520233.0,100.0
202501,4159025300,87839272.0,100.0
202501,4159025600,11958433.0,100.0
202501,4159025900,63937279.0,100.0
202501,4159026200,7953377.0,100.0
202501,4159031000,2220454.0,100.0
202501,4159032000,2994817.0,100.0
202501,4159033000,1559004.0,100.0
202502,4111760000,2409270.0,100.0
202502,4111761000,777217.0,100.0
202502,4122055000,150956.0,100.0
202502,4122056000,3145219.0,100.0
202502,4122057000,174728.0,100.0
202502,4122059000,49397.0,100.0
202502,4122060000,4327143.0,100.0
202502,4122062000,1834314.0,100.0
202502,4122063000,559139.0,100.0
202502,4122063500,622026.0,100.0
202501,4137055000,863966.0,100.0
202501,4137056000,256968.0,100.0
202501,4137057000,442864.0,100.0
202501,4159034000,6394872.0,100.0
202501,4159035000,9361103.0,100.0
202501,4159036000,454133894.0,100.0
202501,4159037000,3361983.0,100.0
202501,4159040000,2353895.0,100.0
202501,4159041000,13385321.0,100.0
202501,4159051500,391973.0,100.0
202501,4159052000,1325282.0,100.0
202501,4159053000,1996666.0,100.0
202501,4159054000,266872.0,100.0
202502,4122064000,672619.0,100.0
202502,4125051000,48451418.0,100.0
202502,4125052000,177728.0,100.0
202502,4125053500,255948.0,100.0
202502,4125056500,699516.0,100.0
202502,4125056600,598962.0,100.0
202502,4125058000,682088.0,100.0
202501,4159055000,3505867.0,100.0
202501,4159056000,287996.0,100.0
202501,4159057000,1336272.0,100.0
202501,4159058500,1682224.0,100.0
202501,4159058600,3087177.0,100.0
202501,4159058700,3935772.0,100.0
202501,4159058800,21044.0,100.0
202501,4159059000,6592134.0,100.0
202501,4159060000,1483210.0,100.0
202502,4127151000,516890.0,100.0
202502,4127151500,1181552.0,100.0
202502,4127152500,2111948.0,100.0
202502,4127153200,2484379.0,100.0
202502,4127153700,604962.0,100.0
202502,4127154000,2117390.0,100.0
202502,4127155000,300936.0,100.0
202502,4127156000,689100.0,100.0
202502,4127157000,522230.0,100.0
202501,4141051000,138341.0,100.0
202501,4141052000,200322412.0,100.0
202501,4141054000,670764.0,100.0
202501,4141055000,431784.0,100.0
202501,4141056000,888946.0,100.0
202501,4141057000,259538.0,100.0
202501,4141058000,866430.0,100.0
202501,4141059000,428630.0,100.0
202501,4141060000,303728.0,100.0
202501,4159061000,6228562.0,100.0
202501,4159062000,475522.0,100.0
202501,4161025000,47068240.0,100.0
202501,4161025300,183117070.0,100.0
202501,4161025900,21666370.0,100.0
202501,4161033000,4221063.0,100.0
202501,4161034000,15803704.0,100.0
202501,4161035000,384602.0,100.0
202501,4161037000,137727.0,100.0
202501,4161051000,1380702.0,100.0
202502,4127158000,1557660.0,100.0
202502,4127159000,646770.0,100.0
202502,4127160000,752943.0,100.0
202502,4127161000,146914.0,100.0
202502,4127351000,1429928.0,100.0
202502,4127352500,893478.0,100.0
202502,4127353200,8233584.0,100.0
202502,4127353500,1597134.0,100.0
202502,4127354500,1896992.0,100.0
202502,4127355500,1765677.0,100.0
202501,4141061000,1144653.0,100.0
202501,4141062000,2930213.0,100.0
202501,4143051000,81268.0,100.0
202501,4143052000,5194455.0,100.0
202501,4143053000,97733526.0,100.0
202501,4143054000,66006.0,100.0
202501,4143055000,35006.0,100.0
202501,4143056000,435960.0,100.0
202501,4145051000,5009792.0,100.0
202501,4161052000,3134039.0,100.0
202501,4161053000,2288800.0,100.0
202501,4163025000,19279369.0,100.0
202502,4127356500,764347.0,100.0
202502,4127357000,602401680.0,100.0
202502,4127358000,41106.0,100.0
202502,4127359000,1498041.0,100.0
202502,4127360000,1680554.0,100.0
202502,4127361000,263118.0,100.0
202502,4128151000,126033953.0,100.0
202502,4128152000,28184.0,100.0
202502,4128153000,398575.0,100.0
202502,4128154000,50140.0,100.0
202501,4145053000,920372.0,100.0
202501,4145054000,165237.0,100.0
202501,4145055000,1758988.0,100.0
202501,4145056000,363578.0,100.0
202501,4145057000,318369.0,100.0
202501,4145058200,140098.0,100.0
202501,4145059000,79735665.0,100.0
202501,4145060000,7354.0,100.0
202501,4163031000,1524427.0,100.0
202501,4163032000,1412600.0,100.0
202501,4163033000,35963210.0,100.0
202501,4163034000,1117805.0,100.0
202501,4163051000,353720.0,100.0
202501,4163052000,1554374.0,100.0
202501,4163053000,781723.0,100.0
202501,4163054000,544129.0,100.0
202501,4163055000,301964.0,100.0
202501,4163056000,306340.0,100.0
202502,4115051000,818520.0,100.0
202502,4115052000,527325.0,100.0
202502,4115054500,464452.0,100.0
202502,4115055500,43026.0,100.0
202502,4115056100,609940.0,100.0
202502,4115056700,93089796.0,100.0
202502,4115056800,336103.0,100.0
202502,4115057300,1989257.0,100.0
202502,4115057600,119854.0,100.0
202502,4115057800,582481.0,100.0
202502,4128155000,25439.0,100.0
202502,4128156000,575776.0,100.0
202502,4128157500,7428.0,100.0
202502,4128158000,158214.0,100.0
202502,4128159000,262311.0,100.0
202502,4128160000,36304.0,100.0
202502,4128161000,105808.0,100.0
202502,4128162100,180838.0,100.0
202501,4145061000,298698.0,100.0
202501,4145062000,5229558.0,100.0
202501,4146125000,11445493.0,100.0
202501,4146125300,4545706.0,100.0
202501,4146125600,8305737.0,100.0
202501,4146132000,2059242.0,100.0
202501,4146134000,1657977.0,100.0
202501,4146135000,4973574.0,100.0
202501,4146136000,6726786.0,100.0
202501,4165025000,19979686.0,100.0
202501,4165031000,12974046.0,100.0
202501,4165032000,1111880.0,100.0
202501,4165033000,2090454.0,100.0
202501,4165034000,20641592.0,100.0
202501,4165035000,507596.0,100.0
202501,4165036000,1504176.0,100.0
202501,4165037000,10994843.0,100.0
202501,4165038000,1109671.0,100.0
202501,4165039000,2332159.0,100.0
202502,4115058000,443068.0,100.0
202502,4115059500,144378.0,100.0
202502,4115061500,28440.0,100.0
202502,4117151000,662626.0,100.0
202502,4117154000,31168.0,100.0
202502,4117155000,1545326.0,100.0
202502,4117156000,359074.0,100.0
202502,4128162200,62400.0,100.0
202502,4128163000,11155.0,100.0
202502,4128164000,469783.0,100.0
202502,4128165000,25644.0,100.0
202502,4128166000,130683.0,100.0
202502,4128167000,120218.0,100.0
202502,4128551000,138956.0,100.0
202502,4128552000,181282.0,100.0
202501,4146151000,1414621.0,100.0
202501,4146152000,795960.0,100.0
202501,4146153000,891724.0,100.0
202501,4146154000,335947437.0,100.0
202501,4146351000,33856.0,100.0
202501,4146351600,926033.0,100.0
202501,4146351700,429698.0,100.0
202501,4146352000,3164252.0,100.0
202501,4165040000,291789.0,100.0
202501,4165041000,719031.0,100.0
202501,4165051000,1292005.0,100.0
202501,4165052000,339631.0,100.0
202501,4167025000,4553142.0,100.0
202501,4167031000,27999.0,100.0
202501,4167032000,591680.0,100.0
202501,4167033000,10322.0,100.0
202501,4167034000,112163909.0,100.0
202501,4167035000,1760043.0,100.0
202501,4167036000,210206.0,100.0
202501,4167037000,3820.0,100.0
202502,4117157000,195365.0,100.0
202502,4117158100,3484.0,100.0
202502,4117159000,1018886.0,100.0
202502,4117160000,606188.0,100.0
202502,4117161000,214827.0,100.0
202502,4117351000,306860.0,100.0
202502,4117352000,380870595.0,100.0
202501,4127355500,1635358.0,100.0
202501,4127356500,478674.0,100.0
202501,4127357000,553549090.0,100.0
202501,4127358000,8748.0,100.0
202501,4127359000,1376392.0,100.0
202501,4127360000,1544446.0,100.0
202501,4127361000,474335.0,100.0
202501,4128151000,176010929.0,100.0
202501,4128152000,55760.0,100.0
202501,4128153000,332786.0,100.0
202501,4146353000,105028.0,100.0
202501,4146353500,310720.0,100.0
202501,4146354000,89321085.0,100.0
202501,4146355000,484492.0,100.0
202501,4146356000,253351.0,100.0
202501,4146357000,562062.0,100.0
202501,4146357200,1054233.0,100.0
202501,4146357500,1346536.0,100.0
202501,4146357700,435808.0,100.0
202501,4146358600,357759.0,100.0
202501,4167038000,7482.0,100.0
202501,4167051000,1033335.0,100.0
202501,4167052000,579960.0,100.0
202501,4167053000,110050.0,100.0
202501,4180025000,15482896.0,100.0
202501,4180025300,32028666.0,100.0
202501,4180031000,1246569.0,100.0
202501,4180032000,11913725.0,100.0
202501,4180033000,708811.0,100.0
202501,4180034000,13160.0,100.0
202501,4180035000,112915.0,100.0
202501,4180036000,1976571.0,100.0
202502,4117353000,470013.0,100.0
202502,4117354000,650614.0,100.0
202502,4117354600,547340.0,100.0
202502,4117355000,308262.0,100.0
202502,4117356000,1580069.0,100.0
202502,4117356600,447106.0,100.0
202502,4117357000,2162369.0,100.0
202502,4117357600,277709.0,100.0
202502,4117358000,1589525.0,100.0
202501,4128154000,149934.0,100.0
202501,4128155000,32075.0,100.0
202501,4128156000,373012.0,100.0
202501,4128157500,16836.0,100.0
202501,4128158000,146162.0,100.0
202501,4128159000,400596.0,100.0
202501,4128160000,86914.0,100.0
202501,4128161000,227443.0,100.0
202501,4128162100,224862.0,100.0
202501,4146359000,798987.0,100.0
202501,4146551000,670088.0,100.0
202501,4146552000,2413287.0,100.0
202501,4146553000,1649596.0,100.0
202501,4146554000,897258.0,100.0
202501,4146555000,87620.0,100.0
202501,4146556000,334339.0,100.0
202501,4146557000,1701179.0,100.0
202501,4180038000,150006.0,100.0
202501,4182025000,35875902.0,100.0
202501,4182031000,8933687.0,100.0
202501,4182032500,17304908.0,100.0
202501,4182033000,1198640.0,100.0
202501,4182034500,1562545.0,100.0
202501,4182035000,1535740.0,100.0
202501,4183025000,61993183.0,100.0
202501,4183031000,5340265.0,100.0
202501,4183032000,1482760.0,100.0
202501,4183033000,5381665.0,100.0
202502,4117359000,24056.0,100.0
202502,4117360000,356562.0,100.0
202502,4117361000,632210.0,100.0
202502,4117362000,356142.0,100.0
202502,4119060300,704056.0,100.0
202502,4119060600,137432855.0,100.0
202502,4119061000,234456.0,100.0
202502,4119074200,3376635.0,100.0
202502,4119074400,2109215.0,100.0
202502,4119074600,584681.0,100.0
202502,4119075000,755505.0,100.0
202502,4119079500,783817.0,100.0
202502,4119080000,3558700.0,100.0
202502,4119083000,3122520.0,100.0
202501,4128162200,49108.0,100.0
202501,4128163000,10000.0,100.0
202501,4128164000,587119.0,100.0
202501,4128165000,36086.0,100.0
202501,4128166000,429654.0,100.0
202501,4128167000,87848.0,100.0
202501,4128551000,251938.0,100.0
202501,4146559000,1291351.0,100.0
202501,4148025000,53446189.0,100.0
202501,4148025300,551475537.0,100.0
202501,4148025600,8543773.0,100.0
202501,4148026200,37978881.0,100.0
202501,4148031000,6813715.0,100.0
202501,4148032000,13842701.0,100.0
202501,4148035000,15753598.0,100.0
202501,4183034000,427385.0,100.0
202501,4183035000,5768131.0,100.0
202501,4183036000,430076.0,100.0
202501,4183037000,1523283.0,100.0
202501,4183038000,550191.0,100.0
202501,4183039500,2462596.0,100.0
202501,4183040000,21831586.0,100.0
202501,4183041000,1091119.0,100.0
202502,4111156000,742091.0,100.0
202502,4111156600,2360098.0,100.0
202502,4111157100,289670.0,100.0
202501,4128552000,297012.0,100.0
202501,4128553000,230045.0,100.0
202501,4128554000,353540.0,100.0
202501,4128555100,314248.0,100.0
202501,4128555200,244147.0,100.0
202501,4128556000,403948.0,100.0
202501,4128558000,290707.0,100.0
202501,4128559000,59436.0,100.0
202501,4148036000,230579.0,100.0
202501,4148037000,9346715.0,100.0
202501,4148038000,60450.0,100.0
202501,4148051000,4945194.0,100.0
202501,4148052000,1174984.0,100.0
202501,4148053000,1830024.0,100.0
202501,4148054000,6259747.0,100.0
202501,4148055000,4018106.0,100.0
202501,4148056000,1718196.0,100.0
202501,4148057000,699553.0,100.0
202502,4111157200,410751.0,100.0
202502,4111157300,1177815.0,100.0
202502,4111158000,388288.0,100.0
202502,4111159100,713486.0,100.0
202502,4111159700,1154138.0,100.0
202502,4111159800,154188.0,100.0
202502,4111160000,208832.0,100.0
202502,4111352000,25334.0,100.0
202502,4111353000,434086.0,100.0
202502,4111354000,39788.0,100.0
202501,4128560000,44514.0,100.0
202501,4128751000,148994.0,100.0
202501,4128752000,1469998.0,100.0
202501,4128754000,160536.0,100.0
202501,4128755000,387018.0,100.0
202501,4128756000,41276.0,100.0
202501,4128757000,323971.0,100.0
202501,4128758000,128632.0,100.0
202501,4150025000,10439191.0,100.0
202501,4150025300,61965957.0,100.0
202501,4150031000,3539758.0,100.0
202501,4150032000,6528584.0,100.0
202501,4150033000,2505584.0,100.0
202501,4150034000,3865631.0,100.0
202501,4150035000,173438762.0,100.0
202501,4150036000,337791.0,100.0
202502,4111355000,416678.0,100.0
202502,4111356000,942815.0,100.0
202502,4111366200,2079305.0,100.0
202502,4111366400,1630697.0,100.0
202502,4111367000,565504.0,100.0
202502,4111368000,1651548.0,100.0
202502,4111369000,2037253.0,100.0
202502,4111370000,5000.0,100.0
202501,4128759000,41377.0,100.0
202501,4129051000,2094356.0,100.0
202501,4129052000,4664765.0,100.0
202501,4129053000,385574.0,100.0
202501,4129054000,108581177.0,100.0
202501,4131051000,9896188.0,100.0
202501,4150037000,700155.0,100.0
202501,4150038000,654960.0,100.0
202501,4150051000,887143.0,100.0
202501,4150051500,3104838.0,100.0
202501,4150052000,954859.0,100.0
202501,4150053000,667202.0,100.0
202501,4155025000,61798156.0,100.0
202501,4155031000,103195356.0,100.0
202501,4155032000,8758205.0,100.0
202501,4155033000,1295775.0,100.0
202501,4155034000,5916992.0,100.0
202501,4127157000,540617.0,100.0
202501,4127158000,1641985.0,100.0
202501,4127159000,735844.0,100.0
202501,4127160000,627370.0,100.0
202501,4127161000,168682.0,100.0
202501,4127351000,1147948.0,100.0
202501,4127352500,756405.0,100.0
202501,4127353200,6046398.0,100.0
202501,4127353500,1436904.0,100.0
202501,4127354500,1160646.0,100.0
202502,4146557000,2275745.0,100.0
202502,4146559000,1681509.0,100.0
202502,4148025000,74988161.0,100.0
202502,4148025300,797903497.0,100.0
202502,4148025600,11723216.0,100.0
202502,4148026200,51735103.0,100.0
202502,4148031000,13398673.0,100.0
202502,4148032000,21410767.0,100.0
202502,4183034000,605101.0,100.0
202502,4183035000,5992011.0,100.0
202502,4183036000,524906.0,100.0
202502,4183037000,1848193.0,100.0
202502,4183038000,587554.0,100.0
202502,4183039500,2576397.0,100.0
202502,4183040000,28605824.0,100.0
202502,4183041000,1336772.0,100.0
202503,4111156000,414345.0,100.0
202503,4111156600,1544115.0,100.0
202503,4111157100,197070.0,100.0
202502,4128553000,186846.0,100.0
202502,4128554000,266782.0,100.0
202502,4128555100,213882.0,100.0
202502,4128555200,182842.0,100.0
202502,4128556000,381364.0,100.0
202502,4128558000,77227.0,100.0
202502,4128559000,59192.0,100.0
202502,4128560000,23056.0,100.0
202502,4148035000,20665588.0,100.0
202502,4148036000,84284.0,100.0
202502,4148037000,9929946.0,100.0
202502,4148051000,7932589.0,100.0
202502,4148052000,1660654.0,100.0
202502,4148053000,3239446.0,100.0
202502,4148054000,9258070.0,100.0
202502,4148055000,6471348.0,100.0
202502,4148056000,2941056.0,100.0
202502,4148057000,1627858.0,100.0
202503,4111157200,350730.0,100.0
202503,4111157300,910937.0,100.0
202503,4111158000,254958.0,100.0
202503,4111159100,753830.0,100.0
202503,4111159700,809909.0,100.0
202503,4111159800,187438.0,100.0
202503,4111160000,124764.0,100.0
202503,4111352000,13394.0,100.0
202503,4111353000,169248.0,100.0
202502,4128751000,364738.0,100.0
202502,4128752000,767160.0,100.0
202502,4128754000,226809.0,100.0
202502,4128755000,435030.0,100.0
202502,4128756000,68527.0,100.0
202502,4128757000,245434.0,100.0
202502,4128758000,105342.0,100.0
202502,4128759000,58812.0,100.0
202502,4150025000,8086597.0,100.0
202502,4150025300,63289026.0,100.0
202502,4150031000,4012993.0,100.0
202502,4150032000,6050241.0,100.0
202502,4150033000,2465843.0,100.0
202502,4150034000,5259097.0,100.0
202502,4150035000,177805234.0,100.0
202503,4111354000,22180.0,100.0
202503,4111355000,290529.0,100.0
202503,4111356000,965737.0,100.0
202503,4111366200,1561302.0,100.0
202503,4111366400,1182022.0,100.0
202503,4111367000,509088.0,100.0
202503,4111368000,2086338.0,100.0
202503,4111369000,1272979.0,100.0
202503,4111370000,6000.0,100.0
202503,4121054000,24064.0,100.0
202503,4121055000,5084327.0,100.0
202503,4121056000,518462.0,100.0
202503,4121057000,111326.0,100.0
202503,4121058000,448346.0,100.0
202503,4121059000,129212.0,100.0
202502,4129051000,2177727.0,100.0
202502,4129052000,4061302.0,100.0
202502,4129053000,808712.0,100.0
202502,4129054000,117143803.0,100.0
202502,4131051000,12060382.0,100.0
202502,4131052000,1386784.0,100.0
202502,4131053000,181215641.0,100.0
202502,4150036000,399633.0,100.0
202502,4150037000,705084.0,100.0
202502,4150038000,713384.0,100.0
202502,4150051000,987441.0,100.0
202502,4150051500,3349139.0,100.0
202502,4150052000,891032.0,100.0
202502,4150053000,624412.0,100.0
202502,4155025000,59452273.0,100.0
202502,4155031000,86331397.0,100.0
202502,4155032000,9137643.0,100.0
202502,4155033000,1118472.0,100.0
202502,4155034000,4582615.0,100.0
202503,4111565000,193012.0,100.0
202503,4111566000,757269230.0,100.0
202503,4111567000,3568666.0,100.0
202503,4111568000,985001.0,100.0
202503,4111569000,70722.0,100.0
202503,4111570000,587889.0,100.0
202503,4111571000,246313.0,100.0
202503,4111572000,108584.0,100.0
202503,4111573000,940107.0,100.0
202503,4111574000,3278048.0,100.0
202503,4121060000,313454.0,100.0
202503,4121061000,3418293.0,100.0
202503,4121062000,959008.0,100.0
202503,4121063100,628650105.0,100.0
202503,4121063300,1982210.0,100.0
202503,4121063400,878814.0,100.0
202503,4121064000,2585915.0,100.0
202503,4121065000,758922.0,100.0
202502,4131054100,118524.0,100.0
202502,4131054200,1371564.0,100.0
202502,4131057000,675770.0,100.0
202502,4131058000,1832497.0,100.0
202502,4131059000,1469329.0,100.0
202502,4136025000,67394176.0,100.0
202502,4136025300,58364318.0,100.0
202502,4136025600,61795852.0,100.0
202502,4136025900,9523367.0,100.0
202502,4155035000,22397317.0,100.0
202502,4155036000,6466251.0,100.0
202502,4155038000,5878575.0,100.0
202502,4155039000,7535897.0,100.0
202502,4155040000,10965568.0,100.0
202502,4155041000,3488714.0,100.0
202502,4155042000,1262211.0,100.0
202502,4155051000,940087.0,100.0
202502,4155052000,2862179.0,100.0
202502,4155053000,2035660.0,100.0
202503,4111752000,611220.0,100.0
202503,4111753000,387631.0,100.0
202503,4111754000,3366523.0,100.0
202503,4111755000,35198.0,100.0
202503,4111757000,82592.0,100.0
202503,4111758000,454190.0,100.0
202503,4111758500,916789.0,100.0
202503,4122025000,7226640.0,100.0
202503,4122025300,21116377.0,100.0
202503,4122025600,8823047.0,100.0
202503,4122025900,2984586.0,100.0
202503,4122031000,756038.0,100.0
202503,4122032000,374059.0,100.0
202503,4122033000,3205538.0,100.0
202503,4122034000,134658498.0,100.0
202503,4122037000,759927.0,100.0
202502,4136026200,27044725.0,100.0
202502,4136026500,8009382.0,100.0
202502,4136031000,11344210.0,100.0
202502,4136034000,1542352.0,100.0
202502,4136036000,669810.0,100.0
202502,4136051000,216590624.0,100.0
202502,4136052000,1896057.0,100.0
202502,4136053000,491917.0,100.0
202502,4136054000,214912.0,100.0
202502,4136054500,6545391.0,100.0
202503,4111759600,83573.0,100.0
202503,4111760000,1388265.0,100.0
202503,4111761000,476693.0,100.0
202503,4122051000,1955079.0,100.0
202503,4122052000,178290.0,100.0
202503,4122053500,234850.0,100.0
202503,4122055000,174030.0,100.0
202503,4122056000,2363526.0,100.0
202503,4122057000,217543.0,100.0
202503,4122059000,91551.0,100.0
202503,4122060000,3123387.0,100.0
202502,4136056500,272698.0,100.0
202502,4136057000,5724704.0,100.0
202502,4137051000,1739858.0,100.0
202502,4137053000,117393315.0,100.0
202502,4137054000,3460614.0,100.0
202502,4137055000,1045754.0,100.0
202502,4137056000,310952.0,100.0
202502,4159025300,84765265.0,100.0
202502,4159025600,11087654.0,100.0
202502,4159025900,57073543.0,100.0
202502,4159026200,6398025.0,100.0
202502,4159031000,1795930.0,100.0
202502,4159032000,2932558.0,100.0
202503,4122062000,2157136.0,100.0
202503,4122063000,815073.0,100.0
202503,4122063500,418288.0,100.0
202503,4122064000,372065.0,100.0
202503,4125051000,45314825.0,100.0
202503,4125052000,204120.0,100.0
202503,4125053500,237434.0,100.0
202502,4137057000,497066.0,100.0
202502,4159033000,1635360.0,100.0
202502,4159034000,4468660.0,100.0
202502,4159035000,6223468.0,100.0
202502,4159036000,397728751.0,100.0
202502,4159037000,3263416.0,100.0
202502,4159040000,1956848.0,100.0
202502,4159041000,9571723.0,100.0
202502,4159051500,477510.0,100.0
202502,4159052000,1863807.0,100.0
202502,4159053000,2058899.0,100.0
202503,4125056500,724522.0,100.0
202503,4125056600,603490.0,100.0
202503,4125058000,588783.0,100.0
202503,4127151000,521198.0,100.0
202503,4127151500,1305960.0,100.0
202503,4127152500,1976039.0,100.0
202503,4127153200,2476487.0,100.0
202503,4127153700,634871.0,100.0
202503,4127154000,1905447.0,100.0
202502,4159054000,403545.0,100.0
202502,4159055000,3393094.0,100.0
202502,4159056000,298040.0,100.0
202502,4159057000,1081650.0,100.0
202502,4159058500,2040290.0,100.0
202502,4159058600,3602922.0,100.0
202502,4159058700,2514773.0,100.0
202502,4159058800,31082.0,100.0
202502,4159059000,6612136.0,100.0
202502,4159060000,1344652.0,100.0
202503,4127155000,340622.0,100.0
202503,4127156000,623122.0,100.0
202503,4127157000,572938.0,100.0
202503,4127158000,1743557.0,100.0
202503,4127159000,1045214.0,100.0
202503,4127160000,912650.0,100.0
202503,4127161000,160274.0,100.0
202503,4127351000,1085254.0,100.0
202503,4127352500,470923.0,100.0
202502,4141051000,179444.0,100.0
202502,4141052000,224916040.0,100.0
202502,4141054000,700938.0,100.0
202502,4141055000,474596.0,100.0
202502,4141056000,867244.0,100.0
202502,4141057000,211250.0,100.0
202502,4141058000,804464.0,100.0
202502,4159061000,5545781.0,100.0
202502,4159062000,370842.0,100.0
202502,4161025000,47113309.0,100.0
202502,4161025300,187667008.0,100.0
202502,4161025900,20414810.0,100.0
202502,4161033000,4280321.0,100.0
202502,4161034000,14468442.0,100.0
202502,4161035000,428751.0,100.0
202502,4161037000,204127.0,100.0
202502,4161051000,1605173.0,100.0
202503,4127353200,6846765.0,100.0
202503,4127353500,1809742.0,100.0
202503,4127354500,1942727.0,100.0
202503,4127355500,1629647.0,100.0
202503,4127356500,1326594.0,100.0
202503,4127357000,587633018.0,100.0
202503,4127358000,99488.0,100.0
202503,4127359000,1584412.0,100.0
202503,4127360000,1840028.0,100.0
202503,4127361000,252758.0,100.0
202502,4141059000,689161.0,100.0
202502,4141060000,710683.0,100.0
202502,4141061000,1370789.0,100.0
202502,4141062000,4250052.0,100.0
202502,4143051000,81442.0,100.0
202502,4143052000,4288232.0,100.0
202502,4143053000,88718455.0,100.0
202502,4143054000,58134.0,100.0
202502,4143055000,113470.0,100.0
202502,4161052000,2617180.0,100.0
202502,4161053000,1644032.0,100.0
202502,4163025000,16005544.0,100.0
202503,4115051000,809660.0,100.0
202503,4115052000,578419.0,100.0
202503,4115054500,575229.0,100.0
202503,4115055500,33152.0,100.0
202503,4115056100,711211.0,100.0
202503,4115056700,81641260.0,100.0
202503,4115056800,714408.0,100.0
202503,4115057300,1944875.0,100.0
202503,4115057600,164952.0,100.0
202503,4128151000,86221592.0,100.0
202503,4128152000,11250.0,100.0
202503,4128153000,446882.0,100.0
202503,4128154000,61469.0,100.0
202503,4128155000,53017.0,100.0
202503,4128156000,145782.0,100.0
202503,4128157500,15870.0,100.0
202503,4128158000,53598.0,100.0
202503,4128159000,232604.0,100.0
202502,4143056000,303193.0,100.0
202502,4145051000,5098505.0,100.0
202502,4145053000,1165404.0,100.0
202502,4145054000,149497.0,100.0
202502,4145055000,1829005.0,100.0
202502,4145056000,446430.0,100.0
202502,4145057000,350852.0,100.0
202502,4145058200,194204.0,100.0
202502,4163031000,1515306.0,100.0
202502,4163032000,849646.0,100.0
202502,4163033000,39150412.0,100.0
202502,4163034000,1246032.0,100.0
202502,4163051000,85516.0,100.0
202502,4163052000,968426.0,100.0
202502,4163053000,646947.0,100.0
202502,4163054000,736595.0,100.0
202502,4163055000,356684.0,100.0
202502,4163056000,544911.0,100.0
202503,4115057800,635147.0,100.0
202503,4115058000,447962.0,100.0
202503,4115059500,111811.0,100.0
202503,4115061500,44786.0,100.0
202503,4117151000,437526.0,100.0
202503,4117152000,36024.0,100.0
202503,4117154000,46946.0,100.0
202503,4128160000,75899.0,100.0
202503,4128161000,86414.0,100.0
202503,4128162100,106832.0,100.0
202503,4128162200,68404.0,100.0
202503,4128163000,28268.0,100.0
202503,4128164000,302314.0,100.0
202503,4128165000,20056.0,100.0
202503,4128166000,74263.0,100.0
202502,4145059000,74008008.0,100.0
202502,4145060000,7142.0,100.0
202502,4145061000,413626.0,100.0
202502,4145062000,6049047.0,100.0
202502,4146125000,14182724.0,100.0
202502,4146125300,5152902.0,100.0
202502,4146125600,7826840.0,100.0
202502,4146132000,2683753.0,100.0
202502,4146134000,1649038.0,100.0
202502,4165025000,23319090.0,100.0
202502,4165031000,7050670.0,100.0
202502,4165032000,1232386.0,100.0
202502,4165033000,2023828.0,100.0
202502,4165034000,19288827.0,100.0
202502,4165035000,598082.0,100.0
202502,4165036000,1619911.0,100.0
202502,4165037000,6423283.0,100.0
202502,4165038000,779396.0,100.0
202502,4165039000,1957623.0,100.0
202503,4117155000,1652536.0,100.0
202503,4117156000,400962.0,100.0
202503,4117157000,146894.0,100.0
202503,4117158000,35340.0,100.0
202503,4117158100,3366.0,100.0
202503,4117159000,865724.0,100.0
202503,4117160000,552871.0,100.0
202503,4117161000,175341.0,100.0
202503,4117351000,377927.0,100.0
202503,4128167000,28372.0,100.0
202503,4128551000,194860.0,100.0
202503,4128552000,132935.0,100.0
202503,4128553000,87941.0,100.0
202503,4128554000,213660.0,100.0
202503,4128555100,142176.0,100.0
202503,4128555200,119067.0,100.0
202503,4128556000,410604.0,100.0
202502,4146135000,3793373.0,100.0
202502,4146136000,6836591.0,100.0
202502,4146151000,1271161.0,100.0
202502,4146152000,1118190.0,100.0
202502,4146153000,899538.0,100.0
202502,4146154000,400085730.0,100.0
202502,4146351000,49696.0,100.0
202502,4146351600,1234918.0,100.0
202502,4146351700,422262.0,100.0
202502,4165040000,370639.0,100.0
202502,4165041000,719316.0,100.0
202502,4165051000,1470680.0,100.0
202502,4165052000,407585.0,100.0
202502,4167025000,3871737.0,100.0
202502,4167031000,3470.0,100.0
202502,4167032000,713061.0,100.0
202502,4167033000,10000.0,100.0
202502,4167034000,97497711.0,100.0
202502,4167035000,1496741.0,100.0
202502,4167036000,91656.0,100.0
202502,4167037000,1284.0,100.0
202503,4117352000,408049871.0,100.0
202503,4117353000,291043.0,100.0
202503,4117354000,709206.0,100.0
202503,4117354600,758726.0,100.0
202503,4117355000,286398.0,100.0
202503,4117356000,1496322.0,100.0
202503,4117356600,159635.0,100.0
202503,4117357000,2098191.0,100.0
202503,4117357600,264991.0,100.0
202503,4128558000,8604.0,100.0
202503,4128559000,118196.0,100.0
202503,4128560000,28138.0,100.0
202503,4128751000,35274.0,100.0
202503,4128752000,558627.0,100.0
202503,4128754000,80385.0,100.0
202503,4128755000,89927.0,100.0
202502,4146352000,4122639.0,100.0
202502,4146353000,123647.0,100.0
202502,4146353500,585060.0,100.0
202502,4146354000,110046070.0,100.0
202502,4146355000,1397004.0,100.0
202502,4146356000,394554.0,100.0
202502,4146357000,235678.0,100.0
202502,4146357200,1085864.0,100.0
202502,4146357500,1876443.0,100.0
202502,4167051000,1620125.0,100.0
202502,4167052000,339586.0,100.0
202502,4167053000,63164.0,100.0
202502,4180025000,15061207.0,100.0
202502,4180025300,30950578.0,100.0
202502,4180031000,1644498.0,100.0
202502,4180032000,11688992.0,100.0
202502,4180033000,720775.0,100.0
202502,4180034000,14428.0,100.0
202502,4180035000,43928.0,100.0
202502,4180036000,1705433.0,100.0
202503,4117358000,1531815.0,100.0
202503,4117359000,14514.0,100.0
202503,4117360000,736810.0,100.0
202503,4117361000,671818.0,100.0
202503,4117362000,361418.0,100.0
202503,4119060300,775000.0,100.0
202503,4119060600,141276982.0,100.0
202503,4119061000,304966.0,100.0
202503,4119074200,3361126.0,100.0
202503,4119074400,2341363.0,100.0
202503,4119074600,766214.0,100.0
202503,4119075000,668590.0,100.0
202503,4119079500,735807.0,100.0
202503,4119080000,3870305.0,100.0
202503,4119083000,3112586.0,100.0
202503,4128756000,17405.0,100.0
202503,4128757000,110303.0,100.0
202503,4128758000,111586.0,100.0
202503,4128759000,187247.0,100.0
202503,4129051000,1873689.0,100.0
202503,4129052000,3774483.0,100.0
202503,4129053000,538580.0,100.0
202503,4129054000,112768926.0,100.0
202502,4146357700,635760.0,100.0
202502,4146358600,731331.0,100.0
202502,4146359000,1075721.0,100.0
202502,4146551000,576328.0,100.0
202502,4146552000,3110845.0,100.0
202502,4146553000,1347591.0,100.0
202502,4146554000,880248.0,100.0
202502,4146555000,77878.0,100.0
202502,4146556000,423088.0,100.0
202502,4180038000,195814.0,100.0
202502,4182025000,31767049.0,100.0
202502,4182031000,4933622.0,100.0
202502,4182032500,19061559.0,100.0
202502,4182033000,1273449.0,100.0
202502,4182034500,1781558.0,100.0
202502,4182035000,1268780.0,100.0
202502,4183025000,71553238.0,100.0
202502,4183031000,5221096.0,100.0
202502,4183032000,1546297.0,100.0
202502,4183033000,5868059.0,100.0
202503,4131051000,9046921.0,100.0
202503,4131052000,1259110.0,100.0
202503,4131053000,165047107.0,100.0
202503,4131054100,321054.0,100.0
202503,4131054200,559851.0,100.0
202503,4131057000,705446.0,100.0
202503,4131058000,1517526.0,100.0
202503,4131059000,1468388.0,100.0
202504,4127353500,1744846.0,100.0
202504,4127354500,1642498.0,100.0
202504,4127355500,1429110.0,100.0
202504,4127356500,518623.0,100.0
202504,4127357000,503463325.0,100.0
202504,4127358000,102198.0,100.0
202504,4127359000,1394489.0,100.0
202504,4127360000,1635282.0,100.0
202504,4127361000,236954.0,100.0
202503,4145058200,198430.0,100.0
202503,4145059000,71381718.0,100.0
202503,4145060000,31224.0,100.0
202503,4145061000,455140.0,100.0
202503,4145062000,5991556.0,100.0
202503,4146125000,13713335.0,100.0
202503,4146125300,5073070.0,100.0
202503,4146125600,5355181.0,100.0
202503,4163053000,819196.0,100.0
202503,4163054000,585489.0,100.0
202503,4163055000,472636.0,100.0
202503,4163056000,720064.0,100.0
202503,4165025000,21204644.0,100.0
202503,4165031000,7102858.0,100.0
202503,4165032000,1128573.0,100.0
202503,4165033000,1741967.0,100.0
202504,4115055500,97638.0,100.0
202504,4115056100,470663.0,100.0
202504,4115056700,67031155.0,100.0
202504,4115056800,190325.0,100.0
202504,4115057300,1561659.0,100.0
202504,4115057600,172336.0,100.0
202504,4115057800,405363.0,100.0
202504,4115058000,331067.0,100.0
202504,4115059500,123478.0,100.0
202504,4128151000,54848858.0,100.0
202504,4128152000,19826.0,100.0
202504,4128153000,113238.0,100.0
202504,4128154000,35866.0,100.0
202504,4128155000,93677.0,100.0
202504,4128156000,64540.0,100.0
202504,4128157500,7466.0,100.0
202504,4128158000,56264.0,100.0
202504,4128159000,235265.0,100.0
202503,4146132000,2149540.0,100.0
202503,4146134000,1484035.0,100.0
202503,4146135000,3205733.0,100.0
202503,4146136000,6508071.0,100.0
202503,4146151000,1426298.0,100.0
202503,4146152000,1374412.0,100.0
202503,4146153000,1064604.0,100.0
202503,4146154000,386608918.0,100.0
202503,4146351000,66434.0,100.0
202503,4165034000,19461646.0,100.0
202503,4165035000,714457.0,100.0
202503,4165036000,1565501.0,100.0
202503,4165037000,7179019.0,100.0
202503,4165038000,962766.0,100.0
202503,4165039000,1854030.0,100.0
202503,4165040000,409898.0,100.0
202503,4165041000,581734.0,100.0
202503,4165051000,1747101.0,100.0
202503,4165052000,303874.0,100.0
202503,4167025000,4201757.0,100.0
202503,4167031000,322.0,100.0
202504,4115061500,42156.0,100.0
202504,4117151000,243566.0,100.0
202504,4117152000,21878.0,100.0
202504,4117153000,1786.0,100.0
202504,4117154000,93526.0,100.0
202504,4117155000,1438102.0,100.0
202504,4117156000,340414.0,100.0
202504,4117157000,198599.0,100.0
202504,4117158000,48072.0,100.0
202504,4128160000,73569.0,100.0
202504,4128161000,56878.0,100.0
202504,4128162100,78073.0,100.0
202504,4128162200,43516.0,100.0
202504,4128163000,9166.0,100.0
202504,4128164000,226589.0,100.0
202504,4128165000,12632.0,100.0
202504,4128166000,47602.0,100.0
202503,4146351600,1023583.0,100.0
202503,4146351700,487812.0,100.0
202503,4146352000,4014703.0,100.0
202503,4146353000,75059.0,100.0
202503,4146353500,367932.0,100.0
202503,4146354000,98753525.0,100.0
202503,4146355000,744814.0,100.0
202503,4146356000,256448.0,100.0
202503,4146357000,381258.0,100.0
202503,4167032000,284977.0,100.0
202503,4167033000,22708.0,100.0
202503,4167034000,90742462.0,100.0
202503,4167035000,1548963.0,100.0
202503,4167036000,143624.0,100.0
202503,4167037000,2424.0,100.0
202503,4167038000,2192.0,100.0
202503,4167051000,2011561.0,100.0
202503,4167052000,328560.0,100.0
202503,4167053000,119778.0,100.0
202503,4180025000,13846777.0,100.0
202504,4117159000,858234.0,100.0
202504,4117160000,587621.0,100.0
202504,4117161000,151572.0,100.0
202504,4117351000,391324.0,100.0
202504,4117352000,335543260.0,100.0
202504,4117353000,309005.0,100.0
202504,4117354000,640146.0,100.0
202504,4128167000,31392.0,100.0
202504,4128551000,67264.0,100.0
202504,4128552000,99595.0,100.0
202504,4128553000,71892.0,100.0
202504,4128554000,159762.0,100.0
202504,4128555100,103746.0,100.0
202504,4128555200,78198.0,100.0
202504,4128556000,134878.0,100.0
202503,4146357200,1164718.0,100.0
202503,4146357500,1548869.0,100.0
202503,4146357700,583939.0,100.0
202503,4146358600,537851.0,100.0
202503,4146359000,1040765.0,100.0
202503,4146551000,605894.0,100.0
202503,4146552000,2766035.0,100.0
202503,4146553000,1484954.0,100.0
202503,4146554000,446749.0,100.0
202503,4146555000,114334.0,100.0
202503,4180025300,59600381.0,100.0
202503,4180031000,1413361.0,100.0
202503,4180032000,13911012.0,100.0
202503,4180033000,670776.0,100.0
202503,4180034000,1354.0,100.0
202503,4180035000,219740.0,100.0
202503,4180036000,1806171.0,100.0
202503,4180038000,172020.0,100.0
202503,4182025000,34486306.0,100.0
202503,4182031000,5809509.0,100.0
202503,4182032500,17016108.0,100.0
202503,4182033000,1177924.0,100.0
202504,4117354600,552074.0,100.0
202504,4117355000,292380.0,100.0
202504,4117356000,1403838.0,100.0
202504,4117356600,63327.0,100.0
202504,4117357000,1585851.0,100.0
202504,4117357600,236524.0,100.0
202504,4117358000,644558.0,100.0
202504,4117359000,36880.0,100.0
202504,4117360000,448533.0,100.0
202504,4128558000,9419.0,100.0
202504,4128559000,76892.0,100.0
202504,4128560000,11080.0,100.0
202504,4128751000,66125.0,100.0
202504,4128752000,331390.0,100.0
202504,4128754000,50865.0,100.0
202504,4128755000,23865.0,100.0
202503,4146556000,853119.0,100.0
202503,4146557000,1733034.0,100.0
202503,4146559000,1484143.0,100.0
202503,4148025000,56113390.0,100.0
202503,4148025300,610301787.0,100.0
202503,4148025600,8487701.0,100.0
202503,4148026200,38544241.0,100.0
202503,4182034500,2363970.0,100.0
202503,4182035000,1203752.0,100.0
202503,4183025000,60195184.0,100.0
202503,4183031000,5597645.0,100.0
202503,4183032000,1682388.0,100.0
202503,4183033000,5381235.0,100.0
202503,4183034000,576843.0,100.0
202503,4183035000,5681368.0,100.0
202503,4183036000,396472.0,100.0
202503,4183037000,1821838.0,100.0
202504,4117361000,693102.0,100.0
202504,4117362000,4000.0,100.0
202504,4119060300,596226.0,100.0
202504,4119060600,110860560.0,100.0
202504,4119061000,193656.0,100.0
202504,4119074200,2599961.0,100.0
202504,4119074400,1547863.0,100.0
202504,4119074600,538789.0,100.0
202504,4119075000,522743.0,100.0
202504,4119079500,758655.0,100.0
202504,4119080000,3091553.0,100.0
202504,4119083000,1952307.0,100.0
202504,4128756000,28799.0,100.0
202504,4128757000,30744.0,100.0
202504,4128758000,43282.0,100.0
202504,4128759000,56978.0,100.0
202504,4129051000,1855226.0,100.0
202504,4129052000,2676897.0,100.0
202504,4129053000,368624.0,100.0
202504,4129054000,88573711.0,100.0
202503,4148031000,9117056.0,100.0
202503,4148032000,15101276.0,100.0
202503,4148035000,17833749.0,100.0
202503,4148036000,58063.0,100.0
202503,4148037000,7369961.0,100.0
202503,4148051000,5945760.0,100.0
202503,4148052000,931798.0,100.0
202503,4148053000,2164986.0,100.0
202503,4148054000,8265115.0,100.0
202503,4148055000,5717661.0,100.0
202503,4183038000,554190.0,100.0
202503,4183039500,2469839.0,100.0
202503,4183040000,30860716.0,100.0
202503,4183041000,983268.0,100.0
202504,4111156000,300889.0,100.0
202504,4111156600,1161495.0,100.0
202504,4111157100,125740.0,100.0
202504,4111157200,326598.0,100.0
202504,4111157300,833920.0,100.0
202504,4111158000,241200.0,100.0
202504,4131051000,7125771.0,100.0
202504,4131052000,949896.0,100.0
202504,4131053000,123590328.0,100.0
202504,4131054100,397426.0,100.0
202504,4131054200,345900.0,100.0
202504,4131057000,656554.0,100.0
202504,4131058000,1196704.0,100.0
202504,4131059000,1617569.0,100.0
202504,4136025000,50943074.0,100.0
202503,4148056000,2348958.0,100.0
202503,4148057000,1009848.0,100.0
202503,4150025000,6685407.0,100.0
202503,4150025300,49811147.0,100.0
202503,4150031000,4149243.0,100.0
202503,4150032000,5298848.0,100.0
202504,4111159100,481992.0,100.0
202504,4111159700,692113.0,100.0
202504,4111159800,153508.0,100.0
202504,4111160000,125912.0,100.0
202504,4111352000,10644.0,100.0
202504,4111353000,132878.0,100.0
202504,4111354000,8264.0,100.0
202504,4111355000,273872.0,100.0
202504,4111356000,587509.0,100.0
202504,4111365000,25492.0,100.0
202504,4136025300,46014798.0,100.0
202504,4136025600,53957511.0,100.0
202504,4136025900,8666016.0,100.0
202504,4136026200,20930704.0,100.0
202504,4136026500,6479118.0,100.0
202504,4136031000,8328137.0,100.0
202504,4136034000,2173419.0,100.0
202504,4136036000,804812.0,100.0
202504,4136051000,170492564.0,100.0
202503,4150033000,2167791.0,100.0
202503,4150034000,3762093.0,100.0
202503,4150035000,138930871.0,100.0
202503,4150036000,380866.0,100.0
202503,4150037000,604289.0,100.0
202503,4150038000,550188.0,100.0
202503,4150051000,1073945.0,100.0
202503,4150051500,2949756.0,100.0
202503,4150052000,738950.0,100.0
202503,4150053000,591472.0,100.0
202503,4155025000,50310901.0,100.0
202504,4111366200,916700.0,100.0
202504,4111366400,1064167.0,100.0
202504,4111367000,346696.0,100.0
202504,4111368000,1305625.0,100.0
202504,4111369000,782595.0,100.0
202504,4111370000,17866.0,100.0
202504,4111565000,132920.0,100.0
202504,4111566000,512943422.0,100.0
202504,4111567000,2476424.0,100.0
202504,4111568000,644114.0,100.0
202504,4136052000,1146412.0,100.0
202504,4136053000,519507.0,100.0
202504,4136054000,518164.0,100.0
202504,4136054500,4289383.0,100.0
202504,4136056500,265658.0,100.0
202504,4136057000,4117342.0,100.0
202504,4137051000,1362379.0,100.0
202504,4137053000,91773677.0,100.0
202503,4155031000,71472993.0,100.0
202503,4155032000,7102697.0,100.0
202503,4155033000,855673.0,100.0
202503,4155034000,4409180.0,100.0
202503,4155035000,15498868.0,100.0
202503,4155036000,5373655.0,100.0
202503,4155038000,5847726.0,100.0
202503,4155039000,5741222.0,100.0
202503,4155040000,8967741.0,100.0
202503,4155041000,3119224.0,100.0
202503,4155042000,1719142.0,100.0
202504,4111569000,71466.0,100.0
202504,4111570000,476148.0,100.0
202504,4111571000,204446.0,100.0
202504,4111572000,127272.0,100.0
202504,4111573000,644489.0,100.0
202504,4111574000,1796827.0,100.0
202504,4111752000,354182.0,100.0
202504,4111753000,309653.0,100.0
202504,4121054000,15504.0,100.0
202504,4121055000,3083149.0,100.0
202504,4121056000,278010.0,100.0
202504,4121057000,64358.0,100.0
202504,4121058000,417490.0,100.0
202504,4121059000,111800.0,100.0
202504,4137054000,1776517.0,100.0
202504,4137055000,937980.0,100.0
202504,4137056000,312620.0,100.0
202504,4137057000,489760.0,100.0
202503,4155051000,860016.0,100.0
202503,4155052000,2303003.0,100.0
202503,4155053000,1607198.0,100.0
202504,4111754000,2248397.0,100.0
202504,4111755000,6532.0,100.0
202504,4111757000,108972.0,100.0
202504,4111758000,370776.0,100.0
202504,4111758500,694548.0,100.0
202504,4111759600,161011.0,100.0
202504,4111760000,819382.0,100.0
202504,4111761000,176342.0,100.0
202504,4121060000,239898.0,100.0
202504,4121061000,2491360.0,100.0
202504,4121062000,701688.0,100.0
202504,4121063100,459240763.0,100.0
202504,4121063300,1428271.0,100.0
202504,4121063400,697704.0,100.0
202504,4121064000,2168081.0,100.0
202504,4121065000,573920.0,100.0
202503,4136052000,2376306.0,100.0
202503,4136053000,517194.0,100.0
202503,4136054000,350193.0,100.0
202503,4136054500,6003961.0,100.0
202503,4136056500,272390.0,100.0
202503,4136057000,4613278.0,100.0
202503,4137051000,1469898.0,100.0
202503,4159025300,79898943.0,100.0
202503,4159025600,10848808.0,100.0
202504,4121066000,2400.0,100.0
202504,4122025000,5812702.0,100.0
202504,4122025300,16407854.0,100.0
202504,4122025600,7462456.0,100.0
202504,4122025900,2343303.0,100.0
202504,4122031000,680363.0,100.0
202504,4122032000,318443.0,100.0
202504,4122033000,2963951.0,100.0
202504,4122034000,111931781.0,100.0
202504,4122037000,683254.0,100.0
202503,4137053000,110399504.0,100.0
202503,4137054000,1927512.0,100.0
202503,4137055000,992450.0,100.0
202503,4137056000,259432.0,100.0
202503,4137057000,604495.0,100.0
202503,4159025900,57825679.0,100.0
202503,4159026200,6174497.0,100.0
202503,4159031000,2208172.0,100.0
202503,4159032000,3827969.0,100.0
202503,4159033000,1911860.0,100.0
202503,4159034000,5437981.0,100.0
202503,4159035000,7143391.0,100.0
202503,4159036000,410614860.0,100.0
202503,4159037000,3815895.0,100.0
202503,4159040000,2626938.0,100.0
202504,4122051000,1582926.0,100.0
202504,4122052000,161050.0,100.0
202504,4122053500,266384.0,100.0
202504,4122055000,93144.0,100.0
202504,4122056000,2047876.0,100.0
202504,4122057000,169064.0,100.0
202504,4122059000,56064.0,100.0
202504,4122060000,2339312.0,100.0
202503,4159041000,10085822.0,100.0
202503,4159051500,709318.0,100.0
202503,4159052000,1611451.0,100.0
202503,4159053000,1549653.0,100.0
202503,4159054000,498650.0,100.0
202503,4159055000,4111635.0,100.0
202503,4159056000,274382.0,100.0
202503,4159057000,1118331.0,100.0
202503,4159058500,2403272.0,100.0
202503,4159058600,3136218.0,100.0
202504,4122062000,1893415.0,100.0
202504,4122063000,570190.0,100.0
202504,4122063500,392004.0,100.0
202504,4122064000,511209.0,100.0
202504,4125051000,41004176.0,100.0
202504,4125052000,165651.0,100.0
202504,4125053500,274719.0,100.0
202503,4141051000,163212.0,100.0
202503,4141052000,230776683.0,100.0
202503,4141054000,775058.0,100.0
202503,4141055000,484040.0,100.0
202503,4141056000,865777.0,100.0
202503,4159058700,2319827.0,100.0
202503,4159058800,42390.0,100.0
202503,4159059000,6709389.0,100.0
202503,4159060000,1346039.0,100.0
202503,4159061000,8753981.0,100.0
202503,4159062000,368500.0,100.0
202503,4161025000,42980277.0,100.0
202503,4161025300,176252362.0,100.0
202503,4161025900,19276951.0,100.0
202504,4125056500,570882.0,100.0
202504,4125056600,538188.0,100.0
202504,4125058000,387962.0,100.0
202504,4127151000,449038.0,100.0
202504,4127151500,1481199.0,100.0
202504,4127152500,1759816.0,100.0
202504,4127153200,2317366.0,100.0
202504,4127153700,847215.0,100.0
202504,4127154000,1687906.0,100.0
202503,4141057000,209821.0,100.0
202503,4141058000,757500.0,100.0
202503,4141059000,559375.0,100.0
202503,4141060000,661844.0,100.0
202503,4141061000,2021704.0,100.0
202503,4141062000,4616041.0,100.0
202503,4143051000,81384.0,100.0
202503,4143052000,3728037.0,100.0
202503,4143053000,88172073.0,100.0
202503,4143054000,64328.0,100.0
202503,4161033000,3755373.0,100.0
202503,4161034000,26678925.0,100.0
202503,4161035000,393760.0,100.0
202503,4161037000,219463.0,100.0
202503,4161051000,1819230.0,100.0
202503,4161052000,2994113.0,100.0
202503,4161053000,1701517.0,100.0
202504,4115051000,835601.0,100.0
202504,4115052000,542623.0,100.0
202504,4115054500,438175.0,100.0
202504,4127155000,304336.0,100.0
202504,4127156000,679610.0,100.0
202504,4127157000,521469.0,100.0
202504,4127158000,1674336.0,100.0
202504,4127159000,664256.0,100.0
202504,4127160000,677240.0,100.0
202504,4127161000,132244.0,100.0
202504,4127351000,978194.0,100.0
202504,4127352500,523808.0,100.0
202504,4127353200,6219603.0,100.0
202503,4143055000,30308.0,100.0
202503,4143056000,432042.0,100.0
202503,4145051000,4971838.0,100.0
202503,4145053000,1215518.0,100.0
202503,4145054000,188383.0,100.0
202503,4145055000,1664708.0,100.0
202503,4145056000,476620.0,100.0
202503,4145057000,513989.0,100.0
202503,4163025000,15867368.0,100.0
202503,4163031000,1361893.0,100.0
202503,4163032000,972906.0,100.0
202503,4163033000,35507522.0,100.0
202503,4163034000,1039035.0,100.0
202503,4163051000,133787.0,100.0
202503,4163052000,1097094.0,100.0
202503,4136025000,67273994.0,100.0
202503,4136025300,62105760.0,100.0
202503,4136025600,67339435.0,100.0
202503,4136025900,9580404.0,100.0
202503,4136026200,25608601.0,100.0
202503,4136026500,9027472.0,100.0
202503,4136031000,12630046.0,100.0
202503,4136034000,1867041.0,100.0
202503,4136036000,893634.0,100.0
202503,4136051000,226502192.0,100.0
202504,4159026200,5292241.0,100.0
202504,4159031000,2315352.0,100.0
202504,4159032000,3043861.0,100.0
202504,4159033000,1295815.0,100.0
202504,4159034000,4376816.0,100.0
202504,4159035000,5111169.0,100.0
202504,4159036000,299518928.0,100.0
202504,4159037000,3310930.0,100.0
202504,4159040000,2272730.0,100.0
202504,4159041000,7466904.0,100.0
202505,4125051000,43240138.0,100.0
202505,4125052000,225370.0,100.0
202505,4125053500,271712.0,100.0
202505,4125056500,865670.0,100.0
202505,4125056600,1033031.0,100.0
202505,4125058000,424737.0,100.0
202505,4125060000,3316.0,100.0
202504,4159051500,168236.0,100.0
202504,4159052000,1411526.0,100.0
202504,4159053000,1769029.0,100.0
202504,4159054000,365450.0,100.0
202504,4159055000,3533588.0,100.0
202504,4159056000,213572.0,100.0
202504,4159057000,837122.0,100.0
202504,4159058500,1961493.0,100.0
202504,4159058600,2906349.0,100.0
202505,4127151000,696086.0,100.0
202505,4127151500,1465382.0,100.0
202505,4127152500,2058496.0,100.0
202505,4127153200,2701322.0,100.0
202505,4127153700,1100043.0,100.0
202505,4127154000,1988675.0,100.0
202505,4127155000,683886.0,100.0
202505,4127156000,802402.0,100.0
202505,4127157000,583787.0,100.0
202505,4127158000,1883879.0,100.0
202504,4141051000,252574.0,100.0
202504,4141052000,184773722.0,100.0
202504,4141054000,889134.0,100.0
202504,4141055000,513940.0,100.0
202504,4141056000,970455.0,100.0
202504,4141057000,199994.0,100.0
202504,4159058700,2227212.0,100.0
202504,4159058800,50368.0,100.0
202504,4159059000,5175767.0,100.0
202504,4159060000,1432813.0,100.0
202504,4159061000,5317062.0,100.0
202504,4159062000,335232.0,100.0
202504,4161025000,39660317.0,100.0
202504,4161025300,142615253.0,100.0
202504,4161025900,15880713.0,100.0
202504,4161033000,3142915.0,100.0
202505,4127159000,773417.0,100.0
202505,4127160000,1099674.0,100.0
202505,4127161000,186430.0,100.0
202505,4127351000,1224888.0,100.0
202505,4127352500,546625.0,100.0
202505,4127353200,7121047.0,100.0
202505,4127353500,1858510.0,100.0
202505,4127354500,1576403.0,100.0
202505,4127355500,1734108.0,100.0
202504,4141058000,808570.0,100.0
202504,4141059000,465539.0,100.0
202504,4141060000,701360.0,100.0
202504,4141061000,2168364.0,100.0
202504,4141062000,2929917.0,100.0
202504,4143051000,60458.0,100.0
202504,4143052000,3106786.0,100.0
202504,4143053000,67696397.0,100.0
202504,4143054000,72712.0,100.0
202504,4161034000,16107133.0,100.0
202504,4161035000,552310.0,100.0
202504,4161037000,181669.0,100.0
202504,4161051000,1509158.0,100.0
202504,4161052000,2523996.0,100.0
202504,4161053000,1321626.0,100.0
202505,4115051000,845045.0,100.0
202505,4115052000,674274.0,100.0
202505,4115054500,548151.0,100.0
202505,4115055500,74546.0,100.0
202505,4127356500,1362328.0,100.0
202505,4127357000,551483379.0,100.0
202505,4127358000,137135.0,100.0
202505,4127359000,1964812.0,100.0
202505,4127360000,2463776.0,100.0
202505,4127361000,139876.0,100.0
202505,4128151000,52637271.0,100.0
202505,4128152000,30690.0,100.0
202505,4128153000,72842.0,100.0
202505,4128154000,22322.0,100.0
202504,4143055000,83692.0,100.0
202504,4143056000,667699.0,100.0
202504,4145051000,3900119.0,100.0
202504,4145052000,2800.0,100.0
202504,4145053000,833487.0,100.0
202504,4145054000,45606.0,100.0
202504,4145055000,1430491.0,100.0
202504,4145056000,385394.0,100.0
202504,4145057000,533008.0,100.0
202504,4145058200,137724.0,100.0
202504,4163025000,14532927.0,100.0
202504,4163031000,1251306.0,100.0
202504,4163032000,893683.0,100.0
202504,4163033000,30487788.0,100.0
202504,4163034000,1078628.0,100.0
202504,4163051000,163313.0,100.0
202504,4163052000,792957.0,100.0
202505,4115056100,360110.0,100.0
202505,4115056700,83509671.0,100.0
202505,4115056800,599129.0,100.0
202505,4115057300,1580656.0,100.0
202505,4115057600,210702.0,100.0
202505,4115057800,545737.0,100.0
202505,4115058000,452126.0,100.0
202505,4115059500,159082.0,100.0
202505,4115061500,113292.0,100.0
202505,4128155000,7261.0,100.0
202505,4128156000,102473.0,100.0
202505,4128157500,3676.0,100.0
202505,4128158000,41586.0,100.0
202505,4128159000,132298.0,100.0
202505,4128160000,82158.0,100.0
202505,4128161000,95534.0,100.0
202505,4128162100,76012.0,100.0
202505,4128162200,17134.0,100.0
202504,4145059000,62805100.0,100.0
202504,4145060000,94866.0,100.0
202504,4145061000,458616.0,100.0
202504,4145062000,4561561.0,100.0
202504,4146125000,11128809.0,100.0
202504,4146125300,4258600.0,100.0
202504,4146125600,4591009.0,100.0
202504,4163053000,575604.0,100.0
202504,4163054000,604402.0,100.0
202504,4163055000,416836.0,100.0
202504,4163056000,802060.0,100.0
202504,4165025000,22190967.0,100.0
202504,4165031000,7858801.0,100.0
202504,4165032000,1384072.0,100.0
202504,4165033000,1759315.0,100.0
202504,4165034000,19160018.0,100.0
202505,4115062000,117404.0,100.0
202505,4117151000,237010.0,100.0
202505,4117152000,7934.0,100.0
202505,4117153000,3258.0,100.0
202505,4117154000,74430.0,100.0
202505,4117155000,1370245.0,100.0
202505,4117156000,347914.0,100.0
202505,4117157000,188128.0,100.0
202505,4117158000,53408.0,100.0
202505,4128163000,24502.0,100.0
202505,4128164000,166271.0,100.0
202505,4128165000,3482.0,100.0
202505,4128166000,25508.0,100.0
202505,4128167000,44200.0,100.0
202505,4128551000,123898.0,100.0
202505,4128552000,68541.0,100.0
202504,4146132000,1653552.0,100.0
202504,4146134000,1263629.0,100.0
202504,4146135000,3240775.0,100.0
202504,4146136000,5439467.0,100.0
202504,4146151000,1016332.0,100.0
202504,4146152000,1478386.0,100.0
202504,4146153000,1003886.0,100.0
202504,4146154000,284371813.0,100.0
202504,4146351000,99956.0,100.0
202504,4165035000,587506.0,100.0
202504,4165036000,1395253.0,100.0
202504,4165037000,7172187.0,100.0
202504,4165038000,1079579.0,100.0
202504,4165039000,2233202.0,100.0
202504,4165040000,312638.0,100.0
202504,4165041000,687219.0,100.0
202504,4165051000,1632290.0,100.0
202504,4165052000,296942.0,100.0
202504,4167025000,3065924.0,100.0
202504,4167031000,12800.0,100.0
202505,4117159000,1068202.0,100.0
202505,4117160000,540017.0,100.0
202505,4117161000,82024.0,100.0
202505,4117162100,10992.0,100.0
202505,4117163000,14438.0,100.0
202505,4117351000,409050.0,100.0
202505,4117352000,296257502.0,100.0
202505,4117353000,198417.0,100.0
202505,4117354000,603160.0,100.0
202505,4117354600,391778.0,100.0
202505,4128553000,68134.0,100.0
202505,4128554000,112605.0,100.0
202505,4128555100,62150.0,100.0
202505,4128555200,92591.0,100.0
202505,4128556000,160012.0,100.0
202505,4128558000,10966.0,100.0
202505,4128559000,74382.0,100.0
202505,4128560000,15404.0,100.0
202504,4146351600,811556.0,100.0
202504,4146351700,293062.0,100.0
202504,4146352000,3039196.0,100.0
202504,4146353000,119880.0,100.0
202504,4146353500,429677.0,100.0
202504,4146354000,79680802.0,100.0
202504,4146355000,496608.0,100.0
202504,4146356000,224010.0,100.0
202504,4146357000,500364.0,100.0
202504,4146357200,1370704.0,100.0
202504,4167032000,460979.0,100.0
202504,4167033000,83466.0,100.0
202504,4167034000,76848715.0,100.0
202504,4167035000,1316426.0,100.0
202504,4167036000,117828.0,100.0
202504,4167037000,14666.0,100.0
202504,4167038000,42266.0,100.0
202504,4167051000,868560.0,100.0
202504,4167052000,334472.0,100.0
202504,4167053000,79864.0,100.0
202504,4180025000,13886590.0,100.0
202505,4117355000,195346.0,100.0
202505,4117356000,1384833.0,100.0
202505,4117356600,220594.0,100.0
202505,4117357000,1190759.0,100.0
202505,4117357600,213010.0,100.0
202505,4117357800,59018.0,100.0
202505,4117358000,548809.0,100.0
202505,4117359000,247638.0,100.0
202505,4117360000,421214.0,100.0
202505,4117361000,1065934.0,100.0
202505,4128751000,79429.0,100.0
202505,4128752000,351855.0,100.0
202505,4128754000,34047.0,100.0
202505,4128755000,66676.0,100.0
202505,4128756000,20166.0,100.0
202505,4128757000,28383.0,100.0
202505,4128758000,63186.0,100.0
202505,4128759000,87353.0,100.0
202504,4146357500,1215111.0,100.0
202504,4146357700,554950.0,100.0
202504,4146358600,277537.0,100.0
202504,4146359000,735772.0,100.0
202504,4146551000,671566.0,100.0
202504,4146552000,2117693.0,100.0
202504,4146553000,1366588.0,100.0
202504,4146554000,349365.0,100.0
202504,4146555000,105508.0,100.0
202504,4180025300,45863247.0,100.0
202504,4180031000,1322388.0,100.0
202504,4180032000,10640809.0,100.0
202504,4180033000,648339.0,100.0
202504,4180034000,12532.0,100.0
202504,4180035000,42132.0,100.0
202504,4180036000,1649633.0,100.0
202504,4180038000,104264.0,100.0
202504,4182025000,29369896.0,100.0
202504,4182031000,6057727.0,100.0
202504,4182032500,18498169.0,100.0
202504,4182033000,1413691.0,100.0
202505,4117362000,56050.0,100.0
202505,4119060300,485743.0,100.0
202505,4119060600,92008949.0,100.0
202505,4119061000,199450.0,100.0
202505,4119074200,1938180.0,100.0
202505,4119074400,1229021.0,100.0
202505,4119074600,506325.0,100.0
202505,4119075000,531531.0,100.0
202505,4119079500,570134.0,100.0
202505,4119080000,2065909.0,100.0
202505,4119083000,1071827.0,100.0
202505,4129051000,1082347.0,100.0
202505,4129052000,3395309.0,100.0
202505,4129053000,886360.0,100.0
202505,4129054000,87989577.0,100.0
202505,4129055000,10198.0,100.0
202505,4129056000,10566.0,100.0
202505,4131051000,10674544.0,100.0
202505,4131052000,1612393.0,100.0
202504,4146556000,368461.0,100.0
202504,4146557000,1147931.0,100.0
202504,4146559000,1262869.0,100.0
202504,4148025000,43631694.0,100.0
202504,4148025300,468181528.0,100.0
202504,4148025600,6383050.0,100.0
202504,4148026200,25727795.0,100.0
202504,4182034500,1849082.0,100.0
202504,4182035000,1154254.0,100.0
202504,4183025000,45071463.0,100.0
202504,4183031000,5032878.0,100.0
202504,4183032000,1711238.0,100.0
202504,4183033000,4807676.0,100.0
202504,4183034000,474549.0,100.0
202504,4183035000,4319643.0,100.0
202504,4183036000,363240.0,100.0
202504,4183037000,1243068.0,100.0
202504,4183038000,592797.0,100.0
202505,4131053000,184647761.0,100.0
202505,4131054100,262549.0,100.0
202505,4131054200,956124.0,100.0
202505,4131057000,476001.0,100.0
202505,4131058000,2009622.0,100.0
202505,4131059000,1768025.0,100.0
202505,4136025000,53574536.0,100.0
202505,4136025300,47940663.0,100.0
202505,4136025600,60243131.0,100.0
202505,4136025900,9556109.0,100.0
202504,4148031000,7413984.0,100.0
202504,4148032000,12269053.0,100.0
202504,4148035000,14027211.0,100.0
202504,4148036000,67332.0,100.0
202504,4148037000,6298081.0,100.0
202504,4148051000,4001365.0,100.0
202504,4148052000,813992.0,100.0
202504,4148053000,1617446.0,100.0
202504,4148054000,7690653.0,100.0
202504,4148055000,4133483.0,100.0
202504,4183039500,1718297.0,100.0
202504,4183040000,23954293.0,100.0
202504,4183041000,669416.0,100.0
202505,4111156000,128123.0,100.0
202505,4111156600,1162030.0,100.0
202505,4111157100,128120.0,100.0
202505,4111157200,272164.0,100.0
202505,4111157300,922333.0,100.0
202505,4111158000,212132.0,100.0
202505,4111159100,235860.0,100.0
202505,4136026200,23349200.0,100.0
202505,4136026500,5997871.0,100.0
202505,4136031000,9541851.0,100.0
202505,4136034000,2385598.0,100.0
202505,4136036000,937726.0,100.0
202505,4136051000,174674131.0,100.0
202505,4136052000,799414.0,100.0
202505,4136053000,508487.0,100.0
202505,4136054000,657166.0,100.0
202505,4136054500,4246420.0,100.0
202504,4148056000,1980552.0,100.0
202504,4148057000,809478.0,100.0
202504,4150025000,6062687.0,100.0
202504,4150025300,43021950.0,100.0
202504,4150031000,4395342.0,100.0
202504,4150032000,4749528.0,100.0
202504,4150033000,1926797.0,100.0
202505,4111159700,681398.0,100.0
202505,4111159800,130172.0,100.0
202505,4111160000,69276.0,100.0
202505,4111352000,8602.0,100.0
202505,4111353000,121088.0,100.0
202505,4111354000,20658.0,100.0
202505,4111355000,262609.0,100.0
202505,4111356000,482518.0,100.0
202505,4111365000,35502.0,100.0
202505,4111366200,1205029.0,100.0
202505,4136056500,379150.0,100.0
202505,4136057000,4716440.0,100.0
202505,4137051000,1992823.0,100.0
202505,4137053000,93990930.0,100.0
202505,4137054000,1725437.0,100.0
202505,4137055000,792836.0,100.0
202504,4150034000,3662604.0,100.0
202504,4150035000,115049742.0,100.0
202504,4150036000,300365.0,100.0
202504,4150037000,435878.0,100.0
202504,4150038000,485660.0,100.0
202504,4150051000,1036956.0,100.0
202504,4150051500,3209430.0,100.0
202504,4150052000,697914.0,100.0
202504,4150053000,509259.0,100.0
202504,4155025000,35091388.0,100.0
202505,4111366400,882437.0,100.0
202505,4111367000,311236.0,100.0
202505,4111368000,1025944.0,100.0
202505,4111369000,814125.0,100.0
202505,4111565000,114186.0,100.0
202505,4111566000,514894703.0,100.0
202505,4111567000,2992708.0,100.0
202505,4111568000,754271.0,100.0
202505,4121054000,21612.0,100.0
202505,4121055000,3227593.0,100.0
202505,4121056000,60956.0,100.0
202505,4121057000,324726.0,100.0
202505,4121058000,693400.0,100.0
202505,4121059000,79250.0,100.0
202505,4121060000,167306.0,100.0
202505,4121061000,2435886.0,100.0
202505,4121062000,926976.0,100.0
202505,4121063100,398797676.0,100.0
202505,4137056000,545442.0,100.0
202505,4137057000,582457.0,100.0
202504,4155031000,49120663.0,100.0
202504,4155032000,5660245.0,100.0
202504,4155033000,693057.0,100.0
202504,4155034000,3512291.0,100.0
202504,4155035000,11582716.0,100.0
202504,4155036000,4195440.0,100.0
202504,4155038000,4133290.0,100.0
202504,4155039000,4475599.0,100.0
202504,4155040000,7249620.0,100.0
202504,4155041000,2880229.0,100.0
202504,4155042000,1025653.0,100.0
202505,4111569000,26876.0,100.0
202505,4111570000,484705.0,100.0
202505,4111571000,183585.0,100.0
202505,4111572000,133346.0,100.0
202505,4111573000,717300.0,100.0
202505,4111574000,1745553.0,100.0
202505,4111752000,257235.0,100.0
202505,4111753000,260690.0,100.0
202505,4111754000,2087345.0,100.0
202505,4121063300,1405577.0,100.0
202505,4121063400,764594.0,100.0
202505,4121064000,1743443.0,100.0
202505,4121065000,913177.0,100.0
202505,4122025000,5904815.0,100.0
202505,4122025300,18083669.0,100.0
202505,4122025600,8074036.0,100.0
202504,4155051000,732938.0,100.0
202504,4155052000,2098751.0,100.0
202504,4155053000,1502097.0,100.0
202505,4111755000,16592.0,100.0
202505,4111757000,123302.0,100.0
202505,4111758000,347880.0,100.0
202505,4111758500,765288.0,100.0
202505,4111759600,243300.0,100.0
202505,4111760000,1110481.0,100.0
202505,4111761000,162854.0,100.0
202505,4122025900,2463218.0,100.0
202505,4122031000,839811.0,100.0
202505,4122032000,189450.0,100.0
202505,4122033000,3091499.0,100.0
202505,4122034000,117615418.0,100.0
202505,4122037000,756655.0,100.0
202505,4122051000,1658181.0,100.0
202505,4122052000,173658.0,100.0
202505,4122053500,1179545.0,100.0
202505,4122055000,160822.0,100.0
202505,4141051000,321440.0,100.0
202505,4141052000,201702725.0,100.0
202505,4141054000,835596.0,100.0
202505,4141055000,1110796.0,100.0
202505,4141056000,1061745.0,100.0
202505,4141057000,227690.0,100.0
202505,4141058000,928646.0,100.0
202505,4141059000,675671.0,100.0
202505,4141060000,649637.0,100.0
202505,4141061000,2979615.0,100.0
202504,4159025300,66671429.0,100.0
202504,4159025600,9926791.0,100.0
202504,4159025900,42424609.0,100.0
202505,4122056000,1966500.0,100.0
202505,4122057000,210581.0,100.0
202505,4122059000,139487.0,100.0
202505,4122060000,2096282.0,100.0
202505,4122062000,2111703.0,100.0
202505,4122063000,527320.0,100.0
202505,4122063500,450948.0,100.0
202505,4122064000,1370722.0,100.0
202505,4141062000,3618518.0,100.0
202505,4143051000,76662.0,100.0
202505,4143052000,3217636.0,100.0
202505,4143053000,75024068.0,100.0
202505,4143054000,72366.0,100.0
202505,4143055000,113379.0,100.0
202505,4143056000,607077.0,100.0
202505,4145051000,2687945.0,100.0
202506,4131054100,222942.0,100.0
202506,4131054200,525573.0,100.0
202506,4131057000,420796.0,100.0
202506,4131058000,2406554.0,100.0
202506,4131059000,2149833.0,100.0
202506,4136025000,61722802.0,100.0
202506,4136025300,52773995.0,100.0
202506,4136025600,65934553.0,100.0
202506,4136025900,9863297.0,100.0
202505,4150025000,7279334.0,100.0
202505,4150025300,39757808.0,100.0
202505,4150031000,4648876.0,100.0
202505,4150032000,5045784.0,100.0
202505,4150033000,2370742.0,100.0
202505,4150034000,3606389.0,100.0
202505,4150035000,140496687.0,100.0
202505,4150036000,337636.0,100.0
202506,4111159700,800074.0,100.0
202506,4111159800,115288.0,100.0
202506,4111160000,84770.0,100.0
202506,4111352000,22422.0,100.0
202506,4111353000,149404.0,100.0
202506,4111354000,75628.0,100.0
202506,4111355000,292230.0,100.0
202506,4111356000,496524.0,100.0
202506,4111365000,55858.0,100.0
202506,4136026200,26202799.0,100.0
202506,4136026500,7225029.0,100.0
202506,4136031000,11438540.0,100.0
202506,4136034000,2601510.0,100.0
202506,4136036000,1014803.0,100.0
202506,4136051000,183255054.0,100.0
202506,4136052000,1029811.0,100.0
202506,4136053000,682357.0,100.0
202506,4136054000,525789.0,100.0
202506,4136054500,5277017.0,100.0
202505,4150037000,512492.0,100.0
202505,4150038000,546864.0,100.0
202505,4150051000,1465006.0,100.0
202505,4150051500,3517144.0,100.0
202505,4150052000,907825.0,100.0
202505,4150053000,327119.0,100.0
202505,4155025000,35963312.0,100.0
202505,4155031000,48619138.0,100.0
202505,4155032000,5945947.0,100.0
202505,4155033000,648267.0,100.0
202505,4155034000,3770735.0,100.0
202506,4111366200,845400.0,100.0
202506,4111366400,1095133.0,100.0
202506,4111367000,234558.0,100.0
202506,4111368000,1248097.0,100.0
202506,4111369000,620913.0,100.0
202506,4111370000,932.0,100.0
202506,4111565000,72516.0,100.0
202506,4111566000,547799024.0,100.0
202506,4111567000,2544904.0,100.0
202506,4111568000,706105.0,100.0
202506,4136056500,320454.0,100.0
202506,4136057000,5034346.0,100.0
202506,4137051000,1868290.0,100.0
202506,4137053000,103745714.0,100.0
202506,4137054000,978920.0,100.0
202506,4137055000,752204.0,100.0
202505,4155035000,11053683.0,100.0
202505,4155036000,4294851.0,100.0
202505,4155038000,5276509.0,100.0
202505,4155039000,4838029.0,100.0
202505,4155040000,7546950.0,100.0
202505,4155041000,2612156.0,100.0
202505,4155042000,904827.0,100.0
202505,4155051000,770639.0,100.0
202505,4155052000,2600946.0,100.0
202505,4155053000,1815094.0,100.0
202506,4111569000,26400.0,100.0
202506,4111570000,366445.0,100.0
202506,4111571000,241893.0,100.0
202506,4111572000,112634.0,100.0
202506,4111573000,716543.0,100.0
202506,4111574000,1826752.0,100.0
202506,4111752000,179464.0,100.0
202506,4111753000,296539.0,100.0
202506,4111754000,2152374.0,100.0
202506,4121054000,7064.0,100.0
202506,4121055000,4212850.0,100.0
202506,4121056000,373812.0,100.0
202506,4121057000,274746.0,100.0
202506,4121058000,814076.0,100.0
202506,4121059000,87820.0,100.0
202506,4121060000,143241.0,100.0
202506,4121061000,2706258.0,100.0
202506,4121062000,811276.0,100.0
202506,4121063100,451234593.0,100.0
202506,4137056000,574068.0,100.0
202506,4137057000,721080.0,100.0
202506,4111755000,9772.0,100.0
202506,4111757000,136034.0,100.0
202506,4111758000,379965.0,100.0
202506,4111758500,831185.0,100.0
202506,4111759600,92666.0,100.0
202506,4111760000,1174785.0,100.0
202506,4111761000,299417.0,100.0
202506,4121063300,1384176.0,100.0
202506,4121063400,849314.0,100.0
202506,4121064000,1788579.0,100.0
202506,4121065000,978887.0,100.0
202506,4121066000,6266.0,100.0
202506,4122025000,7085346.0,100.0
202506,4122025300,20364664.0,100.0
202506,4122025600,9103046.0,100.0
202505,4159025300,74876375.0,100.0
202505,4159025600,11926738.0,100.0
202505,4159025900,42967592.0,100.0
202505,4159026200,6038698.0,100.0
202505,4159031000,2372354.0,100.0
202505,4159032000,2733491.0,100.0
202506,4122025900,2439664.0,100.0
202506,4122031000,852831.0,100.0
202506,4122032000,388076.0,100.0
202506,4122033000,3410864.0,100.0
202506,4122034000,129518846.0,100.0
202506,4122037000,1065011.0,100.0
202506,4122051000,1949365.0,100.0
202506,4122052000,301048.0,100.0
202506,4122053500,1559388.0,100.0
202506,4122055000,182638.0,100.0
202506,4141051000,257564.0,100.0
202506,4141052000,203925726.0,100.0
202506,4141054000,992569.0,100.0
202506,4141055000,880584.0,100.0
202506,4141056000,1040092.0,100.0
202506,4141057000,189249.0,100.0
202506,4141058000,1047040.0,100.0
202506,4141059000,407212.0,100.0
202506,4141060000,559492.0,100.0
202506,4141061000,2242134.0,100.0
202505,4159033000,1585378.0,100.0
202505,4159034000,5373974.0,100.0
202505,4159035000,7297070.0,100.0
202505,4159036000,340600390.0,100.0
202505,4159037000,3505125.0,100.0
202505,4159040000,2476794.0,100.0
202505,4159041000,8551657.0,100.0
202505,4159051500,1696670.0,100.0
202505,4159052000,1683968.0,100.0
202505,4159053000,1523879.0,100.0
202506,4122056000,2564447.0,100.0
202506,4122057000,289256.0,100.0
202506,4122059000,134482.0,100.0
202506,4122060000,2705593.0,100.0
202506,4122062000,1989572.0,100.0
202506,4122063000,997208.0,100.0
202506,4122063500,644618.0,100.0
202506,4122064000,1336439.0,100.0
202506,4141062000,4070861.0,100.0
202506,4143051000,96918.0,100.0
202506,4143052000,3821199.0,100.0
202506,4143053000,87635293.0,100.0
202506,4143054000,106026.0,100.0
202506,4143055000,218398.0,100.0
202506,4143056000,720060.0,100.0
202506,4145051000,1339606.0,100.0
202505,4159054000,331140.0,100.0
202505,4159055000,4327137.0,100.0
202505,4159056000,364328.0,100.0
202505,4159057000,1089668.0,100.0
202505,4159058500,2411302.0,100.0
202505,4159058600,4015987.0,100.0
202505,4159058700,3808011.0,100.0
202505,4159058800,579842.0,100.0
202505,4159059000,8246290.0,100.0
202505,4159060000,1391212.0,100.0
202506,4125051000,47657518.0,100.0
202506,4125052000,217000.0,100.0
202506,4125053500,280612.0,100.0
202506,4125056500,865982.0,100.0
202506,4125056600,1083172.0,100.0
202506,4125058000,510841.0,100.0
202506,4125060000,6780.0,100.0
202506,4145052000,36478.0,100.0
202506,4145053000,1186275.0,100.0
202506,4145054000,295639.0,100.0
202506,4145055000,1826105.0,100.0
202506,4145056000,612670.0,100.0
202506,4145057000,505614.0,100.0
202506,4145058200,187856.0,100.0
202506,4145059000,86745865.0,100.0
202506,4145060000,10666.0,100.0
202506,4145061000,500138.0,100.0
202505,4159061000,8119037.0,100.0
202505,4159062000,1549918.0,100.0
202505,4161025000,41264960.0,100.0
202505,4161025300,159118661.0,100.0
202505,4161025900,17993212.0,100.0
202505,4161033000,3654646.0,100.0
202505,4161034000,25002948.0,100.0
202505,4161035000,346845.0,100.0
202505,4161037000,156799.0,100.0
202505,4161051000,1548956.0,100.0
202506,4127151000,802892.0,100.0
202506,4127151500,1261351.0,100.0
202506,4127152500,2337332.0,100.0
202506,4127153200,3630706.0,100.0
202506,4127153700,1256235.0,100.0
202506,4127154000,2090195.0,100.0
202506,4127155000,834266.0,100.0
202506,4127156000,1089586.0,100.0
202506,4127157000,724913.0,100.0
202506,4127158000,2288408.0,100.0
202506,4145062000,3287224.0,100.0
202506,4146125000,15039769.0,100.0
202506,4146125300,6736321.0,100.0
202506,4146125600,7321342.0,100.0
202506,4146132000,3663996.0,100.0
202506,4146134000,2168633.0,100.0
202506,4146135000,6618300.0,100.0
202506,4146136000,8598756.0,100.0
202505,4161052000,3129753.0,100.0
202505,4161053000,1948018.0,100.0
202505,4163025000,15720159.0,100.0
202506,4115051000,981684.0,100.0
202506,4115052000,585398.0,100.0
202506,4115054500,554515.0,100.0
202506,4127159000,999149.0,100.0
202506,4127160000,767991.0,100.0
202506,4127161000,161558.0,100.0
202506,4127351000,1316844.0,100.0
202506,4127352500,753141.0,100.0
202506,4127353200,7097153.0,100.0
202506,4127353500,2634554.0,100.0
202506,4127354500,1550968.0,100.0
202506,4127355500,1687725.0,100.0
202506,4146151000,1335932.0,100.0
202506,4146152000,1011266.0,100.0
202506,4146153000,1073560.0,100.0
202506,4146154000,388066981.0,100.0
202506,4146351000,83494.0,100.0
202506,4146351600,1021638.0,100.0
202506,4146351700,401028.0,100.0
202506,4146352000,3769340.0,100.0
202505,4163031000,1330832.0,100.0
202505,4163032000,815367.0,100.0
202505,4163033000,34574311.0,100.0
202505,4163034000,1253326.0,100.0
202505,4163051000,196518.0,100.0
202505,4163052000,1291651.0,100.0
202505,4163053000,644417.0,100.0
202505,4163054000,737217.0,100.0
202505,4163055000,478924.0,100.0
202506,4115055500,36768.0,100.0
202506,4115056100,520810.0,100.0
202506,4115056700,87866923.0,100.0
202506,4115056800,572615.0,100.0
202506,4115057300,1936831.0,100.0
202506,4115057600,212922.0,100.0
202506,4115057800,601015.0,100.0
202506,4115058000,535434.0,100.0
202506,4115059500,198800.0,100.0
202506,4115061500,23375.0,100.0
202506,4127356500,1184617.0,100.0
202506,4127357000,614619317.0,100.0
202506,4127358000,96224.0,100.0
202506,4127359000,2340271.0,100.0
202506,4127360000,2686419.0,100.0
202506,4127361000,292799.0,100.0
202506,4128151000,48438762.0,100.0
202506,4128152000,14702.0,100.0
202506,4128153000,104871.0,100.0
202506,4128154000,12266.0,100.0
202505,4145062000,4409020.0,100.0
202505,4146125000,12050991.0,100.0
202505,4146125300,5314296.0,100.0
202505,4146125600,5424926.0,100.0
202505,4146132000,2435837.0,100.0
202505,4146134000,1295866.0,100.0
202505,4146135000,4351434.0,100.0
202505,4146136000,6435659.0,100.0
202505,4163056000,1513296.0,100.0
202505,4165025000,27826698.0,100.0
202505,4165031000,10154622.0,100.0
202505,4165032000,1564135.0,100.0
202505,4165033000,1884559.0,100.0
202505,4165034000,22862250.0,100.0
202506,4115062000,101532.0,100.0
202506,4117151000,295382.0,100.0
202506,4117152000,10185.0,100.0
202506,4117153000,8440.0,100.0
202506,4117154000,50638.0,100.0
202506,4117155000,1147008.0,100.0
202506,4117156000,305676.0,100.0
202506,4117157000,201131.0,100.0
202506,4117158000,56032.0,100.0
202506,4128155000,23011.0,100.0
202506,4128156000,61268.0,100.0
202506,4128157500,6718.0,100.0
202506,4128158000,66192.0,100.0
202506,4128159000,128830.0,100.0
202506,4128160000,48058.0,100.0
202506,4128161000,28306.0,100.0
202506,4128162100,72867.0,100.0
202506,4128162200,23786.0,100.0
202505,4146151000,1192818.0,100.0
202505,4146152000,1410985.0,100.0
202505,4146153000,910876.0,100.0
202505,4146154000,333906759.0,100.0
202505,4146351000,104314.0,100.0
202505,4146351600,1050022.0,100.0
202505,4146351700,412880.0,100.0
202505,4146352000,3167369.0,100.0
202505,4165035000,475637.0,100.0
202505,4165036000,2031452.0,100.0
202505,4165037000,8381895.0,100.0
202505,4165038000,1191843.0,100.0
202505,4165039000,2506562.0,100.0
202505,4165040000,286435.0,100.0
202505,4165041000,652500.0,100.0
202505,4165051000,1803902.0,100.0
202505,4165052000,415340.0,100.0
202505,4167025000,3041821.0,100.0
202505,4167031000,55570.0,100.0
202506,4117159000,943918.0,100.0
202506,4117160000,482893.0,100.0
202506,4117161000,125159.0,100.0
202506,4117162100,162578.0,100.0
202506,4117163000,3452.0,100.0
202506,4117351000,348020.0,100.0
202506,4117352000,286494539.0,100.0
202506,4117353000,95105.0,100.0
202506,4117354000,538732.0,100.0
202506,4117354600,427094.0,100.0
202506,4128163000,3952.0,100.0
202506,4128164000,221322.0,100.0
202506,4128165000,4000.0,100.0
202506,4128166000,36465.0,100.0
202506,4128167000,25370.0,100.0
202506,4128551000,79426.0,100.0
202506,4128552000,48585.0,100.0
202505,4146353000,119256.0,100.0
202505,4146353500,293159.0,100.0
202505,4146354000,89246844.0,100.0
202505,4146355000,429058.0,100.0
202505,4146356000,455474.0,100.0
202505,4146357000,312224.0,100.0
202505,4146357200,1617542.0,100.0
202505,4146357500,1090479.0,100.0
202505,4146357700,703408.0,100.0
202505,4146358600,432987.0,100.0
202505,4167032000,1422473.0,100.0
202505,4167033000,79031.0,100.0
202505,4167034000,85445397.0,100.0
202505,4167035000,1351002.0,100.0
202505,4167036000,122464.0,100.0
202505,4167037000,6064.0,100.0
202505,4167038000,21282.0,100.0
202505,4167051000,1153624.0,100.0
202505,4167052000,449424.0,100.0
202505,4167053000,462451.0,100.0
202505,4180025000,13813997.0,100.0
202506,4117355000,175594.0,100.0
202506,4117356000,1629445.0,100.0
202506,4117356600,44884.0,100.0
202506,4117357000,1043211.0,100.0
202506,4117357600,242626.0,100.0
202506,4117357800,54932.0,100.0
202506,4117358000,606836.0,100.0
202506,4117359000,155324.0,100.0
202506,4117360000,566277.0,100.0
202506,4128553000,34476.0,100.0
202506,4128554000,102134.0,100.0
202506,4128555100,93062.0,100.0
202506,4128555200,55103.0,100.0
202506,4128556000,92800.0,100.0
202506,4128559000,79008.0,100.0
202506,4128560000,11120.0,100.0
202505,4146359000,828347.0,100.0
202505,4146551000,1034860.0,100.0
202505,4146552000,2560920.0,100.0
202505,4146553000,1199712.0,100.0
202505,4146554000,240281.0,100.0
202505,4146555000,117010.0,100.0
202505,4146556000,448218.0,100.0
202505,4146557000,1203924.0,100.0
202505,4180025300,44879404.0,100.0
202505,4180031000,1417725.0,100.0
202505,4180032000,12364933.0,100.0
202505,4180033000,672729.0,100.0
202505,4180034000,29792.0,100.0
202505,4180035000,84489.0,100.0
202505,4180036000,1617555.0,100.0
202505,4180038000,96566.0,100.0
202505,4182025000,31413922.0,100.0
202505,4182031000,6188506.0,100.0
202505,4182032500,16464256.0,100.0
202505,4182033000,1329925.0,100.0
202506,4117361000,724528.0,100.0
202506,4117362000,66344.0,100.0
202506,4119060300,688036.0,100.0
202506,4119060600,131425040.0,100.0
202506,4119061000,304782.0,100.0
202506,4119074200,2568161.0,100.0
202506,4119074400,1852222.0,100.0
202506,4119074600,898618.0,100.0
202506,4119075000,625560.0,100.0
202506,4119079500,1091877.0,100.0
202506,4119080000,3045460.0,100.0
202506,4119083000,1322145.0,100.0
202506,4128751000,45985.0,100.0
202506,4128752000,276049.0,100.0
202506,4128754000,151777.0,100.0
202506,4128755000,23206.0,100.0
202506,4128756000,30918.0,100.0
202506,4128757000,26037.0,100.0
202506,4128758000,65932.0,100.0
202506,4128759000,130072.0,100.0
202505,4146559000,1548935.0,100.0
202505,4148025000,46782479.0,100.0
202505,4148025300,482289891.0,100.0
202505,4148025600,6686779.0,100.0
202505,4148026200,24803575.0,100.0
202505,4148031000,7458833.0,100.0
202505,4148032000,13701865.0,100.0
202505,4148035000,13014758.0,100.0
202505,4182034500,2153394.0,100.0
202505,4182035000,1262833.0,100.0
202505,4183025000,48014903.0,100.0
202505,4183031000,5172085.0,100.0
202505,4183032000,1654722.0,100.0
202505,4183033000,4549101.0,100.0
202505,4183034000,427200.0,100.0
202505,4183035000,4710588.0,100.0
202505,4183036000,385660.0,100.0
202505,4183037000,1073238.0,100.0
202505,4183038000,459268.0,100.0
202506,4129051000,1505545.0,100.0
202506,4129052000,3119132.0,100.0
202506,4129053000,280794.0,100.0
202506,4129054000,80385567.0,100.0
202506,4129055000,5412.0,100.0
202506,4131051000,9937670.0,100.0
202506,4131052000,1796015.0,100.0
202506,4131053000,177407068.0,100.0
202505,4148036000,68385.0,100.0
202505,4148037000,6654120.0,100.0
202505,4148051000,4374232.0,100.0
202505,4148052000,864820.0,100.0
202505,4148053000,1716082.0,100.0
202505,4148054000,7980335.0,100.0
202505,4148055000,3961071.0,100.0
202505,4148056000,2556782.0,100.0
202505,4148057000,727884.0,100.0
202505,4183039500,1245795.0,100.0
202505,4183040000,22992591.0,100.0
202505,4183041000,818422.0,100.0
202506,4111156000,415692.0,100.0
202506,4111156600,1366542.0,100.0
202506,4111157100,142336.0,100.0
202506,4111157200,323804.0,100.0
202506,4111157300,801239.0,100.0
202506,4111158000,162496.0,100.0
202506,4111159100,443540.0,100.0
202505,4145052000,29404.0,100.0
202505,4145053000,987396.0,100.0
202505,4145054000,157082.0,100.0
202505,4145055000,1585114.0,100.0
202505,4145056000,643864.0,100.0
202505,4145057000,525648.0,100.0
202505,4145058200,174616.0,100.0
202505,4145059000,86485922.0,100.0
202505,4145060000,79934.0,100.0
202505,4145061000,531908.0,100.0
202506,4165039000,3413045.0,100.0
202506,4165040000,490471.0,100.0
202506,4165041000,901955.0,100.0
202506,4165051000,2117111.0,100.0
202506,4165052000,466083.0,100.0
202506,4167025000,4372939.0,100.0
202506,4167031000,234263.0,100.0
202506,4167032000,1049705.0,100.0
202506,4167033000,45465.0,100.0
202506,4167034000,102541980.0,100.0
202506,4167035000,1669575.0,100.0
202506,4167036000,8746.0,100.0
202506,4146353000,117666.0,100.0
202506,4146353500,348831.0,100.0
202506,4146354000,104068332.0,100.0
202506,4146355000,478132.0,100.0
202506,4146356000,377481.0,100.0
202506,4146357000,343858.0,100.0
202506,4146357200,1244301.0,100.0
202506,4146357500,1343297.0,100.0
202506,4146357700,715408.0,100.0
202506,4146358600,399169.0,100.0
202506,4167037000,12132.0,100.0
202506,4167038000,46940.0,100.0
202506,4167051000,1247718.0,100.0
202506,4167052000,387206.0,100.0
202506,4167053000,344694.0,100.0
202506,4180025000,16504662.0,100.0
202506,4180025300,44244852.0,100.0
202506,4180031000,1902890.0,100.0
202506,4180032000,15894310.0,100.0
202506,4180033000,922635.0,100.0
202506,4180034000,9719.0,100.0
202506,4146359000,816672.0,100.0
202506,4146551000,1152564.0,100.0
202506,4146552000,2651001.0,100.0
202506,4146553000,1690795.0,100.0
202506,4146554000,459767.0,100.0
202506,4146555000,146646.0,100.0
202506,4146556000,407800.0,100.0
202506,4146557000,1367106.0,100.0
202506,4180035000,504186.0,100.0
202506,4180036000,2386673.0,100.0
202506,4180038000,182959.0,100.0
202506,4182025000,37135814.0,100.0
202506,4182031000,7880564.0,100.0
202506,4182032500,20655950.0,100.0
202506,4182033000,1864204.0,100.0
202506,4182034500,2191058.0,100.0
202506,4182035000,1897391.0,100.0
202506,4183025000,52191923.0,100.0
202506,4183031000,5458419.0,100.0
202506,4146559000,1259938.0,100.0
202506,4148025000,51487602.0,100.0
202506,4148025300,481153214.0,100.0
202506,4148025600,7751531.0,100.0
202506,4148026200,25723161.0,100.0
202506,4148031000,9441198.0,100.0
202506,4148032000,16311562.0,100.0
202506,4148035000,14592313.0,100.0
202506,4148036000,77999.0,100.0
202506,4183032000,1727267.0,100.0
202506,4183033000,5503691.0,100.0
202506,4183034000,683199.0,100.0
202506,4183035000,6078123.0,100.0
202506,4183036000,478508.0,100.0
202506,4183037000,2123067.0,100.0
202506,4183038000,487942.0,100.0
202506,4183039500,2988956.0,100.0
202506,4183040000,26000175.0,100.0
202506,4183041000,1199403.0,100.0
202506,4148037000,7817802.0,100.0
202506,4148051000,4651287.0,100.0
202506,4148052000,847472.0,100.0
202506,4148053000,1389948.0,100.0
202506,4148054000,8983029.0,100.0
202506,4148055000,4263648.0,100.0
202506,4148056000,3690100.0,100.0
202506,4148057000,780712.0,100.0
202506,4150025000,7540461.0,100.0
202506,4150025300,36992046.0,100.0
202506,4150031000,4171997.0,100.0
202506,4150032000,5621180.0,100.0
202506,4150033000,2607953.0,100.0
202506,4150034000,4330136.0,100.0
202506,4150035000,136975213.0,100.0
202506,4150036000,352344.0,100.0
202506,4150037000,445765.0,100.0
202506,4150038000,796396.0,100.0
202506,4150051000,1318198.0,100.0
202506,4150051500,3154462.0,100.0
202506,4150052000,817938.0,100.0
202506,4150053000,302284.0,100.0
202506,4155025000,39774846.0,100.0
202506,4155031000,56340601.0,100.0
202506,4155032000,7182441.0,100.0
202506,4155033000,1207422.0,100.0
202506,4155034000,4628568.0,100.0
202506,4155035000,11545233.0,100.0
202506,4155036000,5089714.0,100.0
202506,4155038000,5081647.0,100.0
202506,4155039000,6990124.0,100.0
202506,4155040000,9290258.0,100.0
202506,4155041000,2770565.0,100.0
202506,4155042000,2255777.0,100.0
202506,4155051000,1045642.0,100.0
202506,4155052000,3321633.0,100.0
202506,4155053000,1719196.0,100.0
202506,4159025300,79112896.0,100.0
202506,4159025600,12268090.0,100.0
202506,4159025900,48102419.0,100.0
202506,4159026200,7649100.0,100.0
202506,4159031000,2368145.0,100.0
202506,4159032000,3807284.0,100.0
202506,4159033000,1833216.0,100.0
202506,4159034000,5381213.0,100.0
202506,4159035000,6614720.0,100.0
202506,4159036000,382338714.0,100.0
202506,4159037000,4450900.0,100.0
202506,4159040000,3126847.0,100.0
202506,4159041000,9362447.0,100.0
202506,4159051500,1179523.0,100.0
202506,4159052000,2164217.0,100.0
202506,4159053000,2344441.0,100.0
202506,4159054000,451578.0,100.0
202506,4159055000,4987011.0,100.0
202506,4159056000,450186.0,100.0
202506,4159057000,1312982.0,100.0
202506,4159058500,2742260.0,100.0
202506,4159058600,4784329.0,100.0
202506,4159058700,3266345.0,100.0
202506,4159058800,322106.0,100.0
202506,4159059000,9313706.0,100.0
202506,4159060000,1890381.0,100.0
202506,4159061000,10259955.0,100.0
202506,4159062000,1305208.0,100.0
202506,4161025000,42393989.0,100.0
202506,4161025300,172922042.0,100.0
202506,4161025900,20912777.0,100.0
202506,4161033000,4037195.0,100.0
202506,4161034000,26818909.0,100.0
202506,4161035000,416948.0,100.0
202506,4161037000,310045.0,100.0
202506,4161051000,1572506.0,100.0
202506,4161052000,3028771.0,100.0
202506,4161053000,2719284.0,100.0
202506,4163025000,21998590.0,100.0
202506,4163031000,1500973.0,100.0
202506,4163032000,969867.0,100.0
202506,4163033000,45593031.0,100.0
202506,4163034000,1556508.0,100.0
202506,4163051000,177129.0,100.0
202506,4163052000,1334350.0,100.0
202506,4163053000,715524.0,100.0
202506,4163054000,855050.0,100.0
202506,4163055000,674092.0,100.0
202506,4163056000,1374348.0,100.0
202506,4165025000,34947309.0,100.0
202506,4165031000,16624574.0,100.0
202506,4165032000,2155070.0,100.0
202506,4165033000,2851578.0,100.0
202506,4165034000,28327324.0,100.0
202506,4165035000,523868.0,100.0
202506,4165036000,2502372.0,100.0
202506,4165037000,12160640.0,100.0
202506,4165038000,1414626.0,100.0
