기준월,행정동코드,매출금액,행정구역,총인구수,월유동인구수,년도,spatial_cluster
7,4111156000,41128684,경기도 수원시 장안구 파장동,22480,241011.94,2023,0
8,4111156000,5115679,경기도 수원시 장안구 파장동,22451,241268.02,2023,0
9,4111156000,436318,경기도 수원시 장안구 파장동,22410,236580.4,2023,0
10,4111156000,631469,경기도 수원시 장안구 파장동,23628,268762.16,2023,0
11,4111156000,591386,경기도 수원시 장안구 파장동,24542,253510.66,2023,0
12,4111156000,396281,경기도 수원시 장안구 파장동,24858,254986.72,2023,0
1,4111156000,204876,경기도 수원시 장안구 파장동,24998,244673.23,2024,0
2,4111156000,526923,경기도 수원시 장안구 파장동,25100,211774.66,2024,0
3,4111156000,218128,경기도 수원시 장안구 파장동,25080,251475.44,2024,0
4,4111156000,423491,경기도 수원시 장안구 파장동,24960,251709.61,2024,0
5,4111156000,373637,경기도 수원시 장안구 파장동,24895,256072.52,2024,0
6,4111156000,360225,경기도 수원시 장안구 파장동,24870,245236.31,2024,0
7,4111156000,426941,경기도 수원시 장안구 파장동,24919,247601.48,2024,0
8,4111156000,436141,경기도 수원시 장안구 파장동,24935,243807.16,2024,0
9,4111156000,216932,경기도 수원시 장안구 파장동,24855,256290.52,2024,0
10,4111156000,345212,경기도 수원시 장안구 파장동,24806,246609.88,2024,0
11,4111156000,536252,경기도 수원시 장안구 파장동,24781,248006.6,2024,0
12,4111156000,256166,경기도 수원시 장안구 파장동,24770,247004.08,2024,0
1,4111156000,809083,경기도 수원시 장안구 파장동,24752,246766.48,2025,0
2,4111156000,742091,경기도 수원시 장안구 파장동,24723,231349.88,2025,0
3,4111156000,414345,경기도 수원시 장안구 파장동,24696,260782.53,2025,0
4,4111156000,300889,경기도 수원시 장안구 파장동,24703,248881.2,2025,0
5,4111156000,128123,경기도 수원시 장안구 파장동,24675,243738.14,2025,0
6,4111156000,415692,경기도 수원시 장안구 파장동,24619,239134.22,2025,0
7,4111156600,107767496,경기도 수원시 장안구 율천동,40844,511438.1,2023,2
8,4111156600,16675020,경기도 수원시 장안구 율천동,40780,520708.84,2023,2
9,4111156600,2090468,경기도 수원시 장안구 율천동,40758,553485.3,2023,2
10,4111156600,2454601,경기도 수원시 장안구 율천동,40650,553091.2,2023,2
11,4111156600,1845397,경기도 수원시 장안구 율천동,40510,526834.5,2023,2
12,4111156600,1875574,경기도 수원시 장안구 율천동,40392,515815.22,2023,2
1,4111156600,2284192,경기도 수원시 장안구 율천동,40268,507592.44,2024,2
2,4111156600,1847690,경기도 수원시 장안구 율천동,40262,471971.53,2024,2
3,4111156600,1179942,경기도 수원시 장안구 율천동,40329,614724.5,2024,2
4,4111156600,2135551,경기도 수원시 장안구 율천동,40197,552811.1,2024,2
5,4111156600,1471504,경기도 수원시 장안구 율천동,40131,552327.44,2024,2
6,4111156600,1980290,경기도 수원시 장안구 율천동,40057,509329.88,2024,2
7,4111156600,2041052,경기도 수원시 장안구 율천동,40019,490253.38,2024,2
8,4111156600,1707660,경기도 수원시 장안구 율천동,40018,485605.28,2024,2
9,4111156600,1767088,경기도 수원시 장안구 율천동,40038,571141.4,2024,2
10,4111156600,1630997,경기도 수원시 장안구 율천동,39931,542466.8,2024,2
11,4111156600,1867251,경기도 수원시 장안구 율천동,39888,515726.25,2024,2
12,4111156600,1906846,경기도 수원시 장안구 율천동,39864,514471.8,2024,2
1,4111156600,2119782,경기도 수원시 장안구 율천동,39702,510537.3,2025,2
2,4111156600,2360098,경기도 수원시 장안구 율천동,39812,495038.2,2025,2
3,4111156600,1544115,경기도 수원시 장안구 율천동,39847,621300.75,2025,2
4,4111156600,1161495,경기도 수원시 장안구 율천동,39738,535143.75,2025,2
5,4111156600,1162030,경기도 수원시 장안구 율천동,39727,520269.78,2025,2
6,4111156600,1366542,경기도 수원시 장안구 율천동,39651,496883.78,2025,2
7,4111157100,84290647,경기도 수원시 장안구 정자1동,27895,283397.62,2023,2
8,4111157100,14896943,경기도 수원시 장안구 정자1동,27812,278846.78,2023,2
9,4111157100,237906,경기도 수원시 장안구 정자1동,27754,279775.44,2023,2
10,4111157100,373468,경기도 수원시 장안구 정자1동,27668,305058.1,2023,2
11,4111157100,312306,경기도 수원시 장안구 정자1동,27577,294267.75,2023,2
12,4111157100,384740,경기도 수원시 장안구 정자1동,27561,299993.44,2023,2
1,4111157100,345728,경기도 수원시 장안구 정자1동,27530,298206.1,2024,2
2,4111157100,211620,경기도 수원시 장안구 정자1동,27516,257224.52,2024,2
3,4111157100,139456,경기도 수원시 장안구 정자1동,27620,283947.66,2024,2
4,4111157100,280970,경기도 수원시 장안구 정자1동,30345,339032.66,2024,2
5,4111157100,205760,경기도 수원시 장안구 정자1동,32164,341624.44,2024,2
6,4111157100,205220,경기도 수원시 장안구 정자1동,32692,362086.53,2024,2
7,4111157100,189018,경기도 수원시 장안구 정자1동,32983,362148.4,2024,2
8,4111157100,139316,경기도 수원시 장안구 정자1동,33277,379243.3,2024,2
9,4111157100,212338,경기도 수원시 장안구 정자1동,33382,412522.56,2024,2
10,4111157100,154890,경기도 수원시 장안구 정자1동,33466,413647.66,2024,2
11,4111157100,201440,경기도 수원시 장안구 정자1동,33427,424518.56,2024,2
12,4111157100,239954,경기도 수원시 장안구 정자1동,33481,425891.47,2024,2
1,4111157100,189474,경기도 수원시 장안구 정자1동,33517,454565.4,2025,2
2,4111157100,289670,경기도 수원시 장안구 정자1동,33545,410626.38,2025,2
3,4111157100,197070,경기도 수원시 장안구 정자1동,33516,427531.4,2025,2
4,4111157100,125740,경기도 수원시 장안구 정자1동,33493,413347.88,2025,2
5,4111157100,128120,경기도 수원시 장안구 정자1동,33460,411251.5,2025,2
6,4111157100,142336,경기도 수원시 장안구 정자1동,33446,409920.94,2025,2
7,4111157200,87466075,경기도 수원시 장안구 정자2동,36209,1102608.0,2023,2
8,4111157200,9481338,경기도 수원시 장안구 정자2동,36081,1094405.8,2023,2
9,4111157200,372222,경기도 수원시 장안구 정자2동,36064,1084687.1,2023,2
10,4111157200,336518,경기도 수원시 장안구 정자2동,36747,1257053.9,2023,2
11,4111157200,343608,경기도 수원시 장안구 정자2동,37211,1153873.4,2023,2
12,4111157200,314764,경기도 수원시 장안구 정자2동,37725,1191879.8,2023,2
1,4111157200,348874,경기도 수원시 장안구 정자2동,38034,1220887.8,2024,2
2,4111157200,378502,경기도 수원시 장안구 정자2동,38361,1176296.1,2024,2
3,4111157200,231558,경기도 수원시 장안구 정자2동,38477,1258167.2,2024,2
4,4111157200,353230,경기도 수원시 장안구 정자2동,38403,1208464.6,2024,2
5,4111157200,297846,경기도 수원시 장안구 정자2동,38402,1232758.8,2024,2
6,4111157200,412938,경기도 수원시 장안구 정자2동,38389,1189128.2,2024,2
7,4111157200,387794,경기도 수원시 장안구 정자2동,38457,1202402.0,2024,2
8,4111157200,343894,경기도 수원시 장안구 정자2동,38477,1310900.2,2024,2
9,4111157200,376444,경기도 수원시 장안구 정자2동,38503,1696663.4,2024,2
10,4111157200,250568,경기도 수원시 장안구 정자2동,38534,1542272.6,2024,2
11,4111157200,265558,경기도 수원시 장안구 정자2동,38549,1476222.6,2024,2
12,4111157200,293610,경기도 수원시 장안구 정자2동,38552,1571226.2,2024,2
1,4111157200,235748,경기도 수원시 장안구 정자2동,38513,1659030.2,2025,2
2,4111157200,410751,경기도 수원시 장안구 정자2동,38442,1417313.1,2025,2
3,4111157200,350730,경기도 수원시 장안구 정자2동,38446,1526050.8,2025,2
4,4111157200,326598,경기도 수원시 장안구 정자2동,38359,1400493.1,2025,2
5,4111157200,272164,경기도 수원시 장안구 정자2동,38312,1497756.5,2025,2
6,4111157200,323804,경기도 수원시 장안구 정자2동,38243,1448488.8,2025,2
7,4111157300,274902228,경기도 수원시 장안구 정자3동,40050,694316.4,2023,2
8,4111157300,41369437,경기도 수원시 장안구 정자3동,39872,695759.25,2023,2
9,4111157300,738103,경기도 수원시 장안구 정자3동,39851,705658.1,2023,2
10,4111157300,661610,경기도 수원시 장안구 정자3동,39740,714892.1,2023,2
11,4111157300,590229,경기도 수원시 장안구 정자3동,39661,682493.06,2023,2
12,4111157300,606166,경기도 수원시 장안구 정자3동,39641,673174.0,2023,2
1,4111157300,555649,경기도 수원시 장안구 정자3동,39624,678063.6,2024,2
2,4111157300,535010,경기도 수원시 장안구 정자3동,39610,610088.0,2024,2
3,4111157300,448116,경기도 수원시 장안구 정자3동,39590,714748.0,2024,2
4,4111157300,703219,경기도 수원시 장안구 정자3동,39301,716657.44,2024,2
5,4111157300,571227,경기도 수원시 장안구 정자3동,39158,695419.0,2024,2
6,4111157300,785594,경기도 수원시 장안구 정자3동,39136,674474.06,2024,2
7,4111157300,708499,경기도 수원시 장안구 정자3동,39162,680891.0,2024,2
8,4111157300,658552,경기도 수원시 장안구 정자3동,39093,673080.25,2024,2
9,4111157300,914501,경기도 수원시 장안구 정자3동,39054,761922.44,2024,2
10,4111157300,610342,경기도 수원시 장안구 정자3동,39061,743955.3,2024,2
11,4111157300,727269,경기도 수원시 장안구 정자3동,39018,698878.1,2024,2
12,4111157300,795044,경기도 수원시 장안구 정자3동,39016,716734.4,2024,2
1,4111157300,1051511,경기도 수원시 장안구 정자3동,38937,729724.94,2025,2
2,4111157300,1177815,경기도 수원시 장안구 정자3동,38876,643428.1,2025,2
3,4111157300,910937,경기도 수원시 장안구 정자3동,38812,732644.75,2025,2
4,4111157300,833920,경기도 수원시 장안구 정자3동,38713,734593.8,2025,2
5,4111157300,922333,경기도 수원시 장안구 정자3동,38674,717949.6,2025,2
6,4111157300,801239,경기도 수원시 장안구 정자3동,38626,690842.0,2025,2
7,4111158000,33411040,경기도 수원시 장안구 영화동,19165,260519.95,2023,0
8,4111158000,4283255,경기도 수원시 장안구 영화동,19057,286291.47,2023,0
9,4111158000,404919,경기도 수원시 장안구 영화동,19008,312358.84,2023,0
10,4111158000,407164,경기도 수원시 장안구 영화동,18839,282059.5,2023,0
11,4111158000,402210,경기도 수원시 장안구 영화동,18704,280167.38,2023,0
12,4111158000,279032,경기도 수원시 장안구 영화동,18624,297870.88,2023,0
1,4111158000,423804,경기도 수원시 장안구 영화동,18589,364333.03,2024,0
2,4111158000,281669,경기도 수원시 장안구 영화동,18544,418246.4,2024,0
3,4111158000,168250,경기도 수원시 장안구 영화동,18484,409675.75,2024,0
4,4111158000,306342,경기도 수원시 장안구 영화동,18408,397945.88,2024,0
5,4111158000,259364,경기도 수원시 장안구 영화동,18335,405274.1,2024,0
6,4111158000,209288,경기도 수원시 장안구 영화동,18289,385433.62,2024,0
7,4111158000,214184,경기도 수원시 장안구 영화동,18240,389617.62,2024,0
8,4111158000,273872,경기도 수원시 장안구 영화동,18198,347939.38,2024,0
9,4111158000,260729,경기도 수원시 장안구 영화동,18182,281557.47,2024,0
10,4111158000,203325,경기도 수원시 장안구 영화동,18079,261649.7,2024,0
11,4111158000,347108,경기도 수원시 장안구 영화동,18030,253658.0,2024,0
12,4111158000,182387,경기도 수원시 장안구 영화동,18026,248775.19,2024,0
1,4111158000,213792,경기도 수원시 장안구 영화동,18005,266393.03,2025,0
2,4111158000,388288,경기도 수원시 장안구 영화동,17987,246640.73,2025,0
3,4111158000,254958,경기도 수원시 장안구 영화동,17996,253870.88,2025,0
4,4111158000,241200,경기도 수원시 장안구 영화동,17925,254349.06,2025,0
5,4111158000,212132,경기도 수원시 장안구 영화동,17872,262221.75,2025,0
6,4111158000,162496,경기도 수원시 장안구 영화동,17819,254437.98,2025,0
7,4111159100,39545534,경기도 수원시 장안구 송죽동,18900,253406.31,2023,0
8,4111159100,4504434,경기도 수원시 장안구 송죽동,18797,249653.62,2023,0
9,4111159100,374866,경기도 수원시 장안구 송죽동,18687,251946.78,2023,0
10,4111159100,95366,경기도 수원시 장안구 송죽동,18611,256666.03,2023,0
11,4111159100,233558,경기도 수원시 장안구 송죽동,18541,252347.7,2023,0
12,4111159100,488954,경기도 수원시 장안구 송죽동,18506,256436.7,2023,0
1,4111159100,254180,경기도 수원시 장안구 송죽동,18436,265794.7,2024,0
2,4111159100,262372,경기도 수원시 장안구 송죽동,18423,237357.45,2024,0
3,4111159100,77096,경기도 수원시 장안구 송죽동,18393,267814.28,2024,0
4,4111159100,297146,경기도 수원시 장안구 송죽동,18374,261085.89,2024,0
5,4111159100,227126,경기도 수원시 장안구 송죽동,18289,257802.66,2024,0
6,4111159100,328484,경기도 수원시 장안구 송죽동,18223,243657.8,2024,0
7,4111159100,440704,경기도 수원시 장안구 송죽동,18203,253780.16,2024,0
8,4111159100,236914,경기도 수원시 장안구 송죽동,18220,244893.98,2024,0
9,4111159100,171190,경기도 수원시 장안구 송죽동,18153,274949.22,2024,0
10,4111159100,207870,경기도 수원시 장안구 송죽동,18184,245738.69,2024,0
11,4111159100,222086,경기도 수원시 장안구 송죽동,18195,230312.1,2024,0
12,4111159100,301414,경기도 수원시 장안구 송죽동,18232,233704.1,2024,0
1,4111159100,261062,경기도 수원시 장안구 송죽동,18203,242062.27,2025,0
2,4111159100,713486,경기도 수원시 장안구 송죽동,18142,222151.4,2025,0
3,4111159100,753830,경기도 수원시 장안구 송죽동,18114,263012.2,2025,0
4,4111159100,481992,경기도 수원시 장안구 송죽동,18079,254101.86,2025,0
5,4111159100,235860,경기도 수원시 장안구 송죽동,18070,248375.22,2025,0
6,4111159100,443540,경기도 수원시 장안구 송죽동,18077,250241.12,2025,0
7,4111159700,43312151,경기도 수원시 장안구 조원1동,28785,2143133.8,2023,2
8,4111159700,5742222,경기도 수원시 장안구 조원1동,28715,2075926.6,2023,2
9,4111159700,1258725,경기도 수원시 장안구 조원1동,28679,1972160.0,2023,2
10,4111159700,1096765,경기도 수원시 장안구 조원1동,28609,2161495.8,2023,2
11,4111159700,963096,경기도 수원시 장안구 조원1동,28595,1912156.6,2023,2
12,4111159700,1051629,경기도 수원시 장안구 조원1동,28582,1877019.1,2023,2
1,4111159700,991235,경기도 수원시 장안구 조원1동,28536,1878525.6,2024,2
2,4111159700,1192799,경기도 수원시 장안구 조원1동,28505,1653856.8,2024,2
3,4111159700,597790,경기도 수원시 장안구 조원1동,28437,1990642.0,2024,2
4,4111159700,1026246,경기도 수원시 장안구 조원1동,28313,2019254.1,2024,2
5,4111159700,773385,경기도 수원시 장안구 조원1동,28208,2022668.5,2024,2
6,4111159700,907402,경기도 수원시 장안구 조원1동,28176,2024990.5,2024,2
7,4111159700,1103930,경기도 수원시 장안구 조원1동,28133,1975126.8,2024,2
8,4111159700,959246,경기도 수원시 장안구 조원1동,28065,2047987.9,2024,2
9,4111159700,1375152,경기도 수원시 장안구 조원1동,27999,2161225.2,2024,2
10,4111159700,815095,경기도 수원시 장안구 조원1동,27962,1935142.0,2024,2
11,4111159700,1035764,경기도 수원시 장안구 조원1동,27915,1827794.1,2024,2
12,4111159700,972936,경기도 수원시 장안구 조원1동,27857,1838583.5,2024,2
1,4111159700,1425252,경기도 수원시 장안구 조원1동,27822,1871183.6,2025,2
2,4111159700,1154138,경기도 수원시 장안구 조원1동,27767,1718619.4,2025,2
3,4111159700,809909,경기도 수원시 장안구 조원1동,27748,2005715.4,2025,2
4,4111159700,692113,경기도 수원시 장안구 조원1동,27738,1859049.8,2025,2
5,4111159700,681398,경기도 수원시 장안구 조원1동,27701,2057455.5,2025,2
6,4111159700,800074,경기도 수원시 장안구 조원1동,27644,1905094.1,2025,2
7,4111159800,34835026,경기도 수원시 장안구 조원2동,17860,820993.6,2023,0
8,4111159800,5644237,경기도 수원시 장안구 조원2동,17831,862638.6,2023,0
9,4111159800,173226,경기도 수원시 장안구 조원2동,17795,831141.1,2023,0
10,4111159800,163072,경기도 수원시 장안구 조원2동,17719,905063.1,2023,0
11,4111159800,145680,경기도 수원시 장안구 조원2동,17722,855165.5,2023,0
12,4111159800,174812,경기도 수원시 장안구 조원2동,17711,905291.94,2023,0
1,4111159800,197186,경기도 수원시 장안구 조원2동,17704,900560.8,2024,0
2,4111159800,132536,경기도 수원시 장안구 조원2동,17709,826841.25,2024,0
3,4111159800,219728,경기도 수원시 장안구 조원2동,17713,859345.5,2024,0
4,4111159800,318106,경기도 수원시 장안구 조원2동,17660,767931.1,2024,0
5,4111159800,271160,경기도 수원시 장안구 조원2동,17608,799763.6,2024,0
6,4111159800,306892,경기도 수원시 장안구 조원2동,17606,764215.0,2024,0
7,4111159800,330622,경기도 수원시 장안구 조원2동,17590,825028.25,2024,0
8,4111159800,176874,경기도 수원시 장안구 조원2동,17584,1158670.0,2024,0
9,4111159800,332832,경기도 수원시 장안구 조원2동,17564,1200995.2,2024,0
10,4111159800,127504,경기도 수원시 장안구 조원2동,17534,1029730.2,2024,0
11,4111159800,172320,경기도 수원시 장안구 조원2동,17590,1127132.9,2024,0
12,4111159800,115624,경기도 수원시 장안구 조원2동,17581,1058299.5,2024,0
1,4111159800,172696,경기도 수원시 장안구 조원2동,17548,1120276.1,2025,0
2,4111159800,154188,경기도 수원시 장안구 조원2동,17518,1002251.25,2025,0
3,4111159800,187438,경기도 수원시 장안구 조원2동,17479,1057704.6,2025,0
4,4111159800,153508,경기도 수원시 장안구 조원2동,17412,1000793.25,2025,0
5,4111159800,130172,경기도 수원시 장안구 조원2동,17363,1021266.1,2025,0
6,4111159800,115288,경기도 수원시 장안구 조원2동,17355,990795.94,2025,0
7,4111160000,27527579,경기도 수원시 장안구 연무동,16940,148065.7,2023,0
8,4111160000,2749067,경기도 수원시 장안구 연무동,17151,145461.55,2023,0
9,4111160000,123106,경기도 수원시 장안구 연무동,17196,152097.31,2023,0
10,4111160000,149334,경기도 수원시 장안구 연무동,17229,161017.6,2023,0
11,4111160000,143112,경기도 수원시 장안구 연무동,17231,136371.03,2023,0
12,4111160000,131050,경기도 수원시 장안구 연무동,17249,131684.31,2023,0
1,4111160000,155732,경기도 수원시 장안구 연무동,17240,133827.53,2024,0
2,4111160000,127976,경기도 수원시 장안구 연무동,17286,138670.94,2024,0
3,4111160000,159888,경기도 수원시 장안구 연무동,17403,162276.53,2024,0
4,4111160000,223264,경기도 수원시 장안구 연무동,17356,161832.31,2024,0
5,4111160000,142360,경기도 수원시 장안구 연무동,17348,151239.11,2024,0
6,4111160000,155402,경기도 수원시 장안구 연무동,17323,146842.27,2024,0
7,4111160000,160862,경기도 수원시 장안구 연무동,17321,146857.88,2024,0
8,4111160000,165012,경기도 수원시 장안구 연무동,17335,145529.02,2024,0
9,4111160000,213960,경기도 수원시 장안구 연무동,17295,167118.95,2024,0
10,4111160000,144974,경기도 수원시 장안구 연무동,17293,167148.81,2024,0
11,4111160000,192432,경기도 수원시 장안구 연무동,17277,149460.69,2024,0
12,4111160000,215372,경기도 수원시 장안구 연무동,17282,138658.75,2024,0
1,4111160000,121064,경기도 수원시 장안구 연무동,17217,142977.19,2025,0
2,4111160000,208832,경기도 수원시 장안구 연무동,17229,134715.25,2025,0
3,4111160000,124764,경기도 수원시 장안구 연무동,17207,165499.38,2025,0
4,4111160000,125912,경기도 수원시 장안구 연무동,17196,158809.44,2025,0
5,4111160000,69276,경기도 수원시 장안구 연무동,17179,165324.28,2025,0
6,4111160000,84770,경기도 수원시 장안구 연무동,17136,150103.3,2025,0
7,4111353000,17961633,경기도 수원시 권선구 세류2동,23257,551305.3,2023,0
8,4111353000,2784235,경기도 수원시 권선구 세류2동,23145,541477.5,2023,0
9,4111353000,373562,경기도 수원시 권선구 세류2동,23037,516027.12,2023,0
10,4111353000,419538,경기도 수원시 권선구 세류2동,22969,557446.06,2023,0
11,4111353000,381709,경기도 수원시 권선구 세류2동,22945,520636.2,2023,0
12,4111353000,313716,경기도 수원시 권선구 세류2동,22896,527175.7,2023,0
1,4111353000,442058,경기도 수원시 권선구 세류2동,22905,541264.7,2024,0
2,4111353000,365142,경기도 수원시 권선구 세류2동,22864,494426.97,2024,0
3,4111353000,274062,경기도 수원시 권선구 세류2동,22819,535308.4,2024,0
4,4111353000,423690,경기도 수원시 권선구 세류2동,22719,546358.06,2024,0
5,4111353000,330288,경기도 수원시 권선구 세류2동,22651,540090.9,2024,0
6,4111353000,555126,경기도 수원시 권선구 세류2동,22615,525138.25,2024,0
7,4111353000,565582,경기도 수원시 권선구 세류2동,22592,527411.94,2024,0
8,4111353000,468266,경기도 수원시 권선구 세류2동,22491,524504.94,2024,0
9,4111353000,540140,경기도 수원시 권선구 세류2동,22447,613829.8,2024,0
10,4111353000,502776,경기도 수원시 권선구 세류2동,22421,507545.22,2024,0
11,4111353000,502058,경기도 수원시 권선구 세류2동,22351,502484.5,2024,0
12,4111353000,510850,경기도 수원시 권선구 세류2동,22285,517435.38,2024,0
1,4111353000,459870,경기도 수원시 권선구 세류2동,22255,594111.7,2025,0
2,4111353000,434086,경기도 수원시 권선구 세류2동,22208,549948.94,2025,0
3,4111353000,169248,경기도 수원시 권선구 세류2동,22203,525906.1,2025,0
4,4111353000,132878,경기도 수원시 권선구 세류2동,22155,510391.28,2025,0
5,4111353000,121088,경기도 수원시 권선구 세류2동,22129,518811.56,2025,0
6,4111353000,149404,경기도 수원시 권선구 세류2동,22091,490116.2,2025,0
7,4111354000,18797425,경기도 수원시 권선구 세류3동,18062,341589.38,2023,0
8,4111354000,2936578,경기도 수원시 권선구 세류3동,17992,326714.8,2023,0
9,4111354000,139964,경기도 수원시 권선구 세류3동,17923,332953.53,2023,0
10,4111354000,136370,경기도 수원시 권선구 세류3동,17872,349780.44,2023,0
11,4111354000,146850,경기도 수원시 권선구 세류3동,17850,325102.8,2023,0
12,4111354000,155042,경기도 수원시 권선구 세류3동,17802,351218.5,2023,0
1,4111354000,104280,경기도 수원시 권선구 세류3동,17802,365539.06,2024,0
2,4111354000,127526,경기도 수원시 권선구 세류3동,17750,309927.9,2024,0
3,4111354000,102250,경기도 수원시 권선구 세류3동,17713,333081.62,2024,0
4,4111354000,197892,경기도 수원시 권선구 세류3동,17671,341109.6,2024,0
5,4111354000,75830,경기도 수원시 권선구 세류3동,17685,311812.44,2024,0
6,4111354000,49586,경기도 수원시 권선구 세류3동,17680,297292.44,2024,0
7,4111354000,28812,경기도 수원시 권선구 세류3동,17630,307307.34,2024,0
8,4111354000,43992,경기도 수원시 권선구 세류3동,17605,291211.38,2024,0
9,4111354000,39658,경기도 수원시 권선구 세류3동,17525,335381.53,2024,0
10,4111354000,27426,경기도 수원시 권선구 세류3동,17496,308060.06,2024,0
11,4111354000,22732,경기도 수원시 권선구 세류3동,17425,295831.84,2024,0
12,4111354000,47000,경기도 수원시 권선구 세류3동,17397,299825.5,2024,0
1,4111354000,50202,경기도 수원시 권선구 세류3동,17347,352311.12,2025,0
2,4111354000,39788,경기도 수원시 권선구 세류3동,17334,323258.78,2025,0
3,4111354000,22180,경기도 수원시 권선구 세류3동,17312,310641.12,2025,0
4,4111354000,8264,경기도 수원시 권선구 세류3동,17295,296034.94,2025,0
5,4111354000,20658,경기도 수원시 권선구 세류3동,17252,318028.16,2025,0
6,4111354000,75628,경기도 수원시 권선구 세류3동,17215,318651.9,2025,0
7,4111355000,56474278,경기도 수원시 권선구 평동,41247,143585.67,2023,2
8,4111355000,8429142,경기도 수원시 권선구 평동,41122,140886.1,2023,2
9,4111355000,1779938,경기도 수원시 권선구 평동,40996,139221.38,2023,2
10,4111355000,1335547,경기도 수원시 권선구 평동,40988,148239.06,2023,2
11,4111355000,915128,경기도 수원시 권선구 평동,40995,143937.02,2023,2
12,4111355000,822210,경기도 수원시 권선구 평동,40962,141193.02,2023,2
1,4111355000,924754,경기도 수원시 권선구 평동,40960,146171.4,2024,2
2,4111355000,860238,경기도 수원시 권선구 평동,40892,130829.38,2024,2
3,4111355000,675237,경기도 수원시 권선구 평동,40817,144154.45,2024,2
4,4111355000,941038,경기도 수원시 권선구 평동,40712,146461.05,2024,2
5,4111355000,786897,경기도 수원시 권선구 평동,40689,147091.72,2024,2
6,4111355000,715150,경기도 수원시 권선구 평동,40638,152238.45,2024,2
7,4111355000,896953,경기도 수원시 권선구 평동,40581,144623.73,2024,2
8,4111355000,765947,경기도 수원시 권선구 평동,40584,141783.6,2024,2
9,4111355000,955760,경기도 수원시 권선구 평동,40563,146309.27,2024,2
10,4111355000,787704,경기도 수원시 권선구 평동,40484,143549.69,2024,2
11,4111355000,777528,경기도 수원시 권선구 평동,40530,144032.75,2024,2
12,4111355000,320348,경기도 수원시 권선구 평동,40623,142018.7,2024,2
1,4111355000,441919,경기도 수원시 권선구 평동,40649,140195.31,2025,2
2,4111355000,416678,경기도 수원시 권선구 평동,40752,139126.12,2025,2
3,4111355000,290529,경기도 수원시 권선구 평동,40876,147826.66,2025,2
4,4111355000,273872,경기도 수원시 권선구 평동,40811,149115.88,2025,2
5,4111355000,262609,경기도 수원시 권선구 평동,40845,144405.05,2025,2
6,4111355000,292230,경기도 수원시 권선구 평동,40896,140478.27,2025,2
7,4111356000,41469994,경기도 수원시 권선구 서둔동,37863,438076.0,2023,2
8,4111356000,6046826,경기도 수원시 권선구 서둔동,37809,426756.2,2023,2
9,4111356000,1142670,경기도 수원시 권선구 서둔동,37729,418656.0,2023,2
10,4111356000,1073417,경기도 수원시 권선구 서둔동,37654,439673.28,2023,2
11,4111356000,930722,경기도 수원시 권선구 서둔동,37584,405875.53,2023,2
12,4111356000,1025838,경기도 수원시 권선구 서둔동,37614,422738.78,2023,2
1,4111356000,819370,경기도 수원시 권선구 서둔동,37651,413485.25,2024,2
2,4111356000,787210,경기도 수원시 권선구 서둔동,37654,364476.44,2024,2
3,4111356000,725615,경기도 수원시 권선구 서둔동,37593,407955.38,2024,2
4,4111356000,940377,경기도 수원시 권선구 서둔동,37554,412920.06,2024,2
5,4111356000,824236,경기도 수원시 권선구 서둔동,37526,413950.12,2024,2
6,4111356000,960057,경기도 수원시 권선구 서둔동,37454,405621.62,2024,2
7,4111356000,1001349,경기도 수원시 권선구 서둔동,37401,411136.28,2024,2
8,4111356000,873835,경기도 수원시 권선구 서둔동,37324,404636.88,2024,2
9,4111356000,1025920,경기도 수원시 권선구 서둔동,37230,432329.6,2024,2
10,4111356000,806529,경기도 수원시 권선구 서둔동,37152,418494.03,2024,2
11,4111356000,911732,경기도 수원시 권선구 서둔동,37090,420714.22,2024,2
12,4111356000,938074,경기도 수원시 권선구 서둔동,37039,410953.44,2024,2
1,4111356000,642903,경기도 수원시 권선구 서둔동,37109,416373.16,2025,2
2,4111356000,942815,경기도 수원시 권선구 서둔동,37246,380014.3,2025,2
3,4111356000,965737,경기도 수원시 권선구 서둔동,37272,413374.25,2025,2
4,4111356000,587509,경기도 수원시 권선구 서둔동,37320,399288.22,2025,2
5,4111356000,482518,경기도 수원시 권선구 서둔동,37286,413907.5,2025,2
6,4111356000,496524,경기도 수원시 권선구 서둔동,37323,434078.25,2025,2
7,4111366200,267477113,경기도 수원시 권선구 금곡동,44425,803159.5,2023,2
8,4111366200,41297878,경기도 수원시 권선구 금곡동,44342,789903.2,2023,2
9,4111366200,1854180,경기도 수원시 권선구 금곡동,44192,784596.9,2023,2
10,4111366200,2155799,경기도 수원시 권선구 금곡동,44109,830735.3,2023,2
11,4111366200,1596708,경기도 수원시 권선구 금곡동,44115,770417.7,2023,2
12,4111366200,1562221,경기도 수원시 권선구 금곡동,44027,811214.3,2023,2
1,4111366200,1327950,경기도 수원시 권선구 금곡동,44016,814373.1,2024,2
2,4111366200,1320789,경기도 수원시 권선구 금곡동,44062,746486.94,2024,2
3,4111366200,1393310,경기도 수원시 권선구 금곡동,44409,826477.75,2024,2
4,4111366200,1734666,경기도 수원시 권선구 금곡동,44535,842342.7,2024,2
5,4111366200,1032719,경기도 수원시 권선구 금곡동,44498,826311.44,2024,2
6,4111366200,1052457,경기도 수원시 권선구 금곡동,44512,811249.8,2024,2
7,4111366200,1342011,경기도 수원시 권선구 금곡동,44735,813210.75,2024,2
8,4111366200,1022372,경기도 수원시 권선구 금곡동,44808,802416.25,2024,2
9,4111366200,1529875,경기도 수원시 권선구 금곡동,44780,868095.5,2024,2
10,4111366200,1192764,경기도 수원시 권선구 금곡동,44749,826253.0,2024,2
11,4111366200,1388320,경기도 수원시 권선구 금곡동,44751,802053.25,2024,2
12,4111366200,1401807,경기도 수원시 권선구 금곡동,44754,810061.8,2024,2
1,4111366200,1697978,경기도 수원시 권선구 금곡동,44709,826143.25,2025,2
2,4111366200,2079305,경기도 수원시 권선구 금곡동,44608,747205.75,2025,2
3,4111366200,1561302,경기도 수원시 권선구 금곡동,44580,816026.75,2025,2
4,4111366200,916700,경기도 수원시 권선구 금곡동,44498,800169.8,2025,2
5,4111366200,1205029,경기도 수원시 권선구 금곡동,44405,792017.7,2025,2
6,4111366200,845400,경기도 수원시 권선구 금곡동,44363,779390.5,2025,2
7,4111366400,99466657,경기도 수원시 권선구 호매실동,45120,250585.77,2023,2
8,4111366400,17476832,경기도 수원시 권선구 호매실동,44972,246252.89,2023,2
9,4111366400,1542735,경기도 수원시 권선구 호매실동,44853,246467.25,2023,2
10,4111366400,1251759,경기도 수원시 권선구 호매실동,44745,269226.78,2023,2
11,4111366400,927853,경기도 수원시 권선구 호매실동,44655,260630.1,2023,2
12,4111366400,984411,경기도 수원시 권선구 호매실동,44651,272231.38,2023,2
1,4111366400,1087360,경기도 수원시 권선구 호매실동,44718,268327.22,2024,2
2,4111366400,1169505,경기도 수원시 권선구 호매실동,44608,246436.73,2024,2
3,4111366400,950718,경기도 수원시 권선구 호매실동,44535,250026.31,2024,2
4,4111366400,979587,경기도 수원시 권선구 호매실동,44420,256439.67,2024,2
5,4111366400,896347,경기도 수원시 권선구 호매실동,44419,257033.64,2024,2
6,4111366400,1280634,경기도 수원시 권선구 호매실동,44427,254028.97,2024,2
7,4111366400,1221949,경기도 수원시 권선구 호매실동,44407,264330.25,2024,2
8,4111366400,1094617,경기도 수원시 권선구 호매실동,44373,273870.8,2024,2
9,4111366400,1146683,경기도 수원시 권선구 호매실동,44312,271876.66,2024,2
10,4111366400,1035418,경기도 수원시 권선구 호매실동,44254,266257.4,2024,2
11,4111366400,1043786,경기도 수원시 권선구 호매실동,44157,262032.06,2024,2
12,4111366400,1245038,경기도 수원시 권선구 호매실동,44128,264968.62,2024,2
1,4111366400,1209073,경기도 수원시 권선구 호매실동,44114,269892.16,2025,2
2,4111366400,1630697,경기도 수원시 권선구 호매실동,44039,248693.97,2025,2
3,4111366400,1182022,경기도 수원시 권선구 호매실동,44026,268551.2,2025,2
4,4111366400,1064167,경기도 수원시 권선구 호매실동,43916,252666.36,2025,2
5,4111366400,882437,경기도 수원시 권선구 호매실동,43896,262010.19,2025,2
6,4111366400,1095133,경기도 수원시 권선구 호매실동,43919,257809.6,2025,2
7,4111367000,71868301,경기도 수원시 권선구 권선1동,24385,1480385.8,2023,0
8,4111367000,9458248,경기도 수원시 권선구 권선1동,24258,1492788.9,2023,0
9,4111367000,146888,경기도 수원시 권선구 권선1동,24200,1462384.8,2023,0
10,4111367000,174524,경기도 수원시 권선구 권선1동,24186,1644049.0,2023,0
11,4111367000,266264,경기도 수원시 권선구 권선1동,24185,1579876.5,2023,0
12,4111367000,293320,경기도 수원시 권선구 권선1동,24177,1626215.9,2023,0
1,4111367000,346820,경기도 수원시 권선구 권선1동,24267,1666580.1,2024,0
2,4111367000,325904,경기도 수원시 권선구 권선1동,24320,1531126.6,2024,0
3,4111367000,203560,경기도 수원시 권선구 권선1동,24360,1668855.8,2024,0
4,4111367000,334828,경기도 수원시 권선구 권선1동,24363,1608897.5,2024,0
5,4111367000,288248,경기도 수원시 권선구 권선1동,24346,1656357.2,2024,0
6,4111367000,398344,경기도 수원시 권선구 권선1동,24295,1608443.0,2024,0
7,4111367000,490414,경기도 수원시 권선구 권선1동,24269,1662192.9,2024,0
8,4111367000,385936,경기도 수원시 권선구 권선1동,24253,1614611.8,2024,0
9,4111367000,463380,경기도 수원시 권선구 권선1동,24204,1732168.5,2024,0
10,4111367000,351696,경기도 수원시 권선구 권선1동,24088,1580379.0,2024,0
11,4111367000,387110,경기도 수원시 권선구 권선1동,24093,1552318.8,2024,0
12,4111367000,387022,경기도 수원시 권선구 권선1동,24090,1570621.0,2024,0
1,4111367000,325254,경기도 수원시 권선구 권선1동,24082,1634640.1,2025,0
2,4111367000,565504,경기도 수원시 권선구 권선1동,24110,1549985.2,2025,0
3,4111367000,509088,경기도 수원시 권선구 권선1동,24031,1556825.9,2025,0
4,4111367000,346696,경기도 수원시 권선구 권선1동,23993,1497388.6,2025,0
5,4111367000,311236,경기도 수원시 권선구 권선1동,23876,1535243.9,2025,0
6,4111367000,234558,경기도 수원시 권선구 권선1동,23821,1488121.2,2025,0
7,4111368000,128615136,경기도 수원시 권선구 권선2동,46913,1265785.2,2023,2
8,4111368000,22650712,경기도 수원시 권선구 권선2동,46733,1276778.0,2023,2
9,4111368000,2200395,경기도 수원시 권선구 권선2동,46692,1321102.9,2023,2
10,4111368000,2126962,경기도 수원시 권선구 권선2동,46597,1231299.5,2023,2
11,4111368000,1193918,경기도 수원시 권선구 권선2동,46583,1142205.1,2023,2
12,4111368000,1090642,경기도 수원시 권선구 권선2동,46505,1162975.9,2023,2
1,4111368000,1082945,경기도 수원시 권선구 권선2동,46458,1172418.0,2024,2
2,4111368000,1306993,경기도 수원시 권선구 권선2동,46258,1061563.5,2024,2
3,4111368000,708607,경기도 수원시 권선구 권선2동,46214,1180089.9,2024,2
4,4111368000,986711,경기도 수원시 권선구 권선2동,46117,1274839.2,2024,2
5,4111368000,783878,경기도 수원시 권선구 권선2동,46050,1212861.5,2024,2
6,4111368000,948112,경기도 수원시 권선구 권선2동,46035,1184181.9,2024,2
7,4111368000,900968,경기도 수원시 권선구 권선2동,45979,1245337.8,2024,2
8,4111368000,913062,경기도 수원시 권선구 권선2동,45932,1271680.0,2024,2
9,4111368000,2481720,경기도 수원시 권선구 권선2동,45858,1274738.0,2024,2
10,4111368000,899663,경기도 수원시 권선구 권선2동,45866,1201771.8,2024,2
11,4111368000,1096686,경기도 수원시 권선구 권선2동,45845,1186629.1,2024,2
12,4111368000,1390910,경기도 수원시 권선구 권선2동,45800,1204578.0,2024,2
1,4111368000,2487923,경기도 수원시 권선구 권선2동,45857,1268247.4,2025,2
2,4111368000,1651548,경기도 수원시 권선구 권선2동,45896,1149466.5,2025,2
3,4111368000,2086338,경기도 수원시 권선구 권선2동,45920,1226335.9,2025,2
4,4111368000,1305625,경기도 수원시 권선구 권선2동,45857,1172027.8,2025,2
5,4111368000,1025944,경기도 수원시 권선구 권선2동,45822,1183585.0,2025,2
6,4111368000,1248097,경기도 수원시 권선구 권선2동,45898,1201970.8,2025,2
7,4111369000,74181723,경기도 수원시 권선구 곡선동,35405,488419.7,2023,2
8,4111369000,11179362,경기도 수원시 권선구 곡선동,35323,483330.97,2023,2
9,4111369000,959463,경기도 수원시 권선구 곡선동,35198,471152.4,2023,2
10,4111369000,932842,경기도 수원시 권선구 곡선동,35129,490849.2,2023,2
11,4111369000,907016,경기도 수원시 권선구 곡선동,35113,453983.22,2023,2
12,4111369000,1338055,경기도 수원시 권선구 곡선동,35049,464454.25,2023,2
1,4111369000,1298576,경기도 수원시 권선구 곡선동,35009,471158.84,2024,2
2,4111369000,991377,경기도 수원시 권선구 곡선동,34933,417746.44,2024,2
3,4111369000,938798,경기도 수원시 권선구 곡선동,34871,463629.44,2024,2
4,4111369000,878871,경기도 수원시 권선구 곡선동,34767,466033.22,2024,2
5,4111369000,730135,경기도 수원시 권선구 곡선동,34758,456306.22,2024,2
6,4111369000,917635,경기도 수원시 권선구 곡선동,34700,447309.9,2024,2
7,4111369000,949150,경기도 수원시 권선구 곡선동,34684,450209.78,2024,2
8,4111369000,995157,경기도 수원시 권선구 곡선동,34654,437761.28,2024,2
9,4111369000,1123601,경기도 수원시 권선구 곡선동,34556,491587.28,2024,2
10,4111369000,1051804,경기도 수원시 권선구 곡선동,34488,480547.9,2024,2
11,4111369000,946843,경기도 수원시 권선구 곡선동,34499,466815.9,2024,2
12,4111369000,826587,경기도 수원시 권선구 곡선동,34461,473029.5,2024,2
1,4111369000,921389,경기도 수원시 권선구 곡선동,34463,484790.44,2025,2
2,4111369000,2037253,경기도 수원시 권선구 곡선동,34381,454199.78,2025,2
3,4111369000,1272979,경기도 수원시 권선구 곡선동,34337,526145.1,2025,2
4,4111369000,782595,경기도 수원시 권선구 곡선동,34293,467597.6,2025,2
5,4111369000,814125,경기도 수원시 권선구 곡선동,34314,480021.53,2025,2
6,4111369000,620913,경기도 수원시 권선구 곡선동,34352,463084.7,2025,2
7,4111565000,12506295,경기도 수원시 팔달구 매교동,21300,328689.38,2023,0
8,4111565000,1492730,경기도 수원시 팔달구 매교동,21311,319816.3,2023,0
9,4111565000,151626,경기도 수원시 팔달구 매교동,21346,326209.38,2023,0
10,4111565000,312270,경기도 수원시 팔달구 매교동,21359,351391.2,2023,0
11,4111565000,267446,경기도 수원시 팔달구 매교동,21326,323310.44,2023,0
12,4111565000,280621,경기도 수원시 팔달구 매교동,21454,329967.56,2023,0
1,4111565000,185479,경기도 수원시 팔달구 매교동,21516,328576.88,2024,0
2,4111565000,185253,경기도 수원시 팔달구 매교동,21632,288864.06,2024,0
3,4111565000,154287,경기도 수원시 팔달구 매교동,21634,339688.84,2024,0
4,4111565000,222883,경기도 수원시 팔달구 매교동,21688,336734.7,2024,0
5,4111565000,153089,경기도 수원시 팔달구 매교동,21695,353517.97,2024,0
6,4111565000,105679,경기도 수원시 팔달구 매교동,21710,331394.75,2024,0
7,4111565000,178838,경기도 수원시 팔달구 매교동,21688,344809.8,2024,0
8,4111565000,92540,경기도 수원시 팔달구 매교동,21691,337455.22,2024,0
9,4111565000,173506,경기도 수원시 팔달구 매교동,21630,377631.22,2024,0
10,4111565000,234332,경기도 수원시 팔달구 매교동,21635,351024.78,2024,0
11,4111565000,80192,경기도 수원시 팔달구 매교동,21634,340092.66,2024,0
12,4111565000,129366,경기도 수원시 팔달구 매교동,21617,344334.9,2024,0
1,4111565000,180582,경기도 수원시 팔달구 매교동,21688,361967.7,2025,0
2,4111565000,176482,경기도 수원시 팔달구 매교동,21704,349058.88,2025,0
3,4111565000,193012,경기도 수원시 팔달구 매교동,21706,367665.44,2025,0
4,4111565000,132920,경기도 수원시 팔달구 매교동,21710,350780.66,2025,0
5,4111565000,114186,경기도 수원시 팔달구 매교동,21721,395162.78,2025,0
6,4111565000,72516,경기도 수원시 팔달구 매교동,21737,393035.38,2025,0
7,4111566000,220813124,경기도 수원시 팔달구 매산동,9927,889571.6,2023,0
8,4111566000,434822095,경기도 수원시 팔달구 매산동,9873,884962.94,2023,0
9,4111566000,721507321,경기도 수원시 팔달구 매산동,9841,882758.5,2023,0
10,4111566000,661880981,경기도 수원시 팔달구 매산동,9849,897591.94,2023,0
11,4111566000,570626975,경기도 수원시 팔달구 매산동,9876,841857.7,2023,0
12,4111566000,572565051,경기도 수원시 팔달구 매산동,9878,928300.44,2023,0
1,4111566000,602883258,경기도 수원시 팔달구 매산동,9878,892048.1,2024,0
2,4111566000,626050895,경기도 수원시 팔달구 매산동,9864,879141.7,2024,0
3,4111566000,403543613,경기도 수원시 팔달구 매산동,9834,923364.56,2024,0
4,4111566000,601091030,경기도 수원시 팔달구 매산동,9813,862664.7,2024,0
5,4111566000,457700404,경기도 수원시 팔달구 매산동,9822,924797.06,2024,0
6,4111566000,559980065,경기도 수원시 팔달구 매산동,9836,864754.25,2024,0
7,4111566000,612254195,경기도 수원시 팔달구 매산동,9869,891534.5,2024,0
8,4111566000,551816896,경기도 수원시 팔달구 매산동,9861,884125.25,2024,0
9,4111566000,709745598,경기도 수원시 팔달구 매산동,9866,983024.0,2024,0
10,4111566000,515091204,경기도 수원시 팔달구 매산동,9851,863751.3,2024,0
11,4111566000,587358002,경기도 수원시 팔달구 매산동,9832,850650.06,2024,0
12,4111566000,620178103,경기도 수원시 팔달구 매산동,9856,909324.5,2024,0
1,4111566000,847116177,경기도 수원시 팔달구 매산동,9873,1039625.9,2025,0
2,4111566000,892136990,경기도 수원시 팔달구 매산동,9885,958203.0,2025,0
3,4111566000,757269230,경기도 수원시 팔달구 매산동,9843,986207.8,2025,0
4,4111566000,512943422,경기도 수원시 팔달구 매산동,9852,848998.8,2025,0
5,4111566000,514894703,경기도 수원시 팔달구 매산동,9817,901068.94,2025,0
6,4111566000,547799024,경기도 수원시 팔달구 매산동,9789,821666.25,2025,0
7,4111567000,5208864,경기도 수원시 팔달구 고등동,20373,144970.89,2023,0
8,4111567000,1456868,경기도 수원시 팔달구 고등동,20311,149088.64,2023,0
9,4111567000,1939019,경기도 수원시 팔달구 고등동,20250,141680.97,2023,0
10,4111567000,1192153,경기도 수원시 팔달구 고등동,20176,155022.23,2023,0
11,4111567000,817905,경기도 수원시 팔달구 고등동,20017,150475.12,2023,0
12,4111567000,951481,경기도 수원시 팔달구 고등동,19903,167925.47,2023,0
1,4111567000,960651,경기도 수원시 팔달구 고등동,19763,168781.94,2024,0
2,4111567000,494522,경기도 수원시 팔달구 고등동,19593,164693.62,2024,0
3,4111567000,481132,경기도 수원시 팔달구 고등동,19538,170159.84,2024,0
4,4111567000,639654,경기도 수원시 팔달구 고등동,19439,172003.61,2024,0
5,4111567000,203345,경기도 수원시 팔달구 고등동,19386,172253.34,2024,0
6,4111567000,164281,경기도 수원시 팔달구 고등동,19396,158801.73,2024,0
7,4111567000,109700,경기도 수원시 팔달구 고등동,19382,156283.52,2024,0
8,4111567000,120128,경기도 수원시 팔달구 고등동,19339,160856.84,2024,0
9,4111567000,163544,경기도 수원시 팔달구 고등동,19282,193024.6,2024,0
10,4111567000,518086,경기도 수원시 팔달구 고등동,19218,173322.48,2024,0
11,4111567000,1288032,경기도 수원시 팔달구 고등동,19194,162723.06,2024,0
12,4111567000,1749824,경기도 수원시 팔달구 고등동,19168,163753.39,2024,0
1,4111567000,2474508,경기도 수원시 팔달구 고등동,19193,184593.48,2025,0
2,4111567000,3166610,경기도 수원시 팔달구 고등동,19186,167494.34,2025,0
3,4111567000,3568666,경기도 수원시 팔달구 고등동,19136,169185.12,2025,0
4,4111567000,2476424,경기도 수원시 팔달구 고등동,19105,166745.56,2025,0
5,4111567000,2992708,경기도 수원시 팔달구 고등동,19095,168091.73,2025,0
6,4111567000,2544904,경기도 수원시 팔달구 고등동,19151,137038.4,2025,0
7,4111568000,60582603,경기도 수원시 팔달구 화서1동,21460,1154071.0,2023,0
8,4111568000,8716893,경기도 수원시 팔달구 화서1동,21374,1133009.1,2023,0
9,4111568000,1067695,경기도 수원시 팔달구 화서1동,21360,1185434.8,2023,0
10,4111568000,934882,경기도 수원시 팔달구 화서1동,21299,1206591.6,2023,0
11,4111568000,811569,경기도 수원시 팔달구 화서1동,21239,1129985.6,2023,0
12,4111568000,882016,경기도 수원시 팔달구 화서1동,21214,1156862.2,2023,0
1,4111568000,982059,경기도 수원시 팔달구 화서1동,21207,1168694.2,2024,0
2,4111568000,1048200,경기도 수원시 팔달구 화서1동,21241,1080788.5,2024,0
3,4111568000,658502,경기도 수원시 팔달구 화서1동,21278,1143139.5,2024,0
4,4111568000,952314,경기도 수원시 팔달구 화서1동,21236,1181329.6,2024,0
5,4111568000,849523,경기도 수원시 팔달구 화서1동,21185,1153257.4,2024,0
6,4111568000,867010,경기도 수원시 팔달구 화서1동,21159,1109766.2,2024,0
7,4111568000,1196345,경기도 수원시 팔달구 화서1동,21087,1152296.8,2024,0
8,4111568000,913902,경기도 수원시 팔달구 화서1동,21057,1126133.1,2024,0
9,4111568000,884699,경기도 수원시 팔달구 화서1동,21039,1323687.9,2024,0
10,4111568000,775097,경기도 수원시 팔달구 화서1동,21022,1158682.8,2024,0
11,4111568000,753793,경기도 수원시 팔달구 화서1동,21000,1122186.2,2024,0
12,4111568000,696815,경기도 수원시 팔달구 화서1동,21000,1134149.4,2024,0
1,4111568000,898864,경기도 수원시 팔달구 화서1동,20979,1291670.0,2025,0
2,4111568000,873157,경기도 수원시 팔달구 화서1동,20923,1152448.1,2025,0
3,4111568000,985001,경기도 수원시 팔달구 화서1동,20855,1151229.2,2025,0
4,4111568000,644114,경기도 수원시 팔달구 화서1동,20831,1154909.1,2025,0
5,4111568000,754271,경기도 수원시 팔달구 화서1동,20777,1130076.0,2025,0
6,4111568000,706105,경기도 수원시 팔달구 화서1동,20784,1124934.2,2025,0
7,4111569000,72670225,경기도 수원시 팔달구 화서2동,24682,494371.84,2023,0
8,4111569000,10692400,경기도 수원시 팔달구 화서2동,24621,493171.25,2023,0
9,4111569000,158866,경기도 수원시 팔달구 화서2동,24588,499326.38,2023,0
10,4111569000,36322,경기도 수원시 팔달구 화서2동,24450,545274.7,2023,0
11,4111569000,64866,경기도 수원시 팔달구 화서2동,24376,506095.5,2023,0
12,4111569000,57134,경기도 수원시 팔달구 화서2동,24342,507338.44,2023,0
1,4111569000,74386,경기도 수원시 팔달구 화서2동,24335,482836.6,2024,0
2,4111569000,105724,경기도 수원시 팔달구 화서2동,24278,452515.84,2024,0
3,4111569000,30708,경기도 수원시 팔달구 화서2동,24298,494523.44,2024,0
4,4111569000,47440,경기도 수원시 팔달구 화서2동,24261,506251.12,2024,0
5,4111569000,21018,경기도 수원시 팔달구 화서2동,24260,494009.0,2024,0
6,4111569000,66666,경기도 수원시 팔달구 화서2동,24264,479578.4,2024,0
7,4111569000,25676,경기도 수원시 팔달구 화서2동,24288,481345.75,2024,0
8,4111569000,24450,경기도 수원시 팔달구 화서2동,24284,471984.94,2024,0
9,4111569000,54266,경기도 수원시 팔달구 화서2동,24282,514272.44,2024,0
10,4111569000,31936,경기도 수원시 팔달구 화서2동,24265,491736.66,2024,0
11,4111569000,38960,경기도 수원시 팔달구 화서2동,24252,481619.97,2024,0
12,4111569000,30774,경기도 수원시 팔달구 화서2동,24217,489796.84,2024,0
1,4111569000,216682,경기도 수원시 팔달구 화서2동,24202,494644.12,2025,0
2,4111569000,47218,경기도 수원시 팔달구 화서2동,24127,459389.3,2025,0
3,4111569000,70722,경기도 수원시 팔달구 화서2동,24117,501163.56,2025,0
4,4111569000,71466,경기도 수원시 팔달구 화서2동,24062,521194.4,2025,0
5,4111569000,26876,경기도 수원시 팔달구 화서2동,24067,494115.16,2025,0
6,4111569000,26400,경기도 수원시 팔달구 화서2동,24040,474251.22,2025,0
7,4111570000,32626706,경기도 수원시 팔달구 지동,9964,486128.47,2023,0
8,4111570000,3605112,경기도 수원시 팔달구 지동,9881,474607.25,2023,0
9,4111570000,1970441,경기도 수원시 팔달구 지동,9854,486459.56,2023,0
10,4111570000,1079418,경기도 수원시 팔달구 지동,9839,609401.25,2023,0
11,4111570000,933372,경기도 수원시 팔달구 지동,9834,563191.94,2023,0
12,4111570000,669469,경기도 수원시 팔달구 지동,9841,566836.0,2023,0
1,4111570000,626858,경기도 수원시 팔달구 지동,9803,610699.1,2024,0
2,4111570000,1254393,경기도 수원시 팔달구 지동,9753,528112.2,2024,0
3,4111570000,566459,경기도 수원시 팔달구 지동,9751,580388.3,2024,0
4,4111570000,850756,경기도 수원시 팔달구 지동,9709,560507.1,2024,0
5,4111570000,681687,경기도 수원시 팔달구 지동,9666,562371.2,2024,0
6,4111570000,740677,경기도 수원시 팔달구 지동,9631,544363.4,2024,0
7,4111570000,583194,경기도 수원시 팔달구 지동,9593,569337.44,2024,0
8,4111570000,585900,경기도 수원시 팔달구 지동,9561,571328.06,2024,0
9,4111570000,1513569,경기도 수원시 팔달구 지동,9546,661155.0,2024,0
10,4111570000,950940,경기도 수원시 팔달구 지동,9509,601781.8,2024,0
11,4111570000,739007,경기도 수원시 팔달구 지동,9495,579835.8,2024,0
12,4111570000,623913,경기도 수원시 팔달구 지동,9476,594628.75,2024,0
1,4111570000,2136612,경기도 수원시 팔달구 지동,9490,657383.56,2025,0
2,4111570000,968955,경기도 수원시 팔달구 지동,9453,624156.5,2025,0
3,4111570000,587889,경기도 수원시 팔달구 지동,9456,614768.9,2025,0
4,4111570000,476148,경기도 수원시 팔달구 지동,9425,597920.3,2025,0
5,4111570000,484705,경기도 수원시 팔달구 지동,9393,603670.7,2025,0
6,4111570000,366445,경기도 수원시 팔달구 지동,9382,572877.56,2025,0
7,4111571000,32075450,경기도 수원시 팔달구 우만1동,19083,238985.94,2023,0
8,4111571000,4176391,경기도 수원시 팔달구 우만1동,18954,227505.6,2023,0
9,4111571000,311841,경기도 수원시 팔달구 우만1동,18870,236025.67,2023,0
10,4111571000,290041,경기도 수원시 팔달구 우만1동,18814,253227.69,2023,0
11,4111571000,193461,경기도 수원시 팔달구 우만1동,18774,221930.42,2023,0
12,4111571000,187005,경기도 수원시 팔달구 우만1동,18738,224870.16,2023,0
1,4111571000,212873,경기도 수원시 팔달구 우만1동,18727,210609.7,2024,0
2,4111571000,186109,경기도 수원시 팔달구 우만1동,18742,187881.3,2024,0
3,4111571000,142980,경기도 수원시 팔달구 우만1동,18718,219576.12,2024,0
4,4111571000,257999,경기도 수원시 팔달구 우만1동,18618,216982.31,2024,0
5,4111571000,160257,경기도 수원시 팔달구 우만1동,18563,224086.31,2024,0
6,4111571000,273779,경기도 수원시 팔달구 우만1동,18505,215365.42,2024,0
7,4111571000,261715,경기도 수원시 팔달구 우만1동,18450,209248.84,2024,0
8,4111571000,207443,경기도 수원시 팔달구 우만1동,18389,222721.95,2024,0
9,4111571000,364285,경기도 수원시 팔달구 우만1동,18364,222555.4,2024,0
10,4111571000,224365,경기도 수원시 팔달구 우만1동,18296,226389.66,2024,0
11,4111571000,232453,경기도 수원시 팔달구 우만1동,18229,199610.8,2024,0
12,4111571000,194360,경기도 수원시 팔달구 우만1동,18200,198170.39,2024,0
1,4111571000,305663,경기도 수원시 팔달구 우만1동,18148,198585.5,2025,0
2,4111571000,224641,경기도 수원시 팔달구 우만1동,18140,188978.38,2025,0
3,4111571000,246313,경기도 수원시 팔달구 우만1동,18118,221992.14,2025,0
4,4111571000,204446,경기도 수원시 팔달구 우만1동,18106,208867.05,2025,0
5,4111571000,183585,경기도 수원시 팔달구 우만1동,18093,217694.28,2025,0
6,4111571000,241893,경기도 수원시 팔달구 우만1동,18065,199950.94,2025,0
7,4111572000,61418429,경기도 수원시 팔달구 우만2동,16934,226589.97,2023,0
8,4111572000,7994855,경기도 수원시 팔달구 우만2동,16852,230706.34,2023,0
9,4111572000,88692,경기도 수원시 팔달구 우만2동,16776,238920.84,2023,0
10,4111572000,113774,경기도 수원시 팔달구 우만2동,16779,252630.52,2023,0
11,4111572000,83872,경기도 수원시 팔달구 우만2동,16810,235273.33,2023,0
12,4111572000,73362,경기도 수원시 팔달구 우만2동,16802,237433.1,2023,0
1,4111572000,75218,경기도 수원시 팔달구 우만2동,16806,227973.36,2024,0
2,4111572000,108288,경기도 수원시 팔달구 우만2동,16836,203506.05,2024,0
3,4111572000,73934,경기도 수원시 팔달구 우만2동,16857,250756.39,2024,0
4,4111572000,125766,경기도 수원시 팔달구 우만2동,16828,247279.75,2024,0
5,4111572000,78276,경기도 수원시 팔달구 우만2동,16795,244437.86,2024,0
6,4111572000,110560,경기도 수원시 팔달구 우만2동,16784,230824.86,2024,0
7,4111572000,105472,경기도 수원시 팔달구 우만2동,16726,229523.94,2024,0
8,4111572000,100634,경기도 수원시 팔달구 우만2동,16722,230064.2,2024,0
9,4111572000,124512,경기도 수원시 팔달구 우만2동,16712,245508.62,2024,0
10,4111572000,152224,경기도 수원시 팔달구 우만2동,16671,237623.31,2024,0
11,4111572000,131828,경기도 수원시 팔달구 우만2동,16668,278590.44,2024,0
12,4111572000,128148,경기도 수원시 팔달구 우만2동,16639,239075.17,2024,0
1,4111572000,103992,경기도 수원시 팔달구 우만2동,16582,233132.52,2025,0
2,4111572000,142030,경기도 수원시 팔달구 우만2동,16679,217040.36,2025,0
3,4111572000,108584,경기도 수원시 팔달구 우만2동,16647,258546.31,2025,0
4,4111572000,127272,경기도 수원시 팔달구 우만2동,16617,237263.38,2025,0
5,4111572000,133346,경기도 수원시 팔달구 우만2동,16581,234985.61,2025,0
6,4111572000,112634,경기도 수원시 팔달구 우만2동,16523,220102.2,2025,0
7,4111573000,162365675,경기도 수원시 팔달구 인계동,38956,3046060.8,2023,2
8,4111573000,18947266,경기도 수원시 팔달구 인계동,42590,3189001.0,2023,2
9,4111573000,1539463,경기도 수원시 팔달구 인계동,44689,3147429.2,2023,2
10,4111573000,1351752,경기도 수원시 팔달구 인계동,45597,3260470.5,2023,2
11,4111573000,1119665,경기도 수원시 팔달구 인계동,45739,3053533.8,2023,2
12,4111573000,1273185,경기도 수원시 팔달구 인계동,45608,3291750.0,2023,2
1,4111573000,1263744,경기도 수원시 팔달구 인계동,45460,3180811.8,2024,2
2,4111573000,1195652,경기도 수원시 팔달구 인계동,45214,2838977.5,2024,2
3,4111573000,742698,경기도 수원시 팔달구 인계동,45035,3154963.8,2024,2
4,4111573000,1235237,경기도 수원시 팔달구 인계동,44963,3185218.0,2024,2
5,4111573000,1034024,경기도 수원시 팔달구 인계동,45010,3226354.0,2024,2
6,4111573000,1237614,경기도 수원시 팔달구 인계동,44999,3106496.5,2024,2
7,4111573000,1419285,경기도 수원시 팔달구 인계동,45061,3209388.5,2024,2
8,4111573000,1158443,경기도 수원시 팔달구 인계동,45092,3125025.5,2024,2
9,4111573000,952171,경기도 수원시 팔달구 인계동,45060,3260343.2,2024,2
10,4111573000,856382,경기도 수원시 팔달구 인계동,44996,3169124.8,2024,2
11,4111573000,957036,경기도 수원시 팔달구 인계동,45036,3127645.0,2024,2
12,4111573000,802441,경기도 수원시 팔달구 인계동,45031,3218694.0,2024,2
1,4111573000,856690,경기도 수원시 팔달구 인계동,45058,3317778.2,2025,2
2,4111573000,1287152,경기도 수원시 팔달구 인계동,45070,3124919.0,2025,2
3,4111573000,940107,경기도 수원시 팔달구 인계동,45027,3248059.5,2025,2
4,4111573000,644489,경기도 수원시 팔달구 인계동,44985,3111070.5,2025,2
5,4111573000,717300,경기도 수원시 팔달구 인계동,45001,3162034.0,2025,2
6,4111573000,716543,경기도 수원시 팔달구 인계동,44973,2998553.2,2025,2
7,4111574000,54137904,경기도 수원시 팔달구 행궁동,9735,253864.88,2023,0
8,4111574000,7209482,경기도 수원시 팔달구 행궁동,9675,254539.06,2023,0
9,4111574000,3317906,경기도 수원시 팔달구 행궁동,9623,279825.0,2023,0
10,4111574000,2294444,경기도 수원시 팔달구 행궁동,9543,336630.0,2023,0
11,4111574000,1733835,경기도 수원시 팔달구 행궁동,9482,257358.86,2023,0
12,4111574000,2128970,경기도 수원시 팔달구 행궁동,9433,262510.5,2023,0
1,4111574000,2929710,경기도 수원시 팔달구 행궁동,9426,242355.69,2024,0
2,4111574000,2705469,경기도 수원시 팔달구 행궁동,9420,222434.66,2024,0
3,4111574000,1356172,경기도 수원시 팔달구 행궁동,9383,284114.0,2024,0
4,4111574000,2148810,경기도 수원시 팔달구 행궁동,9309,297742.97,2024,0
5,4111574000,1667786,경기도 수원시 팔달구 행궁동,9300,289509.72,2024,0
6,4111574000,1801860,경기도 수원시 팔달구 행궁동,9281,269072.84,2024,0
7,4111574000,1976915,경기도 수원시 팔달구 행궁동,9249,251080.72,2024,0
8,4111574000,1669425,경기도 수원시 팔달구 행궁동,9253,253328.22,2024,0
9,4111574000,3185817,경기도 수원시 팔달구 행궁동,9219,290720.44,2024,0
10,4111574000,1821140,경기도 수원시 팔달구 행궁동,9226,326162.3,2024,0
11,4111574000,2544470,경기도 수원시 팔달구 행궁동,9207,266145.7,2024,0
12,4111574000,2749515,경기도 수원시 팔달구 행궁동,9193,258936.69,2024,0
1,4111574000,3511719,경기도 수원시 팔달구 행궁동,9176,256809.16,2025,0
2,4111574000,3821305,경기도 수원시 팔달구 행궁동,9144,241298.66,2025,0
3,4111574000,3278048,경기도 수원시 팔달구 행궁동,9144,286406.03,2025,0
4,4111574000,1796827,경기도 수원시 팔달구 행궁동,9099,282767.56,2025,0
5,4111574000,1745553,경기도 수원시 팔달구 행궁동,9051,292132.25,2025,0
6,4111574000,1826752,경기도 수원시 팔달구 행궁동,9079,268657.06,2025,0
7,4111752000,24815700,경기도 수원시 영통구 매탄2동,14068,730760.2,2023,0
8,4111752000,4035022,경기도 수원시 영통구 매탄2동,13978,727884.8,2023,0
9,4111752000,344668,경기도 수원시 영통구 매탄2동,13938,730921.6,2023,0
10,4111752000,323285,경기도 수원시 영통구 매탄2동,13934,741618.5,2023,0
11,4111752000,334390,경기도 수원시 영통구 매탄2동,13920,718481.5,2023,0
12,4111752000,513279,경기도 수원시 영통구 매탄2동,13930,748395.4,2023,0
1,4111752000,435180,경기도 수원시 영통구 매탄2동,13897,761284.25,2024,0
2,4111752000,352077,경기도 수원시 영통구 매탄2동,13878,698211.75,2024,0
3,4111752000,276182,경기도 수원시 영통구 매탄2동,13833,808761.1,2024,0
4,4111752000,295623,경기도 수원시 영통구 매탄2동,13789,806085.06,2024,0
5,4111752000,460043,경기도 수원시 영통구 매탄2동,13758,807764.0,2024,0
6,4111752000,322435,경기도 수원시 영통구 매탄2동,13727,776650.25,2024,0
7,4111752000,204589,경기도 수원시 영통구 매탄2동,13710,830202.3,2024,0
8,4111752000,459138,경기도 수원시 영통구 매탄2동,13677,843401.1,2024,0
9,4111752000,481799,경기도 수원시 영통구 매탄2동,13711,869427.9,2024,0
10,4111752000,202193,경기도 수원시 영통구 매탄2동,13671,849489.2,2024,0
11,4111752000,193349,경기도 수원시 영통구 매탄2동,13633,819558.3,2024,0
12,4111752000,335381,경기도 수원시 영통구 매탄2동,13629,820351.4,2024,0
1,4111752000,361618,경기도 수원시 영통구 매탄2동,13594,795581.7,2025,0
2,4111752000,559576,경기도 수원시 영통구 매탄2동,13559,783866.5,2025,0
3,4111752000,611220,경기도 수원시 영통구 매탄2동,13505,837461.56,2025,0
4,4111752000,354182,경기도 수원시 영통구 매탄2동,13472,795183.0,2025,0
5,4111752000,257235,경기도 수원시 영통구 매탄2동,13469,749214.44,2025,0
6,4111752000,179464,경기도 수원시 영통구 매탄2동,13446,779776.1,2025,0
7,4111753000,187088039,경기도 수원시 영통구 매탄3동,34802,2337482.2,2023,2
8,4111753000,29653289,경기도 수원시 영통구 매탄3동,34672,2307649.0,2023,2
9,4111753000,512616,경기도 수원시 영통구 매탄3동,34550,2141366.2,2023,2
10,4111753000,474945,경기도 수원시 영통구 매탄3동,34484,2254926.8,2023,2
11,4111753000,402728,경기도 수원시 영통구 매탄3동,34490,2289168.0,2023,2
12,4111753000,330431,경기도 수원시 영통구 매탄3동,34512,2153592.2,2023,2
1,4111753000,511623,경기도 수원시 영통구 매탄3동,34508,2312177.8,2024,2
2,4111753000,391912,경기도 수원시 영통구 매탄3동,34492,1952916.1,2024,2
3,4111753000,292665,경기도 수원시 영통구 매탄3동,34477,2288626.2,2024,2
4,4111753000,475513,경기도 수원시 영통구 매탄3동,34404,2306066.8,2024,2
5,4111753000,298151,경기도 수원시 영통구 매탄3동,34362,2302955.5,2024,2
6,4111753000,314467,경기도 수원시 영통구 매탄3동,34326,2182452.8,2024,2
7,4111753000,420695,경기도 수원시 영통구 매탄3동,34285,2393206.8,2024,2
8,4111753000,337551,경기도 수원시 영통구 매탄3동,34246,2260035.5,2024,2
9,4111753000,453545,경기도 수원시 영통구 매탄3동,34226,2212760.2,2024,2
10,4111753000,334327,경기도 수원시 영통구 매탄3동,34206,2174503.5,2024,2
11,4111753000,359837,경기도 수원시 영통구 매탄3동,34195,2194046.8,2024,2
12,4111753000,406743,경기도 수원시 영통구 매탄3동,34207,2146781.2,2024,2
1,4111753000,309667,경기도 수원시 영통구 매탄3동,34171,2104885.2,2025,2
2,4111753000,367855,경기도 수원시 영통구 매탄3동,34094,2103175.8,2025,2
3,4111753000,387631,경기도 수원시 영통구 매탄3동,34073,2221730.0,2025,2
4,4111753000,309653,경기도 수원시 영통구 매탄3동,33998,2256457.2,2025,2
5,4111753000,260690,경기도 수원시 영통구 매탄3동,33906,2156046.5,2025,2
6,4111753000,296539,경기도 수원시 영통구 매탄3동,33911,2101477.5,2025,2
7,4111754000,20752259,경기도 수원시 영통구 매탄4동,20625,508979.22,2023,0
8,4111754000,4107112,경기도 수원시 영통구 매탄4동,20507,503821.88,2023,0
9,4111754000,2766207,경기도 수원시 영통구 매탄4동,20442,511474.53,2023,0
10,4111754000,2078859,경기도 수원시 영통구 매탄4동,20333,554627.44,2023,0
11,4111754000,2504937,경기도 수원시 영통구 매탄4동,20299,538102.0,2023,0
12,4111754000,2090763,경기도 수원시 영통구 매탄4동,20293,526196.56,2023,0
1,4111754000,2380288,경기도 수원시 영통구 매탄4동,20271,534631.1,2024,0
2,4111754000,2563759,경기도 수원시 영통구 매탄4동,20277,454025.47,2024,0
3,4111754000,1559068,경기도 수원시 영통구 매탄4동,20238,522570.0,2024,0
4,4111754000,2221107,경기도 수원시 영통구 매탄4동,20195,512640.53,2024,0
5,4111754000,1554076,경기도 수원시 영통구 매탄4동,20077,510972.62,2024,0
6,4111754000,1976618,경기도 수원시 영통구 매탄4동,20006,487684.12,2024,0
7,4111754000,2070763,경기도 수원시 영통구 매탄4동,19970,507404.88,2024,0
8,4111754000,1684048,경기도 수원시 영통구 매탄4동,19892,496338.06,2024,0
9,4111754000,2909859,경기도 수원시 영통구 매탄4동,19841,528994.8,2024,0
10,4111754000,1665935,경기도 수원시 영통구 매탄4동,19825,521825.88,2024,0
11,4111754000,2868835,경기도 수원시 영통구 매탄4동,19795,512321.12,2024,0
12,4111754000,2448622,경기도 수원시 영통구 매탄4동,19784,510371.38,2024,0
1,4111754000,3896229,경기도 수원시 영통구 매탄4동,19760,521266.47,2025,0
2,4111754000,3667004,경기도 수원시 영통구 매탄4동,19741,469541.12,2025,0
3,4111754000,3366523,경기도 수원시 영통구 매탄4동,19684,493975.7,2025,0
4,4111754000,2248397,경기도 수원시 영통구 매탄4동,19605,475820.7,2025,0
5,4111754000,2087345,경기도 수원시 영통구 매탄4동,19570,486048.34,2025,0
6,4111754000,2152374,경기도 수원시 영통구 매탄4동,19564,486900.12,2025,0
7,4111757000,74518175,경기도 수원시 영통구 영통1동,33449,485919.56,2023,2
8,4111757000,11373724,경기도 수원시 영통구 영통1동,33220,512603.9,2023,2
9,4111757000,249318,경기도 수원시 영통구 영통1동,33183,499018.5,2023,2
10,4111757000,176128,경기도 수원시 영통구 영통1동,33227,519029.16,2023,2
11,4111757000,135386,경기도 수원시 영통구 영통1동,33260,490783.94,2023,2
12,4111757000,127432,경기도 수원시 영통구 영통1동,33195,502543.2,2023,2
1,4111757000,105418,경기도 수원시 영통구 영통1동,33187,509799.1,2024,2
2,4111757000,88096,경기도 수원시 영통구 영통1동,33157,441518.88,2024,2
3,4111757000,107638,경기도 수원시 영통구 영통1동,33087,512966.56,2024,2
4,4111757000,140266,경기도 수원시 영통구 영통1동,33073,491791.12,2024,2
5,4111757000,110734,경기도 수원시 영통구 영통1동,33020,506789.47,2024,2
6,4111757000,164600,경기도 수원시 영통구 영통1동,32940,494613.62,2024,2
7,4111757000,171432,경기도 수원시 영통구 영통1동,32946,505384.3,2024,2
8,4111757000,141290,경기도 수원시 영통구 영통1동,32962,496634.75,2024,2
9,4111757000,181580,경기도 수원시 영통구 영통1동,32915,520290.6,2024,2
10,4111757000,181906,경기도 수원시 영통구 영통1동,32921,503136.6,2024,2
11,4111757000,115028,경기도 수원시 영통구 영통1동,32915,482343.28,2024,2
12,4111757000,141834,경기도 수원시 영통구 영통1동,32840,471121.75,2024,2
1,4111757000,244086,경기도 수원시 영통구 영통1동,32842,489314.97,2025,2
2,4111757000,182128,경기도 수원시 영통구 영통1동,32719,453187.12,2025,2
3,4111757000,82592,경기도 수원시 영통구 영통1동,32722,498538.1,2025,2
4,4111757000,108972,경기도 수원시 영통구 영통1동,32593,493801.66,2025,2
5,4111757000,123302,경기도 수원시 영통구 영통1동,32588,469198.94,2025,2
6,4111757000,136034,경기도 수원시 영통구 영통1동,32599,486060.38,2025,2
7,4111758000,134654315,경기도 수원시 영통구 영통2동,25761,753495.1,2023,2
8,4111758000,17573906,경기도 수원시 영통구 영통2동,25536,756256.75,2023,2
9,4111758000,532182,경기도 수원시 영통구 영통2동,25546,719648.3,2023,2
10,4111758000,732569,경기도 수원시 영통구 영통2동,25518,755859.1,2023,2
11,4111758000,550688,경기도 수원시 영통구 영통2동,25455,741428.3,2023,2
12,4111758000,623196,경기도 수원시 영통구 영통2동,25393,752048.56,2023,2
1,4111758000,764886,경기도 수원시 영통구 영통2동,25431,757299.6,2024,2
2,4111758000,652261,경기도 수원시 영통구 영통2동,25353,684536.0,2024,2
3,4111758000,480305,경기도 수원시 영통구 영통2동,25451,791835.56,2024,2
4,4111758000,555003,경기도 수원시 영통구 영통2동,25350,776940.7,2024,2
5,4111758000,432105,경기도 수원시 영통구 영통2동,25302,775768.06,2024,2
6,4111758000,431032,경기도 수원시 영통구 영통2동,25307,721500.7,2024,2
7,4111758000,576787,경기도 수원시 영통구 영통2동,25246,751217.9,2024,2
8,4111758000,443534,경기도 수원시 영통구 영통2동,25210,743846.2,2024,2
9,4111758000,515128,경기도 수원시 영통구 영통2동,25121,763207.56,2024,2
10,4111758000,509197,경기도 수원시 영통구 영통2동,25156,765207.7,2024,2
11,4111758000,468614,경기도 수원시 영통구 영통2동,25095,752336.44,2024,2
12,4111758000,572893,경기도 수원시 영통구 영통2동,25049,779095.1,2024,2
1,4111758000,400636,경기도 수원시 영통구 영통2동,25049,780625.56,2025,2
2,4111758000,541346,경기도 수원시 영통구 영통2동,24974,746374.5,2025,2
3,4111758000,454190,경기도 수원시 영통구 영통2동,25008,765837.4,2025,2
4,4111758000,370776,경기도 수원시 영통구 영통2동,24870,770073.2,2025,2
5,4111758000,347880,경기도 수원시 영통구 영통2동,24810,746747.6,2025,2
6,4111758000,379965,경기도 수원시 영통구 영통2동,24878,716774.7,2025,2
7,4111758500,358458768,경기도 수원시 영통구 영통3동,31865,1653786.2,2023,2
8,4111758500,40243694,경기도 수원시 영통구 영통3동,31782,1602779.2,2023,2
9,4111758500,706086,경기도 수원시 영통구 영통3동,31744,1621202.2,2023,2
10,4111758500,892340,경기도 수원시 영통구 영통3동,31665,1620613.2,2023,2
11,4111758500,677741,경기도 수원시 영통구 영통3동,31662,1546757.6,2023,2
12,4111758500,641640,경기도 수원시 영통구 영통3동,31624,1577288.6,2023,2
1,4111758500,675927,경기도 수원시 영통구 영통3동,31619,1555198.1,2024,2
2,4111758500,624911,경기도 수원시 영통구 영통3동,31671,1420076.2,2024,2
3,4111758500,489977,경기도 수원시 영통구 영통3동,31648,1671986.1,2024,2
4,4111758500,928861,경기도 수원시 영통구 영통3동,31565,1622742.2,2024,2
5,4111758500,604875,경기도 수원시 영통구 영통3동,31492,1556001.9,2024,2
6,4111758500,826666,경기도 수원시 영통구 영통3동,31510,1521919.2,2024,2
7,4111758500,929020,경기도 수원시 영통구 영통3동,31519,1532819.1,2024,2
8,4111758500,706343,경기도 수원시 영통구 영통3동,31539,1538146.5,2024,2
9,4111758500,928928,경기도 수원시 영통구 영통3동,31541,1660175.6,2024,2
10,4111758500,624629,경기도 수원시 영통구 영통3동,31511,1558563.8,2024,2
11,4111758500,736817,경기도 수원시 영통구 영통3동,31492,1532046.4,2024,2
12,4111758500,834721,경기도 수원시 영통구 영통3동,31455,1510844.6,2024,2
1,4111758500,803906,경기도 수원시 영통구 영통3동,31387,1529992.4,2025,2
2,4111758500,1342335,경기도 수원시 영통구 영통3동,31493,1499134.8,2025,2
3,4111758500,916789,경기도 수원시 영통구 영통3동,31435,1650404.4,2025,2
4,4111758500,694548,경기도 수원시 영통구 영통3동,31357,1537655.8,2025,2
5,4111758500,765288,경기도 수원시 영통구 영통3동,31345,1530170.1,2025,2
6,4111758500,831185,경기도 수원시 영통구 영통3동,31318,1479328.6,2025,2
7,4111759600,151357926,경기도 수원시 영통구 망포2동,33383,299781.3,2023,2
8,4111759600,24959376,경기도 수원시 영통구 망포2동,33399,286972.62,2023,2
9,4111759600,1557557,경기도 수원시 영통구 망포2동,33415,277753.6,2023,2
10,4111759600,911940,경기도 수원시 영통구 망포2동,33523,297335.72,2023,2
11,4111759600,722379,경기도 수원시 영통구 망포2동,33499,284966.2,2023,2
12,4111759600,861184,경기도 수원시 영통구 망포2동,33462,291106.66,2023,2
1,4111759600,625818,경기도 수원시 영통구 망포2동,33465,311303.22,2024,2
2,4111759600,537850,경기도 수원시 영통구 망포2동,33521,278834.6,2024,2
3,4111759600,442689,경기도 수원시 영통구 망포2동,33504,297378.12,2024,2
4,4111759600,957297,경기도 수원시 영통구 망포2동,33490,296244.28,2024,2
5,4111759600,368827,경기도 수원시 영통구 망포2동,33478,295096.6,2024,2
6,4111759600,419569,경기도 수원시 영통구 망포2동,33466,282284.94,2024,2
7,4111759600,530459,경기도 수원시 영통구 망포2동,33491,295069.56,2024,2
8,4111759600,639228,경기도 수원시 영통구 망포2동,33519,286647.4,2024,2
9,4111759600,547999,경기도 수원시 영통구 망포2동,33549,305393.16,2024,2
10,4111759600,315740,경기도 수원시 영통구 망포2동,33568,352489.94,2024,2
11,4111759600,87852,경기도 수원시 영통구 망포2동,33516,323240.22,2024,2
12,4111759600,180863,경기도 수원시 영통구 망포2동,33555,327615.75,2024,2
1,4111759600,222049,경기도 수원시 영통구 망포2동,33529,352546.94,2025,2
2,4111759600,688255,경기도 수원시 영통구 망포2동,33578,335592.03,2025,2
3,4111759600,83573,경기도 수원시 영통구 망포2동,33687,354626.47,2025,2
4,4111759600,161011,경기도 수원시 영통구 망포2동,35746,368436.28,2025,2
5,4111759600,243300,경기도 수원시 영통구 망포2동,37340,382649.3,2025,2
6,4111759600,92666,경기도 수원시 영통구 망포2동,37627,356820.34,2025,2
7,4111760000,332637326,경기도 수원시 영통구 광교1동,52950,762268.2,2023,2
8,4111760000,44236715,경기도 수원시 영통구 광교1동,52885,762451.56,2023,2
9,4111760000,1741007,경기도 수원시 영통구 광교1동,52945,782974.06,2023,2
10,4111760000,1721603,경기도 수원시 영통구 광교1동,53036,809151.1,2023,2
11,4111760000,1395972,경기도 수원시 영통구 광교1동,53091,789086.3,2023,2
12,4111760000,1537787,경기도 수원시 영통구 광교1동,53072,774020.94,2023,2
1,4111760000,1429989,경기도 수원시 영통구 광교1동,53131,764897.44,2024,2
2,4111760000,1811118,경기도 수원시 영통구 광교1동,53150,704034.3,2024,2
3,4111760000,1179439,경기도 수원시 영통구 광교1동,53179,834321.94,2024,2
4,4111760000,1518841,경기도 수원시 영통구 광교1동,53158,816990.44,2024,2
5,4111760000,1386977,경기도 수원시 영통구 광교1동,53208,803299.9,2024,2
6,4111760000,2076524,경기도 수원시 영통구 광교1동,53249,753429.0,2024,2
7,4111760000,2483479,경기도 수원시 영통구 광교1동,53206,765547.2,2024,2
8,4111760000,2320475,경기도 수원시 영통구 광교1동,53145,747271.9,2024,2
9,4111760000,1956067,경기도 수원시 영통구 광교1동,53076,837337.0,2024,2
10,4111760000,1549369,경기도 수원시 영통구 광교1동,53374,794776.4,2024,2
11,4111760000,1541829,경기도 수원시 영통구 광교1동,53601,815473.6,2024,2
12,4111760000,1649171,경기도 수원시 영통구 광교1동,53732,775955.94,2024,2
1,4111760000,1212373,경기도 수원시 영통구 광교1동,53785,751090.25,2025,2
2,4111760000,2409270,경기도 수원시 영통구 광교1동,53800,740260.2,2025,2
3,4111760000,1388265,경기도 수원시 영통구 광교1동,53877,840540.56,2025,2
4,4111760000,819382,경기도 수원시 영통구 광교1동,53824,797865.3,2025,2
5,4111760000,1110481,경기도 수원시 영통구 광교1동,53845,764662.4,2025,2
6,4111760000,1174785,경기도 수원시 영통구 광교1동,53872,748533.44,2025,2
7,4111761000,105034669,경기도 수원시 영통구 광교2동,29019,471811.44,2023,2
8,4111761000,10874887,경기도 수원시 영통구 광교2동,28879,478297.03,2023,2
9,4111761000,223905,경기도 수원시 영통구 광교2동,28858,457470.8,2023,2
10,4111761000,260322,경기도 수원시 영통구 광교2동,28815,458771.88,2023,2
11,4111761000,70825,경기도 수원시 영통구 광교2동,28756,413026.72,2023,2
12,4111761000,261315,경기도 수원시 영통구 광교2동,28712,428706.06,2023,2
1,4111761000,246102,경기도 수원시 영통구 광교2동,28652,411577.53,2024,2
2,4111761000,199888,경기도 수원시 영통구 광교2동,28562,396336.06,2024,2
3,4111761000,318366,경기도 수원시 영통구 광교2동,28565,433968.88,2024,2
4,4111761000,509964,경기도 수원시 영통구 광교2동,28532,418442.2,2024,2
5,4111761000,223899,경기도 수원시 영통구 광교2동,28483,448281.9,2024,2
6,4111761000,441658,경기도 수원시 영통구 광교2동,28453,411256.72,2024,2
7,4111761000,359681,경기도 수원시 영통구 광교2동,28512,426723.62,2024,2
8,4111761000,771295,경기도 수원시 영통구 광교2동,28566,403097.2,2024,2
9,4111761000,634363,경기도 수원시 영통구 광교2동,28559,418065.62,2024,2
10,4111761000,325101,경기도 수원시 영통구 광교2동,28520,404199.53,2024,2
11,4111761000,292557,경기도 수원시 영통구 광교2동,28505,390566.25,2024,2
12,4111761000,709532,경기도 수원시 영통구 광교2동,28490,399195.72,2024,2
1,4111761000,287648,경기도 수원시 영통구 광교2동,28453,422557.97,2025,2
2,4111761000,777217,경기도 수원시 영통구 광교2동,28429,387538.5,2025,2
3,4111761000,476693,경기도 수원시 영통구 광교2동,28422,406398.38,2025,2
4,4111761000,176342,경기도 수원시 영통구 광교2동,28349,405294.72,2025,2
5,4111761000,162854,경기도 수원시 영통구 광교2동,28296,430445.0,2025,2
6,4111761000,299417,경기도 수원시 영통구 광교2동,28319,415795.72,2025,2
7,4115051000,111375866,경기도 의정부시 의정부1동,37515,660479.56,2023,1
8,4115051000,11443984,경기도 의정부시 의정부1동,37557,648426.75,2023,1
9,4115051000,1698580,경기도 의정부시 의정부1동,38140,678018.44,2023,1
10,4115051000,1402804,경기도 의정부시 의정부1동,38676,632721.7,2023,1
11,4115051000,1588477,경기도 의정부시 의정부1동,38862,601003.06,2023,1
12,4115051000,1891030,경기도 의정부시 의정부1동,38966,687018.7,2023,1
1,4115051000,1312822,경기도 의정부시 의정부1동,39024,627974.4,2024,1
2,4115051000,1403349,경기도 의정부시 의정부1동,39077,597250.1,2024,1
3,4115051000,469482,경기도 의정부시 의정부1동,39230,666584.0,2024,1
4,4115051000,668398,경기도 의정부시 의정부1동,39310,638345.1,2024,1
5,4115051000,483997,경기도 의정부시 의정부1동,39329,636948.5,2024,1
6,4115051000,604861,경기도 의정부시 의정부1동,39274,600190.3,2024,1
7,4115051000,678250,경기도 의정부시 의정부1동,39265,637709.0,2024,1
8,4115051000,583018,경기도 의정부시 의정부1동,39308,618113.0,2024,1
9,4115051000,1446851,경기도 의정부시 의정부1동,39567,683315.8,2024,1
10,4115051000,896684,경기도 의정부시 의정부1동,39950,642773.0,2024,1
11,4115051000,1465415,경기도 의정부시 의정부1동,40062,626617.8,2024,1
12,4115051000,1137620,경기도 의정부시 의정부1동,40063,638904.7,2024,1
1,4115051000,1476650,경기도 의정부시 의정부1동,40056,681356.8,2025,1
2,4115051000,818520,경기도 의정부시 의정부1동,40097,618238.0,2025,1
3,4115051000,809660,경기도 의정부시 의정부1동,40149,664457.25,2025,1
4,4115051000,835601,경기도 의정부시 의정부1동,40218,649003.5,2025,1
5,4115051000,845045,경기도 의정부시 의정부1동,40337,668944.25,2025,1
6,4115051000,981684,경기도 의정부시 의정부1동,40392,636359.56,2025,1
7,4115052000,51896879,경기도 의정부시 의정부2동,29759,1021190.25,2023,1
8,4115052000,6154418,경기도 의정부시 의정부2동,29729,1009774.4,2023,1
9,4115052000,821536,경기도 의정부시 의정부2동,29637,1023523.75,2023,1
10,4115052000,1046692,경기도 의정부시 의정부2동,29600,990303.44,2023,1
11,4115052000,1182051,경기도 의정부시 의정부2동,29562,992494.75,2023,1
12,4115052000,1326434,경기도 의정부시 의정부2동,29574,1018367.9,2023,1
1,4115052000,658510,경기도 의정부시 의정부2동,29530,963350.1,2024,1
2,4115052000,438363,경기도 의정부시 의정부2동,29541,913509.4,2024,1
3,4115052000,311894,경기도 의정부시 의정부2동,29666,1037040.9,2024,1
4,4115052000,479152,경기도 의정부시 의정부2동,29697,967940.44,2024,1
5,4115052000,409708,경기도 의정부시 의정부2동,29722,1025992.75,2024,1
6,4115052000,347208,경기도 의정부시 의정부2동,29781,966739.25,2024,1
7,4115052000,302803,경기도 의정부시 의정부2동,29754,1048273.7,2024,1
8,4115052000,253097,경기도 의정부시 의정부2동,29746,1012844.6,2024,1
9,4115052000,578263,경기도 의정부시 의정부2동,29644,1006130.75,2024,1
10,4115052000,418243,경기도 의정부시 의정부2동,29564,960496.8,2024,1
11,4115052000,798372,경기도 의정부시 의정부2동,29550,945709.8,2024,1
12,4115052000,487994,경기도 의정부시 의정부2동,29433,958134.25,2024,1
1,4115052000,762147,경기도 의정부시 의정부2동,29382,968984.75,2025,1
2,4115052000,527325,경기도 의정부시 의정부2동,29292,941038.0,2025,1
3,4115052000,578419,경기도 의정부시 의정부2동,29245,963085.94,2025,1
4,4115052000,542623,경기도 의정부시 의정부2동,29233,936622.3,2025,1
5,4115052000,674274,경기도 의정부시 의정부2동,29248,958536.75,2025,1
6,4115052000,585398,경기도 의정부시 의정부2동,29237,935831.2,2025,1
7,4115054500,45530372,경기도 의정부시 호원1동,34709,462749.44,2023,1
8,4115054500,5853496,경기도 의정부시 호원1동,34658,517531.6,2023,1
9,4115054500,320272,경기도 의정부시 호원1동,34583,472496.16,2023,1
10,4115054500,360699,경기도 의정부시 호원1동,34571,463812.62,2023,1
11,4115054500,532586,경기도 의정부시 호원1동,34519,455242.97,2023,1
12,4115054500,615922,경기도 의정부시 호원1동,34483,451160.3,2023,1
1,4115054500,210892,경기도 의정부시 호원1동,34425,435909.5,2024,1
2,4115054500,150843,경기도 의정부시 호원1동,34432,416199.56,2024,1
3,4115054500,139139,경기도 의정부시 호원1동,34382,499590.1,2024,1
4,4115054500,211769,경기도 의정부시 호원1동,34318,471091.72,2024,1
5,4115054500,92623,경기도 의정부시 호원1동,34264,500376.4,2024,1
6,4115054500,124450,경기도 의정부시 호원1동,34242,476333.75,2024,1
7,4115054500,112344,경기도 의정부시 호원1동,34196,446315.75,2024,1
8,4115054500,99130,경기도 의정부시 호원1동,34133,434236.8,2024,1
9,4115054500,194090,경기도 의정부시 호원1동,34059,499142.75,2024,1
10,4115054500,140446,경기도 의정부시 호원1동,33948,474253.25,2024,1
11,4115054500,237936,경기도 의정부시 호원1동,33886,459217.47,2024,1
12,4115054500,269825,경기도 의정부시 호원1동,33829,460444.9,2024,1
1,4115054500,401995,경기도 의정부시 호원1동,33771,455910.56,2025,1
2,4115054500,464452,경기도 의정부시 호원1동,33730,415251.0,2025,1
3,4115054500,575229,경기도 의정부시 호원1동,33663,473899.12,2025,1
4,4115054500,438175,경기도 의정부시 호원1동,33656,467121.94,2025,1
5,4115054500,548151,경기도 의정부시 호원1동,33662,473062.28,2025,1
6,4115054500,554515,경기도 의정부시 호원1동,33609,447953.75,2025,1
7,4115056100,23875544,경기도 의정부시 장암동,19231,177004.58,2023,1
8,4115056100,3328542,경기도 의정부시 장암동,19197,168963.48,2023,1
9,4115056100,633824,경기도 의정부시 장암동,19131,174695.34,2023,1
10,4115056100,916979,경기도 의정부시 장암동,19060,174256.34,2023,1
11,4115056100,599038,경기도 의정부시 장암동,19028,171065.3,2023,1
12,4115056100,635738,경기도 의정부시 장암동,19007,165196.3,2023,1
1,4115056100,797016,경기도 의정부시 장암동,19002,179048.95,2024,1
2,4115056100,617487,경기도 의정부시 장암동,18957,165472.67,2024,1
3,4115056100,129520,경기도 의정부시 장암동,18897,182394.77,2024,1
4,4115056100,459318,경기도 의정부시 장암동,18858,182363.95,2024,1
5,4115056100,318501,경기도 의정부시 장암동,18858,186479.53,2024,1
6,4115056100,517654,경기도 의정부시 장암동,18846,195328.9,2024,1
7,4115056100,513009,경기도 의정부시 장암동,18813,190432.9,2024,1
8,4115056100,359209,경기도 의정부시 장암동,18787,205208.42,2024,1
9,4115056100,557244,경기도 의정부시 장암동,18741,217871.7,2024,1
10,4115056100,463120,경기도 의정부시 장암동,18652,203971.23,2024,1
11,4115056100,616878,경기도 의정부시 장암동,18590,196831.97,2024,1
12,4115056100,803945,경기도 의정부시 장암동,18567,193493.48,2024,1
1,4115056100,598762,경기도 의정부시 장암동,18560,223029.6,2025,1
2,4115056100,609940,경기도 의정부시 장암동,18518,181768.88,2025,1
3,4115056100,711211,경기도 의정부시 장암동,18493,198129.6,2025,1
4,4115056100,470663,경기도 의정부시 장암동,18517,186391.52,2025,1
5,4115056100,360110,경기도 의정부시 장암동,18493,199918.6,2025,1
6,4115056100,520810,경기도 의정부시 장암동,18530,188830.34,2025,1
7,4115056700,98055842,경기도 의정부시 신곡1동,39885,433435.12,2023,1
8,4115056700,94468562,경기도 의정부시 신곡1동,39848,395066.2,2023,1
9,4115056700,107015993,경기도 의정부시 신곡1동,39748,385736.5,2023,1
10,4115056700,116425733,경기도 의정부시 신곡1동,39645,403056.94,2023,1
11,4115056700,101639672,경기도 의정부시 신곡1동,39543,380531.22,2023,1
12,4115056700,120233944,경기도 의정부시 신곡1동,39419,388667.97,2023,1
1,4115056700,108807478,경기도 의정부시 신곡1동,39386,428422.38,2024,1
2,4115056700,77272934,경기도 의정부시 신곡1동,39270,386893.47,2024,1
3,4115056700,46180095,경기도 의정부시 신곡1동,39153,415379.4,2024,1
4,4115056700,67680509,경기도 의정부시 신곡1동,39116,370972.66,2024,1
5,4115056700,47472818,경기도 의정부시 신곡1동,39077,359548.38,2024,1
6,4115056700,54075479,경기도 의정부시 신곡1동,38989,353735.4,2024,1
7,4115056700,56580202,경기도 의정부시 신곡1동,38978,364542.84,2024,1
8,4115056700,49492131,경기도 의정부시 신곡1동,39147,363815.2,2024,1
9,4115056700,89438063,경기도 의정부시 신곡1동,39747,403703.66,2024,1
10,4115056700,69976061,경기도 의정부시 신곡1동,40140,384240.1,2024,1
11,4115056700,96007399,경기도 의정부시 신곡1동,40813,380907.97,2024,1
12,4115056700,104277413,경기도 의정부시 신곡1동,41314,391697.75,2024,1
1,4115056700,110762579,경기도 의정부시 신곡1동,41460,422596.3,2025,1
2,4115056700,93089796,경기도 의정부시 신곡1동,41523,365665.56,2025,1
3,4115056700,81641260,경기도 의정부시 신곡1동,41579,393412.75,2025,1
4,4115056700,67031155,경기도 의정부시 신곡1동,41594,387417.22,2025,1
5,4115056700,83509671,경기도 의정부시 신곡1동,41665,395039.06,2025,1
6,4115056700,87866923,경기도 의정부시 신곡1동,41622,387908.72,2025,1
7,4115056800,79091431,경기도 의정부시 신곡2동,45693,314718.3,2023,1
8,4115056800,11017461,경기도 의정부시 신곡2동,45593,336926.22,2023,1
9,4115056800,150294,경기도 의정부시 신곡2동,45602,304446.44,2023,1
10,4115056800,264039,경기도 의정부시 신곡2동,45523,297442.6,2023,1
11,4115056800,305075,경기도 의정부시 신곡2동,45426,291932.0,2023,1
12,4115056800,459846,경기도 의정부시 신곡2동,45401,298325.66,2023,1
1,4115056800,178545,경기도 의정부시 신곡2동,45281,304006.34,2024,1
2,4115056800,263935,경기도 의정부시 신곡2동,45181,270708.0,2024,1
3,4115056800,137507,경기도 의정부시 신곡2동,45019,307228.47,2024,1
4,4115056800,163619,경기도 의정부시 신곡2동,44951,291360.12,2024,1
5,4115056800,93113,경기도 의정부시 신곡2동,44931,280195.28,2024,1
6,4115056800,204015,경기도 의정부시 신곡2동,44897,274491.7,2024,1
7,4115056800,153856,경기도 의정부시 신곡2동,44796,283693.12,2024,1
8,4115056800,150989,경기도 의정부시 신곡2동,44758,284270.5,2024,1
9,4115056800,307834,경기도 의정부시 신곡2동,44657,299583.28,2024,1
10,4115056800,317608,경기도 의정부시 신곡2동,44468,292998.28,2024,1
11,4115056800,226756,경기도 의정부시 신곡2동,44346,276989.9,2024,1
12,4115056800,269311,경기도 의정부시 신곡2동,44252,279643.44,2024,1
1,4115056800,357980,경기도 의정부시 신곡2동,44187,295089.06,2025,1
2,4115056800,336103,경기도 의정부시 신곡2동,44104,260723.31,2025,1
3,4115056800,714408,경기도 의정부시 신곡2동,44016,280678.9,2025,1
4,4115056800,190325,경기도 의정부시 신곡2동,43980,270525.62,2025,1
5,4115056800,599129,경기도 의정부시 신곡2동,43958,281723.0,2025,1
6,4115056800,572615,경기도 의정부시 신곡2동,43876,273307.8,2025,1
7,4115057300,52047193,경기도 의정부시 송산1동,56117,158133.62,2023,1
8,4115057300,7875428,경기도 의정부시 송산1동,56595,337849.9,2023,1
9,4115057300,2695053,경기도 의정부시 송산1동,56864,333709.3,2023,1
10,4115057300,2376451,경기도 의정부시 송산1동,57102,342483.03,2023,1
11,4115057300,1986392,경기도 의정부시 송산1동,57245,331130.3,2023,1
12,4115057300,2918750,경기도 의정부시 송산1동,57293,335704.25,2023,1
1,4115057300,2248673,경기도 의정부시 송산1동,57318,350303.9,2024,1
2,4115057300,1685409,경기도 의정부시 송산1동,57221,326905.62,2024,1
3,4115057300,1132487,경기도 의정부시 송산1동,57224,156570.69,2024,1
4,4115057300,1985517,경기도 의정부시 송산1동,57277,151046.73,2024,1
5,4115057300,1301949,경기도 의정부시 송산1동,57280,154800.52,2024,1
6,4115057300,1488189,경기도 의정부시 송산1동,57239,150232.55,2024,1
7,4115057300,1434208,경기도 의정부시 송산1동,30713,157170.17,2024,1
8,4115057300,1231078,경기도 의정부시 송산1동,30687,146428.58,2024,1
9,4115057300,2002615,경기도 의정부시 송산1동,30633,201744.28,2024,1
10,4115057300,1299693,경기도 의정부시 송산1동,30571,196385.89,2024,1
11,4115057300,2289029,경기도 의정부시 송산1동,30554,191860.94,2024,1
12,4115057300,2402228,경기도 의정부시 송산1동,30540,191606.64,2024,1
1,4115057300,2288148,경기도 의정부시 송산1동,30436,194565.77,2025,1
2,4115057300,1989257,경기도 의정부시 송산1동,30402,178609.28,2025,1
3,4115057300,1944875,경기도 의정부시 송산1동,30284,193487.4,2025,1
4,4115057300,1561659,경기도 의정부시 송산1동,30283,190159.52,2025,1
5,4115057300,1580656,경기도 의정부시 송산1동,30301,194324.19,2025,1
6,4115057300,1936831,경기도 의정부시 송산1동,30287,190551.27,2025,1
7,4115057600,60145522,경기도 의정부시 송산2동,32119,312391.56,2023,1
8,4115057600,7770079,경기도 의정부시 송산2동,32054,284321.44,2023,1
9,4115057600,224388,경기도 의정부시 송산2동,31997,286376.3,2023,1
10,4115057600,290036,경기도 의정부시 송산2동,32010,289218.53,2023,1
11,4115057600,354310,경기도 의정부시 송산2동,31989,282126.6,2023,1
12,4115057600,581108,경기도 의정부시 송산2동,32012,301967.34,2023,1
1,4115057600,215678,경기도 의정부시 송산2동,31981,288681.53,2024,1
2,4115057600,105790,경기도 의정부시 송산2동,31869,273937.2,2024,1
3,4115057600,87740,경기도 의정부시 송산2동,31762,317881.94,2024,1
4,4115057600,144264,경기도 의정부시 송산2동,31709,307656.3,2024,1
5,4115057600,100924,경기도 의정부시 송산2동,31677,317063.78,2024,1
6,4115057600,139768,경기도 의정부시 송산2동,31674,303680.94,2024,1
7,4115057600,79988,경기도 의정부시 송산2동,31655,306937.88,2024,1
8,4115057600,128834,경기도 의정부시 송산2동,31581,277262.06,2024,1
9,4115057600,154306,경기도 의정부시 송산2동,31499,282115.22,2024,1
10,4115057600,117182,경기도 의정부시 송산2동,31374,275182.6,2024,1
11,4115057600,144878,경기도 의정부시 송산2동,31313,268281.88,2024,1
12,4115057600,124010,경기도 의정부시 송산2동,31258,271871.3,2024,1
1,4115057600,114386,경기도 의정부시 송산2동,31212,274726.4,2025,1
2,4115057600,119854,경기도 의정부시 송산2동,31133,238000.9,2025,1
3,4115057600,164952,경기도 의정부시 송산2동,31025,245017.34,2025,1
4,4115057600,172336,경기도 의정부시 송산2동,30972,238394.48,2025,1
5,4115057600,210702,경기도 의정부시 송산2동,30957,246328.02,2025,1
6,4115057600,212922,경기도 의정부시 송산2동,30963,237954.61,2025,1
7,4115057800,157607233,경기도 의정부시 송산3동,45614,104276.73,2023,1
8,4115057800,23709169,경기도 의정부시 송산3동,45618,100805.98,2023,1
9,4115057800,1105342,경기도 의정부시 송산3동,45621,102557.57,2023,1
10,4115057800,1047319,경기도 의정부시 송산3동,45577,101138.03,2023,1
11,4115057800,1141696,경기도 의정부시 송산3동,45553,103284.04,2023,1
12,4115057800,2091352,경기도 의정부시 송산3동,45456,105462.44,2023,1
1,4115057800,869157,경기도 의정부시 송산3동,45383,106421.62,2024,1
2,4115057800,556839,경기도 의정부시 송산3동,45383,97968.47,2024,1
3,4115057800,323451,경기도 의정부시 송산3동,45318,110033.82,2024,1
4,4115057800,605074,경기도 의정부시 송산3동,45256,104050.35,2024,1
5,4115057800,359357,경기도 의정부시 송산3동,45222,102705.43,2024,1
6,4115057800,612651,경기도 의정부시 송산3동,45155,98202.23,2024,1
7,4115057800,624058,경기도 의정부시 송산3동,45101,109350.94,2024,1
8,4115057800,431317,경기도 의정부시 송산3동,45019,102859.07,2024,1
9,4115057800,890431,경기도 의정부시 송산3동,44981,103983.54,2024,1
10,4115057800,462202,경기도 의정부시 송산3동,44838,98583.86,2024,1
11,4115057800,630417,경기도 의정부시 송산3동,44766,96246.76,2024,1
12,4115057800,783148,경기도 의정부시 송산3동,44777,98524.58,2024,1
1,4115057800,626833,경기도 의정부시 송산3동,44701,105050.23,2025,1
2,4115057800,582481,경기도 의정부시 송산3동,44691,100233.31,2025,1
3,4115057800,635147,경기도 의정부시 송산3동,44633,108931.84,2025,1
4,4115057800,405363,경기도 의정부시 송산3동,44647,105706.54,2025,1
5,4115057800,545737,경기도 의정부시 송산3동,44598,108264.51,2025,1
6,4115057800,601015,경기도 의정부시 송산3동,44606,103817.19,2025,1
7,4115058000,70486597,경기도 의정부시 자금동,26137,79597.59,2023,1
8,4115058000,8884502,경기도 의정부시 자금동,26064,79058.15,2023,1
9,4115058000,748392,경기도 의정부시 자금동,25974,77931.45,2023,1
10,4115058000,840280,경기도 의정부시 자금동,25881,74855.09,2023,1
11,4115058000,619335,경기도 의정부시 자금동,25824,74410.88,2023,1
12,4115058000,1204557,경기도 의정부시 자금동,25802,74113.4,2023,1
1,4115058000,629752,경기도 의정부시 자금동,25776,75324.31,2024,1
2,4115058000,389504,경기도 의정부시 자금동,25775,69520.51,2024,1
3,4115058000,310850,경기도 의정부시 자금동,25697,78398.28,2024,1
4,4115058000,478112,경기도 의정부시 자금동,25623,77329.27,2024,1
5,4115058000,308514,경기도 의정부시 자금동,25576,76811.5,2024,1
6,4115058000,310256,경기도 의정부시 자금동,25520,76361.58,2024,1
7,4115058000,359625,경기도 의정부시 자금동,25492,85553.34,2024,1
8,4115058000,269256,경기도 의정부시 자금동,25435,101541.31,2024,1
9,4115058000,479706,경기도 의정부시 자금동,25369,105818.85,2024,1
10,4115058000,300218,경기도 의정부시 자금동,25284,95589.08,2024,1
11,4115058000,490642,경기도 의정부시 자금동,25232,105195.97,2024,1
12,4115058000,576708,경기도 의정부시 자금동,25175,95566.26,2024,1
1,4115058000,361990,경기도 의정부시 자금동,25155,97561.06,2025,1
2,4115058000,443068,경기도 의정부시 자금동,25156,90790.35,2025,1
3,4115058000,447962,경기도 의정부시 자금동,25161,95338.51,2025,1
4,4115058000,331067,경기도 의정부시 자금동,25161,94666.12,2025,1
5,4115058000,452126,경기도 의정부시 자금동,25111,99770.04,2025,1
6,4115058000,535434,경기도 의정부시 자금동,25139,92278.53,2025,1
7,4115059500,20098524,경기도 의정부시 가능동,24561,475677.78,2023,1
8,4115059500,2464618,경기도 의정부시 가능동,24476,433287.22,2023,1
9,4115059500,401290,경기도 의정부시 가능동,24461,420681.56,2023,1
10,4115059500,443676,경기도 의정부시 가능동,24401,428033.53,2023,1
11,4115059500,527142,경기도 의정부시 가능동,24350,426748.62,2023,1
12,4115059500,639816,경기도 의정부시 가능동,24260,427768.75,2023,1
1,4115059500,309073,경기도 의정부시 가능동,24260,423033.44,2024,1
2,4115059500,91930,경기도 의정부시 가능동,24178,404033.8,2024,1
3,4115059500,59274,경기도 의정부시 가능동,24131,480630.22,2024,1
4,4115059500,75784,경기도 의정부시 가능동,24082,451874.28,2024,1
5,4115059500,38868,경기도 의정부시 가능동,24008,407365.03,2024,1
6,4115059500,42754,경기도 의정부시 가능동,24014,357162.0,2024,1
7,4115059500,90314,경기도 의정부시 가능동,23965,379042.88,2024,1
8,4115059500,42570,경기도 의정부시 가능동,23902,419218.75,2024,1
9,4115059500,69590,경기도 의정부시 가능동,23839,446513.12,2024,1
10,4115059500,83222,경기도 의정부시 가능동,23747,450191.56,2024,1
11,4115059500,132702,경기도 의정부시 가능동,23707,427055.0,2024,1
12,4115059500,117092,경기도 의정부시 가능동,23654,399918.72,2024,1
1,4115059500,142242,경기도 의정부시 가능동,23590,421133.0,2025,1
2,4115059500,144378,경기도 의정부시 가능동,23569,368826.47,2025,1
3,4115059500,111811,경기도 의정부시 가능동,23545,406854.38,2025,1
4,4115059500,123478,경기도 의정부시 가능동,23570,399618.8,2025,1
5,4115059500,159082,경기도 의정부시 가능동,23541,408862.0,2025,1
6,4115059500,198800,경기도 의정부시 가능동,23584,393572.66,2025,1
7,4115061500,13425351,경기도 의정부시 흥선동,19523,34121.17,2023,1
8,4115061500,1332584,경기도 의정부시 흥선동,19543,32836.02,2023,1
9,4115061500,65212,경기도 의정부시 흥선동,19480,38488.66,2023,1
10,4115061500,106424,경기도 의정부시 흥선동,19492,36340.75,2023,1
11,4115061500,94600,경기도 의정부시 흥선동,19430,36487.4,2023,1
12,4115061500,182344,경기도 의정부시 흥선동,19368,33261.2,2023,1
1,4115061500,49434,경기도 의정부시 흥선동,19342,31688.07,2024,1
2,4115061500,16683,경기도 의정부시 흥선동,19302,29511.17,2024,1
3,4115061500,22816,경기도 의정부시 흥선동,19254,37183.26,2024,1
4,4115061500,33020,경기도 의정부시 흥선동,19178,30993.36,2024,1
5,4115061500,15044,경기도 의정부시 흥선동,19173,31431.0,2024,1
6,4115061500,18790,경기도 의정부시 흥선동,19087,30773.96,2024,1
7,4115061500,21546,경기도 의정부시 흥선동,19058,29034.3,2024,1
8,4115061500,13958,경기도 의정부시 흥선동,19017,27262.91,2024,1
9,4115061500,40644,경기도 의정부시 흥선동,18905,29935.42,2024,1
10,4115061500,30139,경기도 의정부시 흥선동,18804,28317.58,2024,1
11,4115061500,46604,경기도 의정부시 흥선동,18701,27237.48,2024,1
12,4115061500,54388,경기도 의정부시 흥선동,18694,25298.98,2024,1
1,4115061500,36180,경기도 의정부시 흥선동,18686,25081.43,2025,1
2,4115061500,28440,경기도 의정부시 흥선동,18697,22070.87,2025,1
3,4115061500,44786,경기도 의정부시 흥선동,18679,27721.86,2025,1
4,4115061500,42156,경기도 의정부시 흥선동,18648,27300.73,2025,1
5,4115061500,113292,경기도 의정부시 흥선동,18612,27530.2,2025,1
6,4115061500,23375,경기도 의정부시 흥선동,18600,27193.12,2025,1
7,4117151000,98235968,경기도 안양시 만안구 안양1동,11992,1712157.5,2023,0
8,4117151000,10547148,경기도 안양시 만안구 안양1동,11987,1653375.6,2023,0
9,4117151000,274012,경기도 안양시 만안구 안양1동,11963,1657459.9,2023,0
10,4117151000,905858,경기도 안양시 만안구 안양1동,11934,1695360.5,2023,0
11,4117151000,580626,경기도 안양시 만안구 안양1동,11903,1588731.0,2023,0
12,4117151000,231574,경기도 안양시 만안구 안양1동,11883,1659813.5,2023,0
1,4117151000,483122,경기도 안양시 만안구 안양1동,11852,1507779.2,2024,0
2,4117151000,28868,경기도 안양시 만안구 안양1동,11849,1459490.9,2024,0
3,4117151000,274838,경기도 안양시 만안구 안양1동,11834,1635408.5,2024,0
4,4117151000,230466,경기도 안양시 만안구 안양1동,11832,1683770.2,2024,0
5,4117151000,153402,경기도 안양시 만안구 안양1동,11842,1650811.0,2024,0
6,4117151000,93920,경기도 안양시 만안구 안양1동,11889,1584197.1,2024,0
7,4117151000,225664,경기도 안양시 만안구 안양1동,11866,1584980.5,2024,0
8,4117151000,180864,경기도 안양시 만안구 안양1동,11888,1536976.2,2024,0
9,4117151000,170742,경기도 안양시 만안구 안양1동,11865,1653993.9,2024,0
10,4117151000,82734,경기도 안양시 만안구 안양1동,12354,1645580.1,2024,0
11,4117151000,309772,경기도 안양시 만안구 안양1동,14573,1806342.6,2024,0
12,4117151000,97818,경기도 안양시 만안구 안양1동,16550,1906594.6,2024,0
1,4117151000,260916,경기도 안양시 만안구 안양1동,17233,1960450.4,2025,0
2,4117151000,662626,경기도 안양시 만안구 안양1동,17837,1809260.8,2025,0
3,4117151000,437526,경기도 안양시 만안구 안양1동,18108,2031395.5,2025,0
4,4117151000,243566,경기도 안양시 만안구 안양1동,18158,1835806.2,2025,0
5,4117151000,237010,경기도 안양시 만안구 안양1동,18280,1934805.4,2025,0
6,4117151000,295382,경기도 안양시 만안구 안양1동,18319,1804336.9,2025,0
7,4117155000,24123625,경기도 안양시 만안구 안양5동,10056,1407427.1,2023,0
8,4117155000,5018901,경기도 안양시 만안구 안양5동,10096,1475907.8,2023,0
9,4117155000,2476687,경기도 안양시 만안구 안양5동,10083,1406845.4,2023,0
10,4117155000,2172869,경기도 안양시 만안구 안양5동,10058,1487782.5,2023,0
11,4117155000,1802092,경기도 안양시 만안구 안양5동,10039,1493663.1,2023,0
12,4117155000,1454060,경기도 안양시 만안구 안양5동,10012,1438537.9,2023,0
1,4117155000,1337976,경기도 안양시 만안구 안양5동,9999,1409571.2,2024,0
2,4117155000,756401,경기도 안양시 만안구 안양5동,10016,1491478.9,2024,0
3,4117155000,436910,경기도 안양시 만안구 안양5동,9996,1674063.2,2024,0
4,4117155000,912292,경기도 안양시 만안구 안양5동,9990,2074036.0,2024,0
5,4117155000,721777,경기도 안양시 만안구 안양5동,10004,2062387.8,2024,0
6,4117155000,997718,경기도 안양시 만안구 안양5동,10037,1709312.8,2024,0
7,4117155000,1240017,경기도 안양시 만안구 안양5동,10036,1567305.6,2024,0
8,4117155000,981737,경기도 안양시 만안구 안양5동,10001,1533903.1,2024,0
9,4117155000,883842,경기도 안양시 만안구 안양5동,10037,1784969.5,2024,0
10,4117155000,727053,경기도 안양시 만안구 안양5동,10014,2082195.8,2024,0
11,4117155000,1001729,경기도 안양시 만안구 안양5동,9946,1980798.5,2024,0
12,4117155000,901972,경기도 안양시 만안구 안양5동,9924,1839789.1,2024,0
1,4117155000,1009188,경기도 안양시 만안구 안양5동,10178,1858778.6,2025,0
2,4117155000,1545326,경기도 안양시 만안구 안양5동,11920,1959423.8,2025,0
3,4117155000,1652536,경기도 안양시 만안구 안양5동,13341,2123092.2,2025,0
4,4117155000,1438102,경기도 안양시 만안구 안양5동,13834,1964181.8,2025,0
5,4117155000,1370245,경기도 안양시 만안구 안양5동,14125,1918300.4,2025,0
6,4117155000,1147008,경기도 안양시 만안구 안양5동,14272,1717962.8,2025,0
7,4117156000,41135154,경기도 안양시 만안구 안양6동,26728,1466312.9,2023,0
8,4117156000,4829323,경기도 안양시 만안구 안양6동,26713,1557722.1,2023,0
9,4117156000,289218,경기도 안양시 만안구 안양6동,26659,1590841.0,2023,0
10,4117156000,340574,경기도 안양시 만안구 안양6동,26633,1639337.5,2023,0
11,4117156000,257386,경기도 안양시 만안구 안양6동,26581,1598876.8,2023,0
12,4117156000,315822,경기도 안양시 만안구 안양6동,26557,1609548.8,2023,0
1,4117156000,234948,경기도 안양시 만안구 안양6동,26599,1600236.6,2024,0
2,4117156000,135866,경기도 안양시 만안구 안양6동,26598,1556642.5,2024,0
3,4117156000,135262,경기도 안양시 만안구 안양6동,26603,1628939.0,2024,0
4,4117156000,191564,경기도 안양시 만안구 안양6동,26564,1645630.8,2024,0
5,4117156000,219016,경기도 안양시 만안구 안양6동,26570,1546252.5,2024,0
6,4117156000,168490,경기도 안양시 만안구 안양6동,26546,1457085.2,2024,0
7,4117156000,353360,경기도 안양시 만안구 안양6동,26503,1535193.0,2024,0
8,4117156000,310944,경기도 안양시 만안구 안양6동,26494,1687883.8,2024,0
9,4117156000,317144,경기도 안양시 만안구 안양6동,26512,1570884.4,2024,0
10,4117156000,229164,경기도 안양시 만안구 안양6동,26502,1493059.2,2024,0
11,4117156000,257734,경기도 안양시 만안구 안양6동,26419,1412015.9,2024,0
12,4117156000,260442,경기도 안양시 만안구 안양6동,26327,1371764.9,2024,0
1,4117156000,278480,경기도 안양시 만안구 안양6동,26366,1418102.8,2025,0
2,4117156000,359074,경기도 안양시 만안구 안양6동,26607,1362290.2,2025,0
3,4117156000,400962,경기도 안양시 만안구 안양6동,26709,1449231.6,2025,0
4,4117156000,340414,경기도 안양시 만안구 안양6동,26750,1386459.0,2025,0
5,4117156000,347914,경기도 안양시 만안구 안양6동,26780,1464121.9,2025,0
6,4117156000,305676,경기도 안양시 만안구 안양6동,26858,1332434.6,2025,0
7,4117157000,133323871,경기도 안양시 만안구 안양7동,15063,1623574.5,2023,0
8,4117157000,19317631,경기도 안양시 만안구 안양7동,15071,1612734.9,2023,0
9,4117157000,16424,경기도 안양시 만안구 안양7동,15080,1533132.2,2023,0
10,4117157000,670,경기도 안양시 만안구 안양7동,15066,1589322.5,2023,0
11,4117157000,12212,경기도 안양시 만안구 안양7동,15026,1560101.8,2023,0
12,4117157000,17624,경기도 안양시 만안구 안양7동,15006,1537980.9,2023,0
1,4117157000,73948,경기도 안양시 만안구 안양7동,14947,1605586.2,2024,0
2,4117157000,57724,경기도 안양시 만안구 안양7동,14948,1455307.2,2024,0
3,4117157000,116000,경기도 안양시 만안구 안양7동,14931,1532016.4,2024,0
4,4117157000,189106,경기도 안양시 만안구 안양7동,14915,1459198.8,2024,0
5,4117157000,108966,경기도 안양시 만안구 안양7동,14926,1315708.1,2024,0
6,4117157000,150866,경기도 안양시 만안구 안양7동,14927,1354283.9,2024,0
7,4117157000,147224,경기도 안양시 만안구 안양7동,14849,1531149.1,2024,0
8,4117157000,141870,경기도 안양시 만안구 안양7동,14792,1413434.5,2024,0
9,4117157000,156826,경기도 안양시 만안구 안양7동,14773,1477042.2,2024,0
10,4117157000,125482,경기도 안양시 만안구 안양7동,14755,1347319.1,2024,0
11,4117157000,198560,경기도 안양시 만안구 안양7동,14688,1224295.5,2024,0
12,4117157000,99174,경기도 안양시 만안구 안양7동,14599,1239750.4,2024,0
1,4117157000,133404,경기도 안양시 만안구 안양7동,14559,1268972.9,2025,0
2,4117157000,195365,경기도 안양시 만안구 안양7동,14496,1302719.2,2025,0
3,4117157000,146894,경기도 안양시 만안구 안양7동,14543,1269649.5,2025,0
4,4117157000,198599,경기도 안양시 만안구 안양7동,14548,1269815.6,2025,0
5,4117157000,188128,경기도 안양시 만안구 안양7동,14591,1270538.2,2025,0
6,4117157000,201131,경기도 안양시 만안구 안양7동,14576,1212041.0,2025,0
7,4117159000,70050443,경기도 안양시 만안구 석수1동,18893,224224.73,2023,0
8,4117159000,10122815,경기도 안양시 만안구 석수1동,18864,230180.62,2023,0
9,4117159000,737038,경기도 안양시 만안구 석수1동,18885,212625.31,2023,0
10,4117159000,1014404,경기도 안양시 만안구 석수1동,18887,208207.11,2023,0
11,4117159000,1076194,경기도 안양시 만안구 석수1동,18854,191547.1,2023,0
12,4117159000,1254274,경기도 안양시 만안구 석수1동,18864,186484.52,2023,0
1,4117159000,1141874,경기도 안양시 만안구 석수1동,18812,178889.05,2024,0
2,4117159000,731450,경기도 안양시 만안구 석수1동,18822,175830.05,2024,0
3,4117159000,485160,경기도 안양시 만안구 석수1동,18863,202644.88,2024,0
4,4117159000,903404,경기도 안양시 만안구 석수1동,18830,199757.66,2024,0
5,4117159000,717020,경기도 안양시 만안구 석수1동,18821,211897.84,2024,0
6,4117159000,846008,경기도 안양시 만안구 석수1동,18834,205497.84,2024,0
7,4117159000,966444,경기도 안양시 만안구 석수1동,18788,207013.61,2024,0
8,4117159000,702936,경기도 안양시 만안구 석수1동,18753,221259.06,2024,0
9,4117159000,829642,경기도 안양시 만안구 석수1동,18767,214179.02,2024,0
10,4117159000,541010,경기도 안양시 만안구 석수1동,18742,203370.47,2024,0
11,4117159000,524646,경기도 안양시 만안구 석수1동,18706,199441.55,2024,0
12,4117159000,653478,경기도 안양시 만안구 석수1동,18656,184471.17,2024,0
1,4117159000,662056,경기도 안양시 만안구 석수1동,18591,207200.69,2025,0
2,4117159000,1018886,경기도 안양시 만안구 석수1동,18533,192508.45,2025,0
3,4117159000,865724,경기도 안양시 만안구 석수1동,18468,220499.06,2025,0
4,4117159000,858234,경기도 안양시 만안구 석수1동,18438,196963.94,2025,0
5,4117159000,1068202,경기도 안양시 만안구 석수1동,18422,204348.12,2025,0
6,4117159000,943918,경기도 안양시 만안구 석수1동,18415,194749.8,2025,0
7,4117160000,76144547,경기도 안양시 만안구 석수2동,30348,284209.6,2023,0
8,4117160000,11263572,경기도 안양시 만안구 석수2동,30298,285771.66,2023,0
9,4117160000,448140,경기도 안양시 만안구 석수2동,30260,293103.84,2023,0
10,4117160000,374068,경기도 안양시 만안구 석수2동,30226,292909.9,2023,0
11,4117160000,278534,경기도 안양시 만안구 석수2동,30186,284084.9,2023,0
12,4117160000,389315,경기도 안양시 만안구 석수2동,30097,276631.12,2023,0
1,4117160000,368179,경기도 안양시 만안구 석수2동,30098,278977.9,2024,0
2,4117160000,300419,경기도 안양시 만안구 석수2동,30083,273575.2,2024,0
3,4117160000,197621,경기도 안양시 만안구 석수2동,30014,278685.7,2024,0
4,4117160000,314764,경기도 안양시 만안구 석수2동,29957,312766.22,2024,0
5,4117160000,303191,경기도 안양시 만안구 석수2동,29930,298859.72,2024,0
6,4117160000,317222,경기도 안양시 만안구 석수2동,29929,277206.44,2024,0
7,4117160000,432447,경기도 안양시 만안구 석수2동,29823,286142.53,2024,0
8,4117160000,454346,경기도 안양시 만안구 석수2동,29697,281329.6,2024,0
9,4117160000,454189,경기도 안양시 만안구 석수2동,29620,296852.47,2024,0
10,4117160000,312045,경기도 안양시 만안구 석수2동,29533,284616.75,2024,0
11,4117160000,331856,경기도 안양시 만안구 석수2동,29364,278535.75,2024,0
12,4117160000,353148,경기도 안양시 만안구 석수2동,29280,280531.7,2024,0
1,4117160000,377776,경기도 안양시 만안구 석수2동,29177,279691.7,2025,0
2,4117160000,606188,경기도 안양시 만안구 석수2동,29065,249418.3,2025,0
3,4117160000,552871,경기도 안양시 만안구 석수2동,28952,282942.78,2025,0
4,4117160000,587621,경기도 안양시 만안구 석수2동,28922,297918.12,2025,0
5,4117160000,540017,경기도 안양시 만안구 석수2동,28936,279066.25,2025,0
6,4117160000,482893,경기도 안양시 만안구 석수2동,28873,273599.84,2025,0
7,4117351000,117191078,경기도 안양시 동안구 비산1동,28371,1388770.1,2023,0
8,4117351000,16538778,경기도 안양시 동안구 비산1동,28412,1305316.4,2023,0
9,4117351000,522745,경기도 안양시 동안구 비산1동,28592,1356913.8,2023,0
10,4117351000,492782,경기도 안양시 동안구 비산1동,28723,1370617.9,2023,0
11,4117351000,436336,경기도 안양시 동안구 비산1동,28810,1324666.8,2023,0
12,4117351000,401008,경기도 안양시 동안구 비산1동,28800,1336534.0,2023,0
1,4117351000,358390,경기도 안양시 동안구 비산1동,28800,1278909.4,2024,0
2,4117351000,238285,경기도 안양시 동안구 비산1동,28724,1257389.0,2024,0
3,4117351000,121344,경기도 안양시 동안구 비산1동,28741,1379887.5,2024,0
4,4117351000,248244,경기도 안양시 동안구 비산1동,28729,1394576.2,2024,0
5,4117351000,198190,경기도 안양시 동안구 비산1동,28738,1391391.0,2024,0
6,4117351000,241779,경기도 안양시 동안구 비산1동,28723,1299293.6,2024,0
7,4117351000,288010,경기도 안양시 동안구 비산1동,28625,1250303.0,2024,0
8,4117351000,205431,경기도 안양시 동안구 비산1동,28583,1243708.8,2024,0
9,4117351000,323979,경기도 안양시 동안구 비산1동,28582,1350248.1,2024,0
10,4117351000,354934,경기도 안양시 동안구 비산1동,28573,1311395.6,2024,0
11,4117351000,233710,경기도 안양시 동안구 비산1동,28548,1282737.8,2024,0
12,4117351000,236856,경기도 안양시 동안구 비산1동,28439,1275314.9,2024,0
1,4117351000,295042,경기도 안양시 동안구 비산1동,28443,1288927.6,2025,0
2,4117351000,306860,경기도 안양시 동안구 비산1동,28349,1164667.4,2025,0
3,4117351000,377927,경기도 안양시 동안구 비산1동,28304,1342753.8,2025,0
4,4117351000,391324,경기도 안양시 동안구 비산1동,28216,1296809.6,2025,0
5,4117351000,409050,경기도 안양시 동안구 비산1동,28221,1360911.2,2025,0
6,4117351000,348020,경기도 안양시 동안구 비산1동,28195,1240424.1,2025,0
7,4117352000,149854893,경기도 안양시 동안구 비산2동,14664,197700.12,2023,0
8,4117352000,419844317,경기도 안양시 동안구 비산2동,14655,197339.77,2023,0
9,4117352000,594216949,경기도 안양시 동안구 비산2동,14605,195746.2,2023,0
10,4117352000,501797102,경기도 안양시 동안구 비산2동,14594,203178.33,2023,0
11,4117352000,417181756,경기도 안양시 동안구 비산2동,14580,198734.31,2023,0
12,4117352000,413839234,경기도 안양시 동안구 비산2동,14547,205827.66,2023,0
1,4117352000,356438830,경기도 안양시 동안구 비산2동,14530,203577.12,2024,0
2,4117352000,248298527,경기도 안양시 동안구 비산2동,14525,198698.27,2024,0
3,4117352000,155731226,경기도 안양시 동안구 비산2동,14514,205218.83,2024,0
4,4117352000,263753297,경기도 안양시 동안구 비산2동,14526,214555.62,2024,0
5,4117352000,201100087,경기도 안양시 동안구 비산2동,14526,206885.94,2024,0
6,4117352000,244536415,경기도 안양시 동안구 비산2동,14531,197352.84,2024,0
7,4117352000,282533520,경기도 안양시 동안구 비산2동,14524,200308.69,2024,0
8,4117352000,260226541,경기도 안양시 동안구 비산2동,14548,199338.55,2024,0
9,4117352000,297087562,경기도 안양시 동안구 비산2동,14531,207976.55,2024,0
10,4117352000,203102361,경기도 안양시 동안구 비산2동,14556,199220.97,2024,0
11,4117352000,238316519,경기도 안양시 동안구 비산2동,14517,198154.17,2024,0
12,4117352000,250977445,경기도 안양시 동안구 비산2동,14491,204907.17,2024,0
1,4117352000,275640865,경기도 안양시 동안구 비산2동,14489,217522.0,2025,0
2,4117352000,380870595,경기도 안양시 동안구 비산2동,14467,193983.12,2025,0
3,4117352000,408049871,경기도 안양시 동안구 비산2동,14441,212016.0,2025,0
4,4117352000,335543260,경기도 안양시 동안구 비산2동,14461,202911.64,2025,0
5,4117352000,296257502,경기도 안양시 동안구 비산2동,14467,190965.36,2025,0
6,4117352000,286494539,경기도 안양시 동안구 비산2동,14421,168223.33,2025,0
7,4117353000,61064767,경기도 안양시 동안구 비산3동,11596,264328.75,2023,0
8,4117353000,8041019,경기도 안양시 동안구 비산3동,11571,272619.72,2023,0
9,4117353000,373705,경기도 안양시 동안구 비산3동,11543,256827.78,2023,0
10,4117353000,310719,경기도 안양시 동안구 비산3동,11505,269865.88,2023,0
11,4117353000,343618,경기도 안양시 동안구 비산3동,11470,259304.3,2023,0
12,4117353000,462714,경기도 안양시 동안구 비산3동,11438,255302.84,2023,0
1,4117353000,431035,경기도 안양시 동안구 비산3동,11398,252807.7,2024,0
2,4117353000,304412,경기도 안양시 동안구 비산3동,11362,237896.5,2024,0
3,4117353000,172521,경기도 안양시 동안구 비산3동,11342,260339.12,2024,0
4,4117353000,261465,경기도 안양시 동안구 비산3동,11318,264356.44,2024,0
5,4117353000,321663,경기도 안양시 동안구 비산3동,11316,257667.16,2024,0
6,4117353000,297279,경기도 안양시 동안구 비산3동,11961,259168.0,2024,0
7,4117353000,253288,경기도 안양시 동안구 비산3동,14855,346492.47,2024,0
8,4117353000,242449,경기도 안양시 동안구 비산3동,16589,345990.0,2024,0
9,4117353000,380025,경기도 안양시 동안구 비산3동,16949,357833.1,2024,0
10,4117353000,194799,경기도 안양시 동안구 비산3동,17180,350991.12,2024,0
11,4117353000,196518,경기도 안양시 동안구 비산3동,17369,364401.34,2024,0
12,4117353000,211778,경기도 안양시 동안구 비산3동,17650,362166.62,2024,0
1,4117353000,120411,경기도 안양시 동안구 비산3동,17803,381432.0,2025,0
2,4117353000,470013,경기도 안양시 동안구 비산3동,17890,349084.16,2025,0
3,4117353000,291043,경기도 안양시 동안구 비산3동,17871,371646.6,2025,0
4,4117353000,309005,경기도 안양시 동안구 비산3동,17886,344074.75,2025,0
5,4117353000,198417,경기도 안양시 동안구 비산3동,17889,344472.16,2025,0
6,4117353000,95105,경기도 안양시 동안구 비산3동,17927,333786.47,2025,0
7,4117354000,95541585,경기도 안양시 동안구 부흥동,16585,1646291.4,2023,0
8,4117354000,17616102,경기도 안양시 동안구 부흥동,16579,1560939.0,2023,0
9,4117354000,824364,경기도 안양시 동안구 부흥동,16581,1516397.8,2023,0
10,4117354000,750682,경기도 안양시 동안구 부흥동,16576,1562919.9,2023,0
11,4117354000,631850,경기도 안양시 동안구 부흥동,16538,1498059.0,2023,0
12,4117354000,548502,경기도 안양시 동안구 부흥동,16517,1534853.6,2023,0
1,4117354000,648850,경기도 안양시 동안구 부흥동,16470,1521484.8,2024,0
2,4117354000,451518,경기도 안양시 동안구 부흥동,16438,1501678.4,2024,0
3,4117354000,337934,경기도 안양시 동안구 부흥동,16435,1580347.9,2024,0
4,4117354000,421270,경기도 안양시 동안구 부흥동,16424,1626928.6,2024,0
5,4117354000,305416,경기도 안양시 동안구 부흥동,16378,1616085.6,2024,0
6,4117354000,506510,경기도 안양시 동안구 부흥동,16370,1526153.4,2024,0
7,4117354000,575568,경기도 안양시 동안구 부흥동,16298,1505023.4,2024,0
8,4117354000,525566,경기도 안양시 동안구 부흥동,16213,1484097.1,2024,0
9,4117354000,540408,경기도 안양시 동안구 부흥동,16139,1533221.9,2024,0
10,4117354000,317302,경기도 안양시 동안구 부흥동,16106,1485460.1,2024,0
11,4117354000,438850,경기도 안양시 동안구 부흥동,16097,1404086.8,2024,0
12,4117354000,524982,경기도 안양시 동안구 부흥동,16041,1376108.8,2024,0
1,4117354000,561816,경기도 안양시 동안구 부흥동,16004,1434485.4,2025,0
2,4117354000,650614,경기도 안양시 동안구 부흥동,15973,1362993.1,2025,0
3,4117354000,709206,경기도 안양시 동안구 부흥동,15982,1427700.2,2025,0
4,4117354000,640146,경기도 안양시 동안구 부흥동,15947,1413282.4,2025,0
5,4117354000,603160,경기도 안양시 동안구 부흥동,15958,1594628.9,2025,0
6,4117354000,538732,경기도 안양시 동안구 부흥동,15948,1294966.8,2025,0
7,4117354600,33111507,경기도 안양시 동안구 달안동,10123,345710.8,2023,0
8,4117354600,7227389,경기도 안양시 동안구 달안동,10099,351634.8,2023,0
9,4117354600,760042,경기도 안양시 동안구 달안동,10058,353537.84,2023,0
10,4117354600,579766,경기도 안양시 동안구 달안동,10024,380135.47,2023,0
11,4117354600,519652,경기도 안양시 동안구 달안동,9991,382819.3,2023,0
12,4117354600,593456,경기도 안양시 동안구 달안동,9952,391339.78,2023,0
1,4117354600,476088,경기도 안양시 동안구 달안동,9924,403290.72,2024,0
2,4117354600,313918,경기도 안양시 동안구 달안동,9921,375263.12,2024,0
3,4117354600,208218,경기도 안양시 동안구 달안동,9914,410441.3,2024,0
4,4117354600,418216,경기도 안양시 동안구 달안동,9900,444533.34,2024,0
5,4117354600,269142,경기도 안양시 동안구 달안동,9896,438188.88,2024,0
6,4117354600,410868,경기도 안양시 동안구 달안동,9867,422789.22,2024,0
7,4117354600,455244,경기도 안양시 동안구 달안동,9779,469693.8,2024,0
8,4117354600,304434,경기도 안양시 동안구 달안동,9729,463460.06,2024,0
9,4117354600,563404,경기도 안양시 동안구 달안동,9697,461584.06,2024,0
10,4117354600,348914,경기도 안양시 동안구 달안동,9613,547372.25,2024,0
11,4117354600,441564,경기도 안양시 동안구 달안동,9530,520089.3,2024,0
12,4117354600,426430,경기도 안양시 동안구 달안동,9530,505298.72,2024,0
1,4117354600,694796,경기도 안양시 동안구 달안동,9547,506156.0,2025,0
2,4117354600,547340,경기도 안양시 동안구 달안동,9492,514168.22,2025,0
3,4117354600,758726,경기도 안양시 동안구 달안동,9472,552739.75,2025,0
4,4117354600,552074,경기도 안양시 동안구 달안동,9473,561411.2,2025,0
5,4117354600,391778,경기도 안양시 동안구 달안동,9467,561690.9,2025,0
6,4117354600,427094,경기도 안양시 동안구 달안동,9453,578588.0,2025,0
7,4117356600,137424925,경기도 안양시 동안구 부림동,25977,1531235.6,2023,0
8,4117356600,17474400,경기도 안양시 동안구 부림동,25993,1439510.6,2023,0
9,4117356600,112977,경기도 안양시 동안구 부림동,25949,1402404.4,2023,0
10,4117356600,541895,경기도 안양시 동안구 부림동,25934,1419673.1,2023,0
11,4117356600,228511,경기도 안양시 동안구 부림동,25924,1380621.4,2023,0
12,4117356600,139921,경기도 안양시 동안구 부림동,25847,1416055.1,2023,0
1,4117356600,178642,경기도 안양시 동안구 부림동,25801,1385769.0,2024,0
2,4117356600,98123,경기도 안양시 동안구 부림동,25866,1286514.1,2024,0
3,4117356600,30271,경기도 안양시 동안구 부림동,25848,1409519.9,2024,0
4,4117356600,85077,경기도 안양시 동안구 부림동,25818,1526373.0,2024,0
5,4117356600,86352,경기도 안양시 동안구 부림동,25872,1518321.9,2024,0
6,4117356600,57972,경기도 안양시 동안구 부림동,25970,1444713.0,2024,0
7,4117356600,108287,경기도 안양시 동안구 부림동,26026,1544121.2,2024,0
8,4117356600,49824,경기도 안양시 동안구 부림동,26091,1451917.8,2024,0
9,4117356600,56273,경기도 안양시 동안구 부림동,26059,1503711.0,2024,0
10,4117356600,58322,경기도 안양시 동안구 부림동,26084,1486710.2,2024,0
11,4117356600,112366,경기도 안양시 동안구 부림동,26015,1423053.9,2024,0
12,4117356600,97457,경기도 안양시 동안구 부림동,26070,1404309.4,2024,0
1,4117356600,28817,경기도 안양시 동안구 부림동,26166,1404426.9,2025,0
2,4117356600,447106,경기도 안양시 동안구 부림동,26179,1326170.4,2025,0
3,4117356600,159635,경기도 안양시 동안구 부림동,26168,1395384.9,2025,0
4,4117356600,63327,경기도 안양시 동안구 부림동,26222,1347606.9,2025,0
5,4117356600,220594,경기도 안양시 동안구 부림동,26255,1340741.1,2025,0
6,4117356600,44884,경기도 안양시 동안구 부림동,26242,1251828.0,2025,0
7,4117357000,131434484,경기도 안양시 동안구 평촌동,14097,108555.88,2023,0
8,4117357000,25380755,경기도 안양시 동안구 평촌동,14090,112117.72,2023,0
9,4117357000,5081155,경기도 안양시 동안구 평촌동,14078,104191.78,2023,0
10,4117357000,4275427,경기도 안양시 동안구 평촌동,14088,106264.58,2023,0
11,4117357000,5429525,경기도 안양시 동안구 평촌동,14088,105856.9,2023,0
12,4117357000,3315985,경기도 안양시 동안구 평촌동,14047,107834.52,2023,0
1,4117357000,1954417,경기도 안양시 동안구 평촌동,14007,108186.35,2024,0
2,4117357000,1502747,경기도 안양시 동안구 평촌동,14002,101004.26,2024,0
3,4117357000,828765,경기도 안양시 동안구 평촌동,13996,110909.9,2024,0
4,4117357000,1239036,경기도 안양시 동안구 평촌동,13983,110740.66,2024,0
5,4117357000,900229,경기도 안양시 동안구 평촌동,13997,116185.83,2024,0
6,4117357000,1183877,경기도 안양시 동안구 평촌동,13951,117800.91,2024,0
7,4117357000,927506,경기도 안양시 동안구 평촌동,13900,120116.89,2024,0
8,4117357000,1106372,경기도 안양시 동안구 평촌동,13861,116616.44,2024,0
9,4117357000,1726392,경기도 안양시 동안구 평촌동,13865,117527.43,2024,0
10,4117357000,990321,경기도 안양시 동안구 평촌동,13826,115039.25,2024,0
11,4117357000,1615010,경기도 안양시 동안구 평촌동,13829,110772.91,2024,0
12,4117357000,2401145,경기도 안양시 동안구 평촌동,14078,120554.28,2024,0
1,4117357000,2543781,경기도 안양시 동안구 평촌동,14359,122412.56,2025,0
2,4117357000,2162369,경기도 안양시 동안구 평촌동,14649,116238.5,2025,0
3,4117357000,2098191,경기도 안양시 동안구 평촌동,14814,120136.26,2025,0
4,4117357000,1585851,경기도 안양시 동안구 평촌동,14860,117887.59,2025,0
5,4117357000,1190759,경기도 안양시 동안구 평촌동,14939,118410.51,2025,0
6,4117357000,1043211,경기도 안양시 동안구 평촌동,14915,118717.98,2025,0
7,4117357600,38255986,경기도 안양시 동안구 평안동,23070,1798238.4,2023,0
8,4117357600,6562719,경기도 안양시 동안구 평안동,23040,1598480.0,2023,0
9,4117357600,699489,경기도 안양시 동안구 평안동,22968,1605370.2,2023,0
10,4117357600,735396,경기도 안양시 동안구 평안동,23013,1641966.0,2023,0
11,4117357600,504738,경기도 안양시 동안구 평안동,22995,1604434.2,2023,0
12,4117357600,680894,경기도 안양시 동안구 평안동,22945,1617951.6,2023,0
1,4117357600,531695,경기도 안양시 동안구 평안동,22907,1557410.2,2024,0
2,4117357600,322921,경기도 안양시 동안구 평안동,22888,1379507.2,2024,0
3,4117357600,263737,경기도 안양시 동안구 평안동,22832,1527180.4,2024,0
4,4117357600,440357,경기도 안양시 동안구 평안동,22825,1674768.5,2024,0
5,4117357600,396249,경기도 안양시 동안구 평안동,22796,1610144.0,2024,0
6,4117357600,434769,경기도 안양시 동안구 평안동,22756,1530879.6,2024,0
7,4117357600,627429,경기도 안양시 동안구 평안동,22715,1562065.4,2024,0
8,4117357600,505404,경기도 안양시 동안구 평안동,22648,1580109.0,2024,0
9,4117357600,465574,경기도 안양시 동안구 평안동,22573,1513998.5,2024,0
10,4117357600,353076,경기도 안양시 동안구 평안동,22587,1446375.9,2024,0
11,4117357600,348744,경기도 안양시 동안구 평안동,22558,1369810.6,2024,0
12,4117357600,206802,경기도 안양시 동안구 평안동,22560,1375992.2,2024,0
1,4117357600,194334,경기도 안양시 동안구 평안동,22555,1369101.4,2025,0
2,4117357600,277709,경기도 안양시 동안구 평안동,22536,1316172.8,2025,0
3,4117357600,264991,경기도 안양시 동안구 평안동,22480,1421483.6,2025,0
4,4117357600,236524,경기도 안양시 동안구 평안동,22510,1451511.6,2025,0
5,4117357600,213010,경기도 안양시 동안구 평안동,22503,1421948.1,2025,0
6,4117357600,242626,경기도 안양시 동안구 평안동,22464,1488893.9,2025,0
7,4117358000,115000902,경기도 안양시 동안구 호계1동,18326,1196072.8,2023,0
8,4117358000,14457512,경기도 안양시 동안구 호계1동,18364,1164566.5,2023,0
9,4117358000,1128108,경기도 안양시 동안구 호계1동,18384,1133576.8,2023,0
10,4117358000,1002453,경기도 안양시 동안구 호계1동,18407,1201040.2,2023,0
11,4117358000,792349,경기도 안양시 동안구 호계1동,18760,1230919.8,2023,0
12,4117358000,932957,경기도 안양시 동안구 호계1동,21250,1436523.8,2023,0
1,4117358000,853508,경기도 안양시 동안구 호계1동,23743,1505147.1,2024,0
2,4117358000,498942,경기도 안양시 동안구 호계1동,24658,1318068.5,2024,0
3,4117358000,360518,경기도 안양시 동안구 호계1동,25038,1408497.1,2024,0
4,4117358000,655823,경기도 안양시 동안구 호계1동,25278,1405331.2,2024,0
5,4117358000,824800,경기도 안양시 동안구 호계1동,25451,1415971.4,2024,0
6,4117358000,947174,경기도 안양시 동안구 호계1동,25522,1383317.5,2024,0
7,4117358000,1128586,경기도 안양시 동안구 호계1동,25642,1476185.5,2024,0
8,4117358000,1082614,경기도 안양시 동안구 호계1동,25701,1428421.0,2024,0
9,4117358000,1263292,경기도 안양시 동안구 호계1동,25719,1440639.9,2024,0
10,4117358000,724534,경기도 안양시 동안구 호계1동,25950,1452840.9,2024,0
11,4117358000,1095822,경기도 안양시 동안구 호계1동,26126,1408472.0,2024,0
12,4117358000,1163811,경기도 안양시 동안구 호계1동,26369,1423452.4,2024,0
1,4117358000,1051345,경기도 안양시 동안구 호계1동,26538,1472806.4,2025,0
2,4117358000,1589525,경기도 안양시 동안구 호계1동,26628,1418907.4,2025,0
3,4117358000,1531815,경기도 안양시 동안구 호계1동,26642,1451832.6,2025,0
4,4117358000,644558,경기도 안양시 동안구 호계1동,26670,1430599.5,2025,0
5,4117358000,548809,경기도 안양시 동안구 호계1동,26767,1432074.0,2025,0
6,4117358000,606836,경기도 안양시 동안구 호계1동,26801,1415576.1,2025,0
7,4117359000,52395175,경기도 안양시 동안구 호계2동,19039,1764297.5,2023,0
8,4117359000,8148920,경기도 안양시 동안구 호계2동,18993,1720107.0,2023,0
9,4117359000,139138,경기도 안양시 동안구 호계2동,18934,1723505.5,2023,0
10,4117359000,100010,경기도 안양시 동안구 호계2동,18943,1774391.5,2023,0
11,4117359000,133666,경기도 안양시 동안구 호계2동,18903,1739377.9,2023,0
12,4117359000,143302,경기도 안양시 동안구 호계2동,18847,1708811.6,2023,0
1,4117359000,79056,경기도 안양시 동안구 호계2동,18816,1770402.6,2024,0
2,4117359000,32622,경기도 안양시 동안구 호계2동,18796,1617552.2,2024,0
3,4117359000,68798,경기도 안양시 동안구 호계2동,18791,1723912.2,2024,0
4,4117359000,84512,경기도 안양시 동안구 호계2동,18762,1840185.2,2024,0
5,4117359000,47372,경기도 안양시 동안구 호계2동,18774,1764689.4,2024,0
6,4117359000,86186,경기도 안양시 동안구 호계2동,18744,1702977.5,2024,0
7,4117359000,82244,경기도 안양시 동안구 호계2동,18705,1696371.5,2024,0
8,4117359000,150614,경기도 안양시 동안구 호계2동,19662,1934216.8,2024,0
9,4117359000,56104,경기도 안양시 동안구 호계2동,21969,2096600.9,2024,0
10,4117359000,31980,경기도 안양시 동안구 호계2동,23460,2112473.5,2024,0
11,4117359000,39838,경기도 안양시 동안구 호계2동,23898,1981448.8,2024,0
12,4117359000,63140,경기도 안양시 동안구 호계2동,24195,1995855.8,2024,0
1,4117359000,18986,경기도 안양시 동안구 호계2동,24440,2093916.0,2025,0
2,4117359000,24056,경기도 안양시 동안구 호계2동,24579,1966019.5,2025,0
3,4117359000,14514,경기도 안양시 동안구 호계2동,24669,2070664.1,2025,0
4,4117359000,36880,경기도 안양시 동안구 호계2동,25566,2096580.0,2025,0
5,4117359000,247638,경기도 안양시 동안구 호계2동,26106,2224976.0,2025,0
6,4117359000,155324,경기도 안양시 동안구 호계2동,26375,2146450.0,2025,0
7,4117360000,110297033,경기도 안양시 동안구 호계3동,23247,336997.25,2023,0
8,4117360000,16105516,경기도 안양시 동안구 호계3동,23280,331370.62,2023,0
9,4117360000,645565,경기도 안양시 동안구 호계3동,23283,330404.9,2023,0
10,4117360000,697874,경기도 안양시 동안구 호계3동,23285,336904.6,2023,0
11,4117360000,241840,경기도 안양시 동안구 호계3동,23237,329597.22,2023,0
12,4117360000,575717,경기도 안양시 동안구 호계3동,23160,336392.44,2023,0
1,4117360000,236885,경기도 안양시 동안구 호계3동,23121,342364.7,2024,0
2,4117360000,306081,경기도 안양시 동안구 호계3동,23219,342048.0,2024,0
3,4117360000,334206,경기도 안양시 동안구 호계3동,23265,348257.03,2024,0
4,4117360000,243300,경기도 안양시 동안구 호계3동,23276,352865.62,2024,0
5,4117360000,132031,경기도 안양시 동안구 호계3동,23242,350259.62,2024,0
6,4117360000,197355,경기도 안양시 동안구 호계3동,23224,346699.16,2024,0
7,4117360000,363469,경기도 안양시 동안구 호계3동,23187,371801.97,2024,0
8,4117360000,370904,경기도 안양시 동안구 호계3동,23127,362407.88,2024,0
9,4117360000,321164,경기도 안양시 동안구 호계3동,23055,368582.2,2024,0
10,4117360000,155604,경기도 안양시 동안구 호계3동,22993,359459.88,2024,0
11,4117360000,277951,경기도 안양시 동안구 호계3동,22982,358455.38,2024,0
12,4117360000,389708,경기도 안양시 동안구 호계3동,22871,360719.56,2024,0
1,4117360000,201191,경기도 안양시 동안구 호계3동,22865,364919.0,2025,0
2,4117360000,356562,경기도 안양시 동안구 호계3동,22816,346732.5,2025,0
3,4117360000,736810,경기도 안양시 동안구 호계3동,22791,360896.25,2025,0
4,4117360000,448533,경기도 안양시 동안구 호계3동,22793,353435.12,2025,0
5,4117360000,421214,경기도 안양시 동안구 호계3동,22795,353193.03,2025,0
6,4117360000,566277,경기도 안양시 동안구 호계3동,22798,345579.5,2025,0
7,4117361000,269004925,경기도 안양시 동안구 범계동,15328,3006572.8,2023,0
8,4117361000,55006615,경기도 안양시 동안구 범계동,15368,2938587.0,2023,0
9,4117361000,1110100,경기도 안양시 동안구 범계동,15355,2773103.8,2023,0
10,4117361000,1122776,경기도 안양시 동안구 범계동,15351,2744586.2,2023,0
11,4117361000,924038,경기도 안양시 동안구 범계동,15391,2677314.5,2023,0
12,4117361000,969204,경기도 안양시 동안구 범계동,15326,2923775.2,2023,0
1,4117361000,901192,경기도 안양시 동안구 범계동,15261,2772421.0,2024,0
2,4117361000,564292,경기도 안양시 동안구 범계동,15243,2581152.5,2024,0
3,4117361000,396102,경기도 안양시 동안구 범계동,15239,2754996.2,2024,0
4,4117361000,673912,경기도 안양시 동안구 범계동,15227,2655918.2,2024,0
5,4117361000,537640,경기도 안양시 동안구 범계동,15254,2829716.8,2024,0
6,4117361000,705830,경기도 안양시 동안구 범계동,15260,2502117.0,2024,0
7,4117361000,722508,경기도 안양시 동안구 범계동,15194,2673600.2,2024,0
8,4117361000,659204,경기도 안양시 동안구 범계동,15149,2643960.2,2024,0
9,4117361000,620448,경기도 안양시 동안구 범계동,15121,2687681.2,2024,0
10,4117361000,456178,경기도 안양시 동안구 범계동,15136,2609629.5,2024,0
11,4117361000,428412,경기도 안양시 동안구 범계동,15106,2575327.0,2024,0
12,4117361000,493580,경기도 안양시 동안구 범계동,15068,2695034.5,2024,0
1,4117361000,452918,경기도 안양시 동안구 범계동,15052,2717058.2,2025,0
2,4117361000,632210,경기도 안양시 동안구 범계동,15058,2510222.5,2025,0
3,4117361000,671818,경기도 안양시 동안구 범계동,15017,2493917.2,2025,0
4,4117361000,693102,경기도 안양시 동안구 범계동,15000,2341154.8,2025,0
5,4117361000,1065934,경기도 안양시 동안구 범계동,14990,2609019.5,2025,0
6,4117361000,724528,경기도 안양시 동안구 범계동,14982,2545307.0,2025,0
7,4121055000,76745131,경기도 광명시 광명4동,8114,515871.53,2023,0
8,4121055000,9414943,경기도 광명시 광명4동,8020,474928.56,2023,0
9,4121055000,3199144,경기도 광명시 광명4동,7976,488682.5,2023,0
10,4121055000,2824615,경기도 광명시 광명4동,7825,492652.97,2023,0
11,4121055000,1953354,경기도 광명시 광명4동,7738,463347.16,2023,0
12,4121055000,1267813,경기도 광명시 광명4동,7692,482802.47,2023,0
1,4121055000,2451191,경기도 광명시 광명4동,7669,447076.88,2024,0
2,4121055000,2484429,경기도 광명시 광명4동,7654,417878.44,2024,0
3,4121055000,1586082,경기도 광명시 광명4동,7669,485073.06,2024,0
4,4121055000,3895392,경기도 광명시 광명4동,7659,529891.75,2024,0
5,4121055000,2767188,경기도 광명시 광명4동,7652,504923.12,2024,0
6,4121055000,3900675,경기도 광명시 광명4동,7641,478073.6,2024,0
7,4121055000,3826888,경기도 광명시 광명4동,7620,490466.53,2024,0
8,4121055000,3149910,경기도 광명시 광명4동,7588,475451.38,2024,0
9,4121055000,4485288,경기도 광명시 광명4동,7562,521512.8,2024,0
10,4121055000,2681593,경기도 광명시 광명4동,7534,502738.25,2024,0
11,4121055000,3620162,경기도 광명시 광명4동,7500,490596.56,2024,0
12,4121055000,2738852,경기도 광명시 광명4동,7471,498687.6,2024,0
1,4121055000,3608409,경기도 광명시 광명4동,7427,528291.7,2025,0
2,4121055000,6466538,경기도 광명시 광명4동,7397,516581.56,2025,0
3,4121055000,5084327,경기도 광명시 광명4동,7387,535669.5,2025,0
4,4121055000,3083149,경기도 광명시 광명4동,7373,504181.47,2025,0
5,4121055000,3227593,경기도 광명시 광명4동,7374,506172.2,2025,0
6,4121055000,4212850,경기도 광명시 광명4동,7376,479064.47,2025,0
7,4121056000,45026455,경기도 광명시 광명5동,12206,186662.38,2023,0
8,4121056000,5716387,경기도 광명시 광명5동,12169,181480.08,2023,0
9,4121056000,80666,경기도 광명시 광명5동,12139,187800.55,2023,0
10,4121056000,258244,경기도 광명시 광명5동,12076,188116.9,2023,0
11,4121056000,146986,경기도 광명시 광명5동,12030,189708.98,2023,0
12,4121056000,5702,경기도 광명시 광명5동,12003,186754.31,2023,0
1,4121056000,83638,경기도 광명시 광명5동,11995,181145.95,2024,0
2,4121056000,88454,경기도 광명시 광명5동,11958,172746.47,2024,0
3,4121056000,15792,경기도 광명시 광명5동,11968,196619.53,2024,0
4,4121056000,66146,경기도 광명시 광명5동,11932,196353.2,2024,0
5,4121056000,244592,경기도 광명시 광명5동,11918,183006.73,2024,0
6,4121056000,158440,경기도 광명시 광명5동,11892,189547.55,2024,0
7,4121056000,324864,경기도 광명시 광명5동,11878,191705.55,2024,0
8,4121056000,313406,경기도 광명시 광명5동,11867,190446.61,2024,0
9,4121056000,287866,경기도 광명시 광명5동,11860,204008.1,2024,0
10,4121056000,55224,경기도 광명시 광명5동,11852,186710.16,2024,0
11,4121056000,67932,경기도 광명시 광명5동,11788,186018.25,2024,0
12,4121056000,42890,경기도 광명시 광명5동,11759,189482.1,2024,0
1,4121056000,184192,경기도 광명시 광명5동,11694,202381.89,2025,0
2,4121056000,472338,경기도 광명시 광명5동,11669,177379.45,2025,0
3,4121056000,518462,경기도 광명시 광명5동,11663,182329.62,2025,0
4,4121056000,278010,경기도 광명시 광명5동,11641,172470.34,2025,0
5,4121056000,60956,경기도 광명시 광명5동,11621,177794.27,2025,0
6,4121056000,373812,경기도 광명시 광명5동,11553,171158.08,2025,0
7,4121057000,74631761,경기도 광명시 광명6동,13884,92016.69,2023,0
8,4121057000,10733592,경기도 광명시 광명6동,13857,102533.89,2023,0
9,4121057000,18346,경기도 광명시 광명6동,13817,102649.76,2023,0
10,4121057000,205250,경기도 광명시 광명6동,13776,103352.38,2023,0
11,4121057000,88518,경기도 광명시 광명6동,13735,101608.07,2023,0
12,4121057000,34294,경기도 광명시 광명6동,13744,100510.21,2023,0
1,4121057000,180554,경기도 광명시 광명6동,13730,97785.7,2024,0
2,4121057000,275074,경기도 광명시 광명6동,13734,90144.38,2024,0
3,4121057000,487340,경기도 광명시 광명6동,13714,109035.52,2024,0
4,4121057000,361280,경기도 광명시 광명6동,13730,109159.66,2024,0
5,4121057000,295148,경기도 광명시 광명6동,13763,103584.91,2024,0
6,4121057000,275280,경기도 광명시 광명6동,13750,106064.75,2024,0
7,4121057000,854786,경기도 광명시 광명6동,13735,105313.95,2024,0
8,4121057000,256334,경기도 광명시 광명6동,13715,102467.49,2024,0
9,4121057000,215172,경기도 광명시 광명6동,13714,113114.49,2024,0
10,4121057000,367830,경기도 광명시 광명6동,13779,107432.01,2024,0
11,4121057000,285078,경기도 광명시 광명6동,11296,115852.03,2024,0
12,4121057000,249340,경기도 광명시 광명6동,12030,113291.83,2024,0
1,4121057000,136050,경기도 광명시 광명6동,12191,134382.66,2025,0
2,4121057000,284156,경기도 광명시 광명6동,12343,108744.79,2025,0
3,4121057000,111326,경기도 광명시 광명6동,12377,113742.27,2025,0
4,4121057000,64358,경기도 광명시 광명6동,12458,111246.99,2025,0
5,4121057000,324726,경기도 광명시 광명6동,12524,112609.47,2025,0
6,4121057000,274746,경기도 광명시 광명6동,12528,109154.37,2025,0
7,4121058000,37048165,경기도 광명시 광명7동,19672,151578.84,2023,0
8,4121058000,6108327,경기도 광명시 광명7동,19650,150081.73,2023,0
9,4121058000,247144,경기도 광명시 광명7동,19812,156408.77,2023,0
10,4121058000,502280,경기도 광명시 광명7동,20984,162398.88,2023,0
11,4121058000,890732,경기도 광명시 광명7동,21813,161647.38,2023,0
12,4121058000,1546124,경기도 광명시 광명7동,22049,165333.58,2023,0
1,4121058000,28000,경기도 광명시 광명7동,22168,161168.67,2024,0
2,4121058000,34206,경기도 광명시 광명7동,22273,146090.5,2024,0
3,4121058000,141676,경기도 광명시 광명7동,22326,168251.8,2024,0
4,4121058000,431466,경기도 광명시 광명7동,22339,164137.73,2024,0
5,4121058000,386578,경기도 광명시 광명7동,22312,162462.11,2024,0
6,4121058000,809584,경기도 광명시 광명7동,22331,166332.16,2024,0
7,4121058000,445028,경기도 광명시 광명7동,22397,161968.34,2024,0
8,4121058000,831586,경기도 광명시 광명7동,22414,162674.62,2024,0
9,4121058000,736726,경기도 광명시 광명7동,22432,176002.58,2024,0
10,4121058000,920342,경기도 광명시 광명7동,22439,163864.44,2024,0
11,4121058000,1775243,경기도 광명시 광명7동,25951,157344.31,2024,0
12,4121058000,3460110,경기도 광명시 광명7동,25863,169605.19,2024,0
1,4121058000,62126,경기도 광명시 광명7동,25845,174980.4,2025,0
2,4121058000,185428,경기도 광명시 광명7동,25804,158939.0,2025,0
3,4121058000,448346,경기도 광명시 광명7동,25742,173778.78,2025,0
4,4121058000,417490,경기도 광명시 광명7동,25751,164735.56,2025,0
5,4121058000,693400,경기도 광명시 광명7동,25744,193954.42,2025,0
6,4121058000,814076,경기도 광명시 광명7동,25604,174968.73,2025,0
7,4121059000,27434713,경기도 광명시 철산1동,10601,1339839.4,2023,0
8,4121059000,4253876,경기도 광명시 철산1동,10615,1339306.5,2023,0
9,4121059000,40026,경기도 광명시 철산1동,10599,1325649.4,2023,0
10,4121059000,40270,경기도 광명시 철산1동,10540,1343991.8,2023,0
11,4121059000,24772,경기도 광명시 철산1동,10533,1308246.5,2023,0
12,4121059000,20606,경기도 광명시 철산1동,10532,1299865.8,2023,0
1,4121059000,43070,경기도 광명시 철산1동,10534,1265293.1,2024,0
2,4121059000,92549,경기도 광명시 철산1동,10511,1190182.9,2024,0
3,4121059000,48334,경기도 광명시 철산1동,10511,1326435.5,2024,0
4,4121059000,31012,경기도 광명시 철산1동,10521,1396156.0,2024,0
5,4121059000,35032,경기도 광명시 철산1동,10507,1330268.5,2024,0
6,4121059000,18760,경기도 광명시 철산1동,10483,1318795.0,2024,0
7,4121059000,79548,경기도 광명시 철산1동,10466,1295480.1,2024,0
8,4121059000,37508,경기도 광명시 철산1동,10476,1275665.5,2024,0
9,4121059000,46440,경기도 광명시 철산1동,10454,1293936.6,2024,0
10,4121059000,22980,경기도 광명시 철산1동,10435,1260567.1,2024,0
11,4121059000,48400,경기도 광명시 철산1동,10442,1202650.8,2024,0
12,4121059000,51844,경기도 광명시 철산1동,10445,1208020.5,2024,0
1,4121059000,42864,경기도 광명시 철산1동,10411,1246688.6,2025,0
2,4121059000,120000,경기도 광명시 철산1동,10359,1196301.9,2025,0
3,4121059000,129212,경기도 광명시 철산1동,10342,1205317.6,2025,0
4,4121059000,111800,경기도 광명시 철산1동,10323,1134935.8,2025,0
5,4121059000,79250,경기도 광명시 철산1동,10302,1117812.2,2025,0
6,4121059000,87820,경기도 광명시 철산1동,10212,1000036.6,2025,0
7,4121060000,19305719,경기도 광명시 철산2동,5544,457478.03,2023,0
8,4121060000,2078526,경기도 광명시 철산2동,5519,427947.94,2023,0
9,4121060000,97291,경기도 광명시 철산2동,5481,429196.44,2023,0
10,4121060000,140243,경기도 광명시 철산2동,5429,454226.22,2023,0
11,4121060000,85892,경기도 광명시 철산2동,5392,451866.2,2023,0
12,4121060000,168528,경기도 광명시 철산2동,5377,441749.3,2023,0
1,4121060000,94980,경기도 광명시 철산2동,5371,406374.6,2024,0
2,4121060000,54647,경기도 광명시 철산2동,5345,377817.16,2024,0
3,4121060000,45818,경기도 광명시 철산2동,5309,485764.22,2024,0
4,4121060000,98572,경기도 광명시 철산2동,5292,451739.34,2024,0
5,4121060000,46308,경기도 광명시 철산2동,5269,460509.75,2024,0
6,4121060000,81703,경기도 광명시 철산2동,5237,446839.72,2024,0
7,4121060000,159624,경기도 광명시 철산2동,5201,448528.72,2024,0
8,4121060000,37831,경기도 광명시 철산2동,5171,430354.78,2024,0
9,4121060000,39346,경기도 광명시 철산2동,5157,496479.25,2024,0
10,4121060000,28669,경기도 광명시 철산2동,5133,446718.0,2024,0
11,4121060000,54026,경기도 광명시 철산2동,5105,443203.75,2024,0
12,4121060000,56617,경기도 광명시 철산2동,5099,444015.38,2024,0
1,4121060000,104784,경기도 광명시 철산2동,5087,485412.34,2025,0
2,4121060000,423925,경기도 광명시 철산2동,5048,521790.88,2025,0
3,4121060000,313454,경기도 광명시 철산2동,5040,537137.2,2025,0
4,4121060000,239898,경기도 광명시 철산2동,5040,501736.47,2025,0
5,4121060000,167306,경기도 광명시 철산2동,5118,811485.94,2025,0
6,4121060000,143241,경기도 광명시 철산2동,9229,1023891.8,2025,0
7,4121061000,312464205,경기도 광명시 철산3동,36947,3101603.0,2023,1
8,4121061000,43927120,경기도 광명시 철산3동,36941,3017408.0,2023,1
9,4121061000,3480350,경기도 광명시 철산3동,36862,3058171.2,2023,1
10,4121061000,3295782,경기도 광명시 철산3동,36795,3175529.8,2023,1
11,4121061000,2821704,경기도 광명시 철산3동,36785,3027585.5,2023,1
12,4121061000,2307385,경기도 광명시 철산3동,36772,3121092.5,2023,1
1,4121061000,2057413,경기도 광명시 철산3동,36750,3147824.8,2024,1
2,4121061000,2596342,경기도 광명시 철산3동,36723,2884985.5,2024,1
3,4121061000,1514300,경기도 광명시 철산3동,36697,3168646.2,2024,1
4,4121061000,2312450,경기도 광명시 철산3동,36694,3265776.0,2024,1
5,4121061000,2673039,경기도 광명시 철산3동,36666,3198256.0,2024,1
6,4121061000,2920168,경기도 광명시 철산3동,36641,3231779.5,2024,1
7,4121061000,2868306,경기도 광명시 철산3동,36604,3202912.0,2024,1
8,4121061000,2259536,경기도 광명시 철산3동,36573,3180706.0,2024,1
9,4121061000,3481849,경기도 광명시 철산3동,36547,3274014.5,2024,1
10,4121061000,2114246,경기도 광명시 철산3동,36515,3194879.5,2024,1
11,4121061000,2483809,경기도 광명시 철산3동,36478,3190234.0,2024,1
12,4121061000,1756725,경기도 광명시 철산3동,36467,3191775.8,2024,1
1,4121061000,3171944,경기도 광명시 철산3동,36433,3298320.0,2025,1
2,4121061000,3535230,경기도 광명시 철산3동,36334,3135460.2,2025,1
3,4121061000,3418293,경기도 광명시 철산3동,36260,3294824.8,2025,1
4,4121061000,2491360,경기도 광명시 철산3동,36289,3246661.0,2025,1
5,4121061000,2435886,경기도 광명시 철산3동,36255,3210290.8,2025,1
6,4121061000,2706258,경기도 광명시 철산3동,35706,3163780.0,2025,1
7,4121062000,34016259,경기도 광명시 철산4동,9640,256953.84,2023,0
8,4121062000,5479614,경기도 광명시 철산4동,9585,246511.06,2023,0
9,4121062000,700532,경기도 광명시 철산4동,9545,243689.58,2023,0
10,4121062000,911482,경기도 광명시 철산4동,9471,269166.75,2023,0
11,4121062000,919900,경기도 광명시 철산4동,9419,260972.44,2023,0
12,4121062000,1412628,경기도 광명시 철산4동,9389,259575.38,2023,0
1,4121062000,441346,경기도 광명시 철산4동,9390,234154.08,2024,0
2,4121062000,403676,경기도 광명시 철산4동,9341,215137.6,2024,0
3,4121062000,260966,경기도 광명시 철산4동,9338,228443.3,2024,0
4,4121062000,593012,경기도 광명시 철산4동,9362,215672.03,2024,0
5,4121062000,563544,경기도 광명시 철산4동,9357,201938.9,2024,0
6,4121062000,837286,경기도 광명시 철산4동,9334,225104.36,2024,0
7,4121062000,907514,경기도 광명시 철산4동,9324,217370.48,2024,0
8,4121062000,724976,경기도 광명시 철산4동,9319,218245.53,2024,0
9,4121062000,880296,경기도 광명시 철산4동,9291,223197.16,2024,0
10,4121062000,837444,경기도 광명시 철산4동,9273,217141.2,2024,0
11,4121062000,990572,경기도 광명시 철산4동,9257,217523.56,2024,0
12,4121062000,1735228,경기도 광명시 철산4동,9255,222805.3,2024,0
1,4121062000,428074,경기도 광명시 철산4동,9240,242631.83,2025,0
2,4121062000,898908,경기도 광명시 철산4동,9224,214825.84,2025,0
3,4121062000,959008,경기도 광명시 철산4동,9222,221486.98,2025,0
4,4121062000,701688,경기도 광명시 철산4동,9211,220422.56,2025,0
5,4121062000,926976,경기도 광명시 철산4동,9213,215937.61,2025,0
6,4121062000,811276,경기도 광명시 철산4동,9124,203133.61,2025,0
7,4121063100,184041970,경기도 광명시 하안1동,25465,789289.1,2023,0
8,4121063100,202636681,경기도 광명시 하안1동,25431,778018.1,2023,0
9,4121063100,355069174,경기도 광명시 하안1동,25432,797783.06,2023,0
10,4121063100,290537611,경기도 광명시 하안1동,25379,809049.75,2023,0
11,4121063100,249724672,경기도 광명시 하안1동,25292,774554.06,2023,0
12,4121063100,154558732,경기도 광명시 하안1동,25318,793408.4,2023,0
1,4121063100,258917766,경기도 광명시 하안1동,25279,761101.06,2024,0
2,4121063100,315442081,경기도 광명시 하안1동,25276,726185.44,2024,0
3,4121063100,213602043,경기도 광명시 하안1동,25235,836859.1,2024,0
4,4121063100,348695158,경기도 광명시 하안1동,25188,824706.9,2024,0
5,4121063100,334309384,경기도 광명시 하안1동,25147,794555.8,2024,0
6,4121063100,350664210,경기도 광명시 하안1동,25155,798183.75,2024,0
7,4121063100,354647537,경기도 광명시 하안1동,25125,792756.4,2024,0
8,4121063100,328467790,경기도 광명시 하안1동,25132,790662.4,2024,0
9,4121063100,444453624,경기도 광명시 하안1동,25109,853581.9,2024,0
10,4121063100,312322014,경기도 광명시 하안1동,25114,817940.6,2024,0
11,4121063100,355462015,경기도 광명시 하안1동,25073,786718.8,2024,0
12,4121063100,292850642,경기도 광명시 하안1동,25015,802893.8,2024,0
1,4121063100,464512022,경기도 광명시 하안1동,24971,813714.56,2025,0
2,4121063100,775483226,경기도 광명시 하안1동,24914,759314.06,2025,0
3,4121063100,628650105,경기도 광명시 하안1동,24905,817254.7,2025,0
4,4121063100,459240763,경기도 광명시 하안1동,24834,767900.8,2025,0
5,4121063100,398797676,경기도 광명시 하안1동,24807,793889.56,2025,0
6,4121063100,451234593,경기도 광명시 하안1동,24659,774728.4,2025,0
7,4121063300,139290388,경기도 광명시 하안3동,19296,537671.0,2023,0
8,4121063300,17650596,경기도 광명시 하안3동,19294,538666.1,2023,0
9,4121063300,309395,경기도 광명시 하안3동,19224,537034.75,2023,0
10,4121063300,418229,경기도 광명시 하안3동,19143,540113.9,2023,0
11,4121063300,386449,경기도 광명시 하안3동,19119,535367.0,2023,0
12,4121063300,438591,경기도 광명시 하안3동,19089,569388.5,2023,0
1,4121063300,183405,경기도 광명시 하안3동,19064,540778.75,2024,0
2,4121063300,141985,경기도 광명시 하안3동,19035,518185.9,2024,0
3,4121063300,267992,경기도 광명시 하안3동,19018,564186.25,2024,0
4,4121063300,556660,경기도 광명시 하안3동,19023,604839.06,2024,0
5,4121063300,731603,경기도 광명시 하안3동,19042,593950.0,2024,0
6,4121063300,865113,경기도 광명시 하안3동,19027,576919.6,2024,0
7,4121063300,687507,경기도 광명시 하안3동,18967,593238.06,2024,0
8,4121063300,795681,경기도 광명시 하안3동,18941,561338.5,2024,0
9,4121063300,1027908,경기도 광명시 하안3동,18898,614799.0,2024,0
10,4121063300,799159,경기도 광명시 하안3동,18870,577332.56,2024,0
11,4121063300,899460,경기도 광명시 하안3동,18782,561302.25,2024,0
12,4121063300,996020,경기도 광명시 하안3동,18739,568605.1,2024,0
1,4121063300,999379,경기도 광명시 하안3동,18687,592412.75,2025,0
2,4121063300,2839010,경기도 광명시 하안3동,18609,567562.75,2025,0
3,4121063300,1982210,경기도 광명시 하안3동,18583,598971.25,2025,0
4,4121063300,1428271,경기도 광명시 하안3동,18564,587043.44,2025,0
5,4121063300,1405577,경기도 광명시 하안3동,18559,551587.1,2025,0
6,4121063300,1384176,경기도 광명시 하안3동,18367,535436.06,2025,0
7,4121063400,35613946,경기도 광명시 하안4동,11959,52784.02,2023,0
8,4121063400,4653583,경기도 광명시 하안4동,11967,47270.15,2023,0
9,4121063400,704844,경기도 광명시 하안4동,11943,45523.86,2023,0
10,4121063400,1236875,경기도 광명시 하안4동,11872,47961.98,2023,0
11,4121063400,974663,경기도 광명시 하안4동,11830,49941.47,2023,0
12,4121063400,677056,경기도 광명시 하안4동,11835,58956.07,2023,0
1,4121063400,381308,경기도 광명시 하안4동,11831,61603.43,2024,0
2,4121063400,544371,경기도 광명시 하안4동,11822,55008.03,2024,0
3,4121063400,366269,경기도 광명시 하안4동,11808,77208.18,2024,0
4,4121063400,709718,경기도 광명시 하안4동,11794,31326.09,2024,0
5,4121063400,726389,경기도 광명시 하안4동,11788,3485.79,2024,0
6,4121063400,846086,경기도 광명시 하안4동,11750,94230.15,2024,0
7,4121063400,833686,경기도 광명시 하안4동,11754,51356.57,2024,0
8,4121063400,790420,경기도 광명시 하안4동,11749,75842.86,2024,0
9,4121063400,998190,경기도 광명시 하안4동,11737,51663.85,2024,0
10,4121063400,848872,경기도 광명시 하안4동,11715,44126.08,2024,0
11,4121063400,957134,경기도 광명시 하안4동,11682,73649.73,2024,0
12,4121063400,1140756,경기도 광명시 하안4동,11675,77909.08,2024,0
1,4121063400,422200,경기도 광명시 하안4동,11662,81663.31,2025,0
2,4121063400,1013116,경기도 광명시 하안4동,11603,81478.28,2025,0
3,4121063400,878814,경기도 광명시 하안4동,11568,40632.34,2025,0
4,4121063400,697704,경기도 광명시 하안4동,11576,10437.47,2025,0
5,4121063400,764594,경기도 광명시 하안4동,11557,8404.62,2025,0
6,4121063400,849314,경기도 광명시 하안4동,11433,6960.95,2025,0
7,4121064000,239647458,경기도 광명시 소하1동,30573,607355.3,2023,0
8,4121064000,30984419,경기도 광명시 소하1동,30481,596852.44,2023,0
9,4121064000,1891409,경기도 광명시 소하1동,30449,604813.75,2023,0
10,4121064000,1759400,경기도 광명시 소하1동,30367,616682.0,2023,0
11,4121064000,1100587,경기도 광명시 소하1동,30275,632571.4,2023,0
12,4121064000,800078,경기도 광명시 소하1동,30211,639395.56,2023,0
1,4121064000,1389615,경기도 광명시 소하1동,30166,616102.2,2024,0
2,4121064000,1333475,경기도 광명시 소하1동,30107,555614.7,2024,0
3,4121064000,1105904,경기도 광명시 소하1동,30062,626769.5,2024,0
4,4121064000,1966293,경기도 광명시 소하1동,30025,638347.44,2024,0
5,4121064000,2215217,경기도 광명시 소하1동,29985,619781.8,2024,0
6,4121064000,1970846,경기도 광명시 소하1동,29965,623588.8,2024,0
7,4121064000,1756958,경기도 광명시 소하1동,29885,660161.5,2024,0
8,4121064000,2224882,경기도 광명시 소하1동,29848,649089.06,2024,0
9,4121064000,1916588,경기도 광명시 소하1동,29840,664394.7,2024,0
10,4121064000,1480771,경기도 광명시 소하1동,29788,640452.6,2024,0
11,4121064000,1378568,경기도 광명시 소하1동,29785,635249.6,2024,0
12,4121064000,1162549,경기도 광명시 소하1동,29738,638503.6,2024,0
1,4121064000,2192374,경기도 광명시 소하1동,29680,611779.75,2025,0
2,4121064000,3384295,경기도 광명시 소하1동,29590,618425.06,2025,0
3,4121064000,2585915,경기도 광명시 소하1동,29497,604590.7,2025,0
4,4121064000,2168081,경기도 광명시 소하1동,29482,582165.75,2025,0
5,4121064000,1743443,경기도 광명시 소하1동,29466,581574.8,2025,0
6,4121064000,1788579,경기도 광명시 소하1동,29368,564854.0,2025,0
7,4121065000,292740381,경기도 광명시 소하2동,27056,457629.72,2023,0
8,4121065000,36880880,경기도 광명시 소하2동,26928,465919.3,2023,0
9,4121065000,488825,경기도 광명시 소하2동,26888,469913.38,2023,0
10,4121065000,815406,경기도 광명시 소하2동,26807,461753.06,2023,0
11,4121065000,988190,경기도 광명시 소하2동,26714,477884.16,2023,0
12,4121065000,1630849,경기도 광명시 소하2동,26637,470538.38,2023,0
1,4121065000,352133,경기도 광명시 소하2동,26554,460577.38,2024,0
2,4121065000,521299,경기도 광명시 소하2동,26402,424599.1,2024,0
3,4121065000,384769,경기도 광명시 소하2동,26333,487667.28,2024,0
4,4121065000,593416,경기도 광명시 소하2동,26245,491118.97,2024,0
5,4121065000,752699,경기도 광명시 소하2동,26207,482918.84,2024,0
6,4121065000,1023870,경기도 광명시 소하2동,26125,479174.62,2024,0
7,4121065000,781047,경기도 광명시 소하2동,26048,466815.62,2024,0
8,4121065000,830893,경기도 광명시 소하2동,25981,463717.6,2024,0
9,4121065000,1014229,경기도 광명시 소하2동,25932,498178.0,2024,0
10,4121065000,1057843,경기도 광명시 소하2동,25854,461780.75,2024,0
11,4121065000,1115644,경기도 광명시 소하2동,25767,462734.6,2024,0
12,4121065000,2470981,경기도 광명시 소하2동,25782,485029.88,2024,0
1,4121065000,377635,경기도 광명시 소하2동,25715,509107.5,2025,0
2,4121065000,952884,경기도 광명시 소하2동,25633,475298.94,2025,0
3,4121065000,758922,경기도 광명시 소하2동,25571,514149.9,2025,0
4,4121065000,573920,경기도 광명시 소하2동,25538,506260.16,2025,0
5,4121065000,913177,경기도 광명시 소하2동,25512,503849.94,2025,0
6,4121065000,978887,경기도 광명시 소하2동,25392,483169.8,2025,0
7,4122051000,129811741,경기도 평택시 중앙동,43520,144563.38,2023,2
8,4122051000,19730591,경기도 평택시 중앙동,43466,138629.38,2023,2
9,4122051000,4432713,경기도 평택시 중앙동,43398,137647.11,2023,2
10,4122051000,3608000,경기도 평택시 중앙동,43382,146811.2,2023,2
11,4122051000,3120648,경기도 평택시 중앙동,43353,140935.95,2023,2
12,4122051000,3446257,경기도 평택시 중앙동,43275,138215.92,2023,2
1,4122051000,3349627,경기도 평택시 중앙동,43284,136201.94,2024,2
2,4122051000,3491456,경기도 평택시 중앙동,43228,129047.43,2024,2
3,4122051000,1633410,경기도 평택시 중앙동,43146,136317.92,2024,2
4,4122051000,2319292,경기도 평택시 중앙동,43136,135412.05,2024,2
5,4122051000,1725981,경기도 평택시 중앙동,43178,134561.7,2024,2
6,4122051000,1982303,경기도 평택시 중앙동,43071,129871.36,2024,2
7,4122051000,2331754,경기도 평택시 중앙동,42987,131306.56,2024,2
8,4122051000,2021339,경기도 평택시 중앙동,42990,129629.49,2024,2
9,4122051000,3336617,경기도 평택시 중앙동,42894,134392.12,2024,2
10,4122051000,2290865,경기도 평택시 중앙동,42886,131801.66,2024,2
11,4122051000,2701003,경기도 평택시 중앙동,42785,126114.4,2024,2
12,4122051000,2881290,경기도 평택시 중앙동,42765,126389.31,2024,2
1,4122051000,2876705,경기도 평택시 중앙동,42847,130110.02,2025,2
2,4122051000,2254226,경기도 평택시 중앙동,42919,121650.5,2025,2
3,4122051000,1955079,경기도 평택시 중앙동,42831,128279.72,2025,2
4,4122051000,1582926,경기도 평택시 중앙동,42729,124610.79,2025,2
5,4122051000,1658181,경기도 평택시 중앙동,42570,122118.73,2025,2
6,4122051000,1949365,경기도 평택시 중앙동,42559,126416.04,2025,2
7,4122052000,45464478,경기도 평택시 서정동,24112,98817.84,2023,2
8,4122052000,4945249,경기도 평택시 서정동,24042,96924.18,2023,2
9,4122052000,200976,경기도 평택시 서정동,23981,98558.13,2023,2
10,4122052000,273726,경기도 평택시 서정동,23960,98896.59,2023,2
11,4122052000,243390,경기도 평택시 서정동,23891,99718.56,2023,2
12,4122052000,501260,경기도 평택시 서정동,23875,97781.4,2023,2
1,4122052000,395676,경기도 평택시 서정동,23835,95590.5,2024,2
2,4122052000,312164,경기도 평택시 서정동,23818,91914.12,2024,2
3,4122052000,151302,경기도 평택시 서정동,24407,103128.36,2024,2
4,4122052000,327472,경기도 평택시 서정동,24957,104973.67,2024,2
5,4122052000,349610,경기도 평택시 서정동,25129,104574.09,2024,2
6,4122052000,151584,경기도 평택시 서정동,25169,99149.96,2024,2
7,4122052000,191334,경기도 평택시 서정동,25207,101771.96,2024,2
8,4122052000,146686,경기도 평택시 서정동,25209,103105.7,2024,2
9,4122052000,170896,경기도 평택시 서정동,25150,107336.62,2024,2
10,4122052000,87392,경기도 평택시 서정동,25144,102015.0,2024,2
11,4122052000,159358,경기도 평택시 서정동,25047,96578.36,2024,2
12,4122052000,408900,경기도 평택시 서정동,24958,99714.69,2024,2
1,4122052000,191328,경기도 평택시 서정동,24943,100679.79,2025,2
2,4122052000,213330,경기도 평택시 서정동,24888,94484.11,2025,2
3,4122052000,178290,경기도 평택시 서정동,24905,100241.7,2025,2
4,4122052000,161050,경기도 평택시 서정동,24867,99441.63,2025,2
5,4122052000,173658,경기도 평택시 서정동,24799,100490.42,2025,2
6,4122052000,301048,경기도 평택시 서정동,24740,97576.24,2025,2
7,4122053500,87829574,경기도 평택시 송탄동,22076,75956.74,2023,2
8,4122053500,14183081,경기도 평택시 송탄동,22022,74719.97,2023,2
9,4122053500,404460,경기도 평택시 송탄동,22016,74317.13,2023,2
10,4122053500,733826,경기도 평택시 송탄동,21934,75012.2,2023,2
11,4122053500,916696,경기도 평택시 송탄동,21857,76340.95,2023,2
12,4122053500,1309746,경기도 평택시 송탄동,21903,68482.22,2023,2
1,4122053500,260062,경기도 평택시 송탄동,21866,69947.39,2024,2
2,4122053500,235684,경기도 평택시 송탄동,21957,62108.4,2024,2
3,4122053500,178518,경기도 평택시 송탄동,22710,75751.07,2024,2
4,4122053500,276906,경기도 평택시 송탄동,23115,76199.02,2024,2
5,4122053500,293134,경기도 평택시 송탄동,23245,77101.63,2024,2
6,4122053500,724876,경기도 평택시 송탄동,23339,72396.21,2024,2
7,4122053500,844266,경기도 평택시 송탄동,23410,74708.92,2024,2
8,4122053500,550778,경기도 평택시 송탄동,23467,69858.86,2024,2
9,4122053500,713594,경기도 평택시 송탄동,23454,73982.64,2024,2
10,4122053500,1473034,경기도 평택시 송탄동,23479,75747.15,2024,2
11,4122053500,1066076,경기도 평택시 송탄동,23512,73342.13,2024,2
12,4122053500,2723908,경기도 평택시 송탄동,23498,71707.67,2024,2
1,4122053500,225782,경기도 평택시 송탄동,23525,70327.86,2025,2
2,4122053500,273620,경기도 평택시 송탄동,23513,71893.78,2025,2
3,4122053500,234850,경기도 평택시 송탄동,23514,75689.24,2025,2
4,4122053500,266384,경기도 평택시 송탄동,23467,77191.83,2025,2
5,4122053500,1179545,경기도 평택시 송탄동,23481,77593.37,2025,2
6,4122053500,1559388,경기도 평택시 송탄동,23492,80723.64,2025,2
7,4122055000,13027533,경기도 평택시 지산동,12689,266418.16,2023,0
8,4122055000,2105485,경기도 평택시 지산동,12717,263892.12,2023,0
9,4122055000,205360,경기도 평택시 지산동,12716,261829.89,2023,0
10,4122055000,218616,경기도 평택시 지산동,12691,274676.44,2023,0
11,4122055000,176298,경기도 평택시 지산동,12699,283237.1,2023,0
12,4122055000,280850,경기도 평택시 지산동,12697,277784.38,2023,0
1,4122055000,305378,경기도 평택시 지산동,12710,337834.66,2024,0
2,4122055000,278612,경기도 평택시 지산동,12700,318749.56,2024,0
3,4122055000,177846,경기도 평택시 지산동,12680,313435.16,2024,0
4,4122055000,244244,경기도 평택시 지산동,12589,300148.44,2024,0
5,4122055000,182470,경기도 평택시 지산동,12553,290464.9,2024,0
6,4122055000,128552,경기도 평택시 지산동,12556,281978.78,2024,0
7,4122055000,190088,경기도 평택시 지산동,12540,329857.0,2024,0
8,4122055000,151260,경기도 평택시 지산동,12422,315278.84,2024,0
9,4122055000,168662,경기도 평택시 지산동,12374,339201.06,2024,0
10,4122055000,164970,경기도 평택시 지산동,12349,335199.38,2024,0
11,4122055000,161598,경기도 평택시 지산동,12334,321152.62,2024,0
12,4122055000,229940,경기도 평택시 지산동,12312,326474.0,2024,0
1,4122055000,101586,경기도 평택시 지산동,12279,360365.84,2025,0
2,4122055000,150956,경기도 평택시 지산동,12271,345895.88,2025,0
3,4122055000,174030,경기도 평택시 지산동,12233,346603.53,2025,0
4,4122055000,93144,경기도 평택시 지산동,12209,337102.72,2025,0
5,4122055000,160822,경기도 평택시 지산동,12171,347907.28,2025,0
6,4122055000,182638,경기도 평택시 지산동,12136,327275.12,2025,0
7,4122056000,51257993,경기도 평택시 송북동,21574,55009.21,2023,2
8,4122056000,8166774,경기도 평택시 송북동,21522,54106.88,2023,2
9,4122056000,6303398,경기도 평택시 송북동,21494,53400.43,2023,2
10,4122056000,3900419,경기도 평택시 송북동,21442,55303.7,2023,2
11,4122056000,2541200,경기도 평택시 송북동,21401,55046.74,2023,2
12,4122056000,2719382,경기도 평택시 송북동,21375,54450.71,2023,2
1,4122056000,5512091,경기도 평택시 송북동,21345,55181.88,2024,2
2,4122056000,4394759,경기도 평택시 송북동,21290,54959.24,2024,2
3,4122056000,1618059,경기도 평택시 송북동,21187,55783.86,2024,2
4,4122056000,2516911,경기도 평택시 송북동,21057,55788.39,2024,2
5,4122056000,2245766,경기도 평택시 송북동,21017,58263.63,2024,2
6,4122056000,2532279,경기도 평택시 송북동,20975,55228.36,2024,2
7,4122056000,2995964,경기도 평택시 송북동,20909,54095.25,2024,2
8,4122056000,2515456,경기도 평택시 송북동,20857,54061.68,2024,2
9,4122056000,3262714,경기도 평택시 송북동,20858,56981.04,2024,2
10,4122056000,2173884,경기도 평택시 송북동,20774,55916.36,2024,2
11,4122056000,2375992,경기도 평택시 송북동,20752,53425.25,2024,2
12,4122056000,2631279,경기도 평택시 송북동,20759,54354.98,2024,2
1,4122056000,4017276,경기도 평택시 송북동,20725,58340.99,2025,2
2,4122056000,3145219,경기도 평택시 송북동,20675,51746.99,2025,2
3,4122056000,2363526,경기도 평택시 송북동,20641,54022.11,2025,2
4,4122056000,2047876,경기도 평택시 송북동,20607,53355.45,2025,2
5,4122056000,1966500,경기도 평택시 송북동,20545,54082.36,2025,2
6,4122056000,2564447,경기도 평택시 송북동,20571,55865.01,2025,2
7,4122057000,3675029,경기도 평택시 신장1동,7126,54739.98,2023,0
8,4122057000,564781,경기도 평택시 신장1동,7092,54047.86,2023,0
9,4122057000,226331,경기도 평택시 신장1동,7098,52102.92,2023,0
10,4122057000,250042,경기도 평택시 신장1동,7098,56049.06,2023,0
11,4122057000,233123,경기도 평택시 신장1동,7043,52057.86,2023,0
12,4122057000,253939,경기도 평택시 신장1동,7058,55118.21,2023,0
1,4122057000,308087,경기도 평택시 신장1동,7016,52970.39,2024,0
2,4122057000,202511,경기도 평택시 신장1동,6974,51694.36,2024,0
3,4122057000,194284,경기도 평택시 신장1동,6927,52542.09,2024,0
4,4122057000,256111,경기도 평택시 신장1동,6912,51004.44,2024,0
5,4122057000,289999,경기도 평택시 신장1동,6926,51094.56,2024,0
6,4122057000,269857,경기도 평택시 신장1동,6913,49832.08,2024,0
7,4122057000,333866,경기도 평택시 신장1동,6892,51842.28,2024,0
8,4122057000,312622,경기도 평택시 신장1동,6878,52237.71,2024,0
9,4122057000,377455,경기도 평택시 신장1동,6811,52787.31,2024,0
10,4122057000,191098,경기도 평택시 신장1동,6813,51587.49,2024,0
11,4122057000,183674,경기도 평택시 신장1동,6785,47229.9,2024,0
12,4122057000,304885,경기도 평택시 신장1동,6757,45308.74,2024,0
1,4122057000,228745,경기도 평택시 신장1동,6745,48277.14,2025,0
2,4122057000,174728,경기도 평택시 신장1동,6702,45886.93,2025,0
3,4122057000,217543,경기도 평택시 신장1동,6685,43886.3,2025,0
4,4122057000,169064,경기도 평택시 신장1동,6693,42251.56,2025,0
5,4122057000,210581,경기도 평택시 신장1동,6678,48858.2,2025,0
6,4122057000,289256,경기도 평택시 신장1동,6694,41576.87,2025,0
7,4122059000,143568092,경기도 평택시 신평동,20742,261011.98,2023,2
8,4122059000,15276178,경기도 평택시 신평동,20673,252519.94,2023,2
9,4122059000,501632,경기도 평택시 신평동,20636,249770.31,2023,2
10,4122059000,614352,경기도 평택시 신평동,20615,259168.62,2023,2
11,4122059000,560763,경기도 평택시 신평동,20592,243682.33,2023,2
12,4122059000,661360,경기도 평택시 신평동,20563,253400.4,2023,2
1,4122059000,440613,경기도 평택시 신평동,20521,250280.52,2024,2
2,4122059000,377976,경기도 평택시 신평동,20509,240686.38,2024,2
3,4122059000,218344,경기도 평택시 신평동,20490,252270.81,2024,2
4,4122059000,236863,경기도 평택시 신평동,20392,249309.34,2024,2
5,4122059000,198636,경기도 평택시 신평동,20289,253380.83,2024,2
6,4122059000,258532,경기도 평택시 신평동,20219,244022.8,2024,2
7,4122059000,276850,경기도 평택시 신평동,20141,250085.48,2024,2
8,4122059000,179488,경기도 평택시 신평동,20067,251338.89,2024,2
9,4122059000,188979,경기도 평택시 신평동,20030,258113.77,2024,2
10,4122059000,378565,경기도 평택시 신평동,19979,248779.88,2024,2
11,4122059000,377728,경기도 평택시 신평동,19886,240775.47,2024,2
12,4122059000,500947,경기도 평택시 신평동,19868,242534.84,2024,2
1,4122059000,96739,경기도 평택시 신평동,19801,252240.98,2025,2
2,4122059000,49397,경기도 평택시 신평동,19751,237404.56,2025,2
3,4122059000,91551,경기도 평택시 신평동,19776,245917.44,2025,2
4,4122059000,56064,경기도 평택시 신평동,19663,239629.14,2025,2
5,4122059000,139487,경기도 평택시 신평동,19577,254966.6,2025,2
6,4122059000,134482,경기도 평택시 신평동,19532,242393.38,2025,2
7,4122060000,12914130,경기도 평택시 원평동,13357,25503.53,2023,0
8,4122060000,3118245,경기도 평택시 원평동,13304,25221.86,2023,0
9,4122060000,7781519,경기도 평택시 원평동,13328,25320.69,2023,0
10,4122060000,4894291,경기도 평택시 원평동,13313,26914.38,2023,0
11,4122060000,4913185,경기도 평택시 원평동,13305,25399.43,2023,0
12,4122060000,4519107,경기도 평택시 원평동,13296,25867.22,2023,0
1,4122060000,5306298,경기도 평택시 원평동,13293,25280.2,2024,0
2,4122060000,6411786,경기도 평택시 원평동,13284,24275.78,2024,0
3,4122060000,3478432,경기도 평택시 원평동,13220,25484.05,2024,0
4,4122060000,3284828,경기도 평택시 원평동,13240,26618.67,2024,0
5,4122060000,2067381,경기도 평택시 원평동,13226,25821.07,2024,0
6,4122060000,2785957,경기도 평택시 원평동,13244,24986.59,2024,0
7,4122060000,2687482,경기도 평택시 원평동,13199,26958.08,2024,0
8,4122060000,2302273,경기도 평택시 원평동,13153,24770.6,2024,0
9,4122060000,5232179,경기도 평택시 원평동,13107,26344.92,2024,0
10,4122060000,2442816,경기도 평택시 원평동,13032,26056.66,2024,0
11,4122060000,4372158,경기도 평택시 원평동,12995,24811.69,2024,0
12,4122060000,3223650,경기도 평택시 원평동,12967,24468.34,2024,0
1,4122060000,6223466,경기도 평택시 원평동,12965,26103.89,2025,0
2,4122060000,4327143,경기도 평택시 원평동,12945,23800.47,2025,0
3,4122060000,3123387,경기도 평택시 원평동,12895,24842.96,2025,0
4,4122060000,2339312,경기도 평택시 원평동,12787,24823.04,2025,0
5,4122060000,2096282,경기도 평택시 원평동,12735,24338.94,2025,0
6,4122060000,2705593,경기도 평택시 원평동,12727,22687.8,2025,0
7,4122062000,365798668,경기도 평택시 비전1동,51572,123518.83,2023,2
8,4122062000,57314372,경기도 평택시 비전1동,51479,117926.75,2023,2
9,4122062000,2212199,경기도 평택시 비전1동,51587,120792.37,2023,2
10,4122062000,2336822,경기도 평택시 비전1동,51593,131720.25,2023,2
11,4122062000,2582995,경기도 평택시 비전1동,51537,132605.84,2023,2
12,4122062000,3606023,경기도 평택시 비전1동,51603,134528.44,2023,2
1,4122062000,1613807,경기도 평택시 비전1동,51698,129688.4,2024,2
2,4122062000,1233815,경기도 평택시 비전1동,51708,122297.04,2024,2
3,4122062000,1160086,경기도 평택시 비전1동,51603,130636.33,2024,2
4,4122062000,1842958,경기도 평택시 비전1동,51560,129444.3,2024,2
5,4122062000,1785649,경기도 평택시 비전1동,51528,132046.34,2024,2
6,4122062000,2667214,경기도 평택시 비전1동,51445,127151.67,2024,2
7,4122062000,2193881,경기도 평택시 비전1동,51330,126574.75,2024,2
8,4122062000,1853747,경기도 평택시 비전1동,51234,123552.37,2024,2
9,4122062000,2333455,경기도 평택시 비전1동,51120,129342.54,2024,2
10,4122062000,2721723,경기도 평택시 비전1동,51031,127638.87,2024,2
11,4122062000,3065349,경기도 평택시 비전1동,50915,120618.07,2024,2
12,4122062000,3942057,경기도 평택시 비전1동,50881,124191.01,2024,2
1,4122062000,1465575,경기도 평택시 비전1동,50869,124964.86,2025,2
2,4122062000,1834314,경기도 평택시 비전1동,50802,119242.64,2025,2
3,4122062000,2157136,경기도 평택시 비전1동,50747,131791.86,2025,2
4,4122062000,1893415,경기도 평택시 비전1동,50623,126909.87,2025,2
5,4122062000,2111703,경기도 평택시 비전1동,50425,131633.0,2025,2
6,4122062000,1989572,경기도 평택시 비전1동,50320,124316.09,2025,2
7,4122063000,150234951,경기도 평택시 비전2동,57803,160239.58,2023,2
8,4122063000,26820803,경기도 평택시 비전2동,57698,157083.95,2023,2
9,4122063000,857375,경기도 평택시 비전2동,57692,155317.3,2023,2
10,4122063000,1469706,경기도 평택시 비전2동,57694,159892.06,2023,2
11,4122063000,1572748,경기도 평택시 비전2동,57673,151572.3,2023,2
12,4122063000,1561497,경기도 평택시 비전2동,57657,156404.95,2023,2
1,4122063000,840681,경기도 평택시 비전2동,57647,156181.34,2024,2
2,4122063000,616449,경기도 평택시 비전2동,57568,157737.98,2024,2
3,4122063000,784574,경기도 평택시 비전2동,57413,158659.44,2024,2
4,4122063000,708636,경기도 평택시 비전2동,57345,160678.23,2024,2
5,4122063000,749642,경기도 평택시 비전2동,57307,166232.08,2024,2
6,4122063000,821665,경기도 평택시 비전2동,57228,164103.77,2024,2
7,4122063000,1051975,경기도 평택시 비전2동,57137,158744.6,2024,2
8,4122063000,780454,경기도 평택시 비전2동,57064,160998.17,2024,2
9,4122063000,673795,경기도 평택시 비전2동,56920,165189.92,2024,2
10,4122063000,713007,경기도 평택시 비전2동,56828,160904.25,2024,2
11,4122063000,924943,경기도 평택시 비전2동,56711,162409.66,2024,2
12,4122063000,1162932,경기도 평택시 비전2동,56637,157846.64,2024,2
1,4122063000,489090,경기도 평택시 비전2동,56628,163844.61,2025,2
2,4122063000,559139,경기도 평택시 비전2동,56450,148824.38,2025,2
3,4122063000,815073,경기도 평택시 비전2동,56367,157760.34,2025,2
4,4122063000,570190,경기도 평택시 비전2동,56268,155378.36,2025,2
5,4122063000,527320,경기도 평택시 비전2동,56199,157857.27,2025,2
6,4122063000,997208,경기도 평택시 비전2동,56119,156592.89,2025,2
7,4122063500,78424629,경기도 평택시 용이동,25881,86174.25,2023,2
8,4122063500,14378265,경기도 평택시 용이동,25886,83372.01,2023,2
9,4122063500,931244,경기도 평택시 용이동,25879,86813.43,2023,2
10,4122063500,935754,경기도 평택시 용이동,25864,90886.23,2023,2
11,4122063500,830390,경기도 평택시 용이동,25852,86363.4,2023,2
12,4122063500,809204,경기도 평택시 용이동,25882,86636.46,2023,2
1,4122063500,1149478,경기도 평택시 용이동,25852,87125.76,2024,2
2,4122063500,854980,경기도 평택시 용이동,25871,84973.12,2024,2
3,4122063500,652232,경기도 평택시 용이동,25869,92005.55,2024,2
4,4122063500,956164,경기도 평택시 용이동,25872,90446.59,2024,2
5,4122063500,726956,경기도 평택시 용이동,25895,90173.63,2024,2
6,4122063500,855530,경기도 평택시 용이동,25903,82857.03,2024,2
7,4122063500,1065308,경기도 평택시 용이동,25861,83834.33,2024,2
8,4122063500,843108,경기도 평택시 용이동,25799,88338.79,2024,2
9,4122063500,744302,경기도 평택시 용이동,25782,92279.41,2024,2
10,4122063500,855752,경기도 평택시 용이동,25826,87483.04,2024,2
11,4122063500,808468,경기도 평택시 용이동,25827,84970.18,2024,2
12,4122063500,1139172,경기도 평택시 용이동,25758,84706.26,2024,2
1,4122063500,1060480,경기도 평택시 용이동,25679,87246.25,2025,2
2,4122063500,622026,경기도 평택시 용이동,25621,80022.7,2025,2
3,4122063500,418288,경기도 평택시 용이동,25624,89893.73,2025,2
4,4122063500,392004,경기도 평택시 용이동,25563,86612.51,2025,2
5,4122063500,450948,경기도 평택시 용이동,25521,87602.8,2025,2
6,4122063500,644618,경기도 평택시 용이동,25492,82402.16,2025,2
7,4122064000,50267612,경기도 평택시 세교동,36060,84096.07,2023,2
8,4122064000,7349011,경기도 평택시 세교동,37033,84373.21,2023,2
9,4122064000,2139514,경기도 평택시 세교동,37313,82734.14,2023,2
10,4122064000,2435222,경기도 평택시 세교동,37488,87054.36,2023,2
11,4122064000,2161005,경기도 평택시 세교동,37568,85063.12,2023,2
12,4122064000,3796874,경기도 평택시 세교동,37632,87206.81,2023,2
1,4122064000,910765,경기도 평택시 세교동,37720,87693.9,2024,2
2,4122064000,400563,경기도 평택시 세교동,37720,81575.45,2024,2
3,4122064000,288249,경기도 평택시 세교동,37723,85599.37,2024,2
4,4122064000,385215,경기도 평택시 세교동,37679,82768.48,2024,2
5,4122064000,914658,경기도 평택시 세교동,37678,84942.28,2024,2
6,4122064000,1476699,경기도 평택시 세교동,37701,81090.06,2024,2
7,4122064000,1306890,경기도 평택시 세교동,37684,83119.18,2024,2
8,4122064000,820634,경기도 평택시 세교동,37669,78761.37,2024,2
9,4122064000,1220647,경기도 평택시 세교동,37579,79319.51,2024,2
10,4122064000,1193246,경기도 평택시 세교동,37501,77322.41,2024,2
11,4122064000,1779419,경기도 평택시 세교동,37434,75030.38,2024,2
12,4122064000,3960826,경기도 평택시 세교동,37428,74543.99,2024,2
1,4122064000,538212,경기도 평택시 세교동,37431,75437.66,2025,2
2,4122064000,672619,경기도 평택시 세교동,37425,71807.03,2025,2
3,4122064000,372065,경기도 평택시 세교동,37407,72772.68,2025,2
4,4122064000,511209,경기도 평택시 세교동,37349,71223.64,2025,2
5,4122064000,1370722,경기도 평택시 세교동,37313,72888.27,2025,2
6,4122064000,1336439,경기도 평택시 세교동,37320,69904.39,2025,2
7,4125051000,28577242,경기도 동두천시 생연1동,6536,15244.93,2023,1
8,4125051000,43098640,경기도 동두천시 생연1동,6485,12759.13,2023,1
9,4125051000,68406470,경기도 동두천시 생연1동,6474,13096.06,2023,1
10,4125051000,59484899,경기도 동두천시 생연1동,6473,13124.76,2023,1
11,4125051000,50133775,경기도 동두천시 생연1동,6425,12920.36,2023,1
12,4125051000,53884739,경기도 동두천시 생연1동,6390,12769.81,2023,1
1,4125051000,43183859,경기도 동두천시 생연1동,6403,14209.03,2024,1
2,4125051000,50587698,경기도 동두천시 생연1동,6375,14236.17,2024,1
3,4125051000,28764151,경기도 동두천시 생연1동,6360,14481.41,2024,1
4,4125051000,43702298,경기도 동두천시 생연1동,6311,11610.63,2024,1
5,4125051000,39831262,경기도 동두천시 생연1동,6311,11224.86,2024,1
6,4125051000,46776620,경기도 동두천시 생연1동,6286,10767.3,2024,1
7,4125051000,52286319,경기도 동두천시 생연1동,6268,11368.3,2024,1
8,4125051000,41637214,경기도 동두천시 생연1동,6242,11364.81,2024,1
9,4125051000,62900007,경기도 동두천시 생연1동,6253,12424.53,2024,1
10,4125051000,44989097,경기도 동두천시 생연1동,6226,12197.78,2024,1
11,4125051000,54198281,경기도 동두천시 생연1동,6187,11705.24,2024,1
12,4125051000,64603094,경기도 동두천시 생연1동,6182,10675.84,2024,1
1,4125051000,57922309,경기도 동두천시 생연1동,6175,11275.62,2025,1
2,4125051000,48451418,경기도 동두천시 생연1동,6132,10026.44,2025,1
3,4125051000,45314825,경기도 동두천시 생연1동,6123,11233.11,2025,1
4,4125051000,41004176,경기도 동두천시 생연1동,6092,11274.3,2025,1
5,4125051000,43240138,경기도 동두천시 생연1동,6079,11465.64,2025,1
6,4125051000,47657518,경기도 동두천시 생연1동,6065,11242.89,2025,1
7,4125052000,22672912,경기도 동두천시 생연2동,11216,177027.98,2023,1
8,4125052000,2338905,경기도 동두천시 생연2동,11154,151166.3,2023,1
9,4125052000,193184,경기도 동두천시 생연2동,11163,147877.92,2023,1
10,4125052000,287050,경기도 동두천시 생연2동,11122,148828.77,2023,1
11,4125052000,278424,경기도 동두천시 생연2동,11051,147820.05,2023,1
12,4125052000,450308,경기도 동두천시 생연2동,10993,153254.83,2023,1
1,4125052000,326976,경기도 동두천시 생연2동,10970,162783.39,2024,1
2,4125052000,308268,경기도 동두천시 생연2동,10960,154711.45,2024,1
3,4125052000,277686,경기도 동두천시 생연2동,10913,168019.03,2024,1
4,4125052000,378635,경기도 동두천시 생연2동,10882,152732.7,2024,1
5,4125052000,387843,경기도 동두천시 생연2동,10850,146631.56,2024,1
6,4125052000,367696,경기도 동두천시 생연2동,10840,145367.02,2024,1
7,4125052000,345049,경기도 동두천시 생연2동,10843,151553.31,2024,1
8,4125052000,396366,경기도 동두천시 생연2동,10811,208469.95,2024,1
9,4125052000,510310,경기도 동두천시 생연2동,10801,176775.83,2024,1
10,4125052000,253360,경기도 동두천시 생연2동,10787,160563.31,2024,1
11,4125052000,336592,경기도 동두천시 생연2동,10794,155041.61,2024,1
12,4125052000,406531,경기도 동두천시 생연2동,10781,156809.22,2024,1
1,4125052000,163713,경기도 동두천시 생연2동,10777,176115.8,2025,1
2,4125052000,177728,경기도 동두천시 생연2동,10733,149434.73,2025,1
3,4125052000,204120,경기도 동두천시 생연2동,10667,155636.66,2025,1
4,4125052000,165651,경기도 동두천시 생연2동,10626,151690.95,2025,1
5,4125052000,225370,경기도 동두천시 생연2동,10590,160357.8,2025,1
6,4125052000,217000,경기도 동두천시 생연2동,10578,153878.16,2025,1
7,4125053500,15795820,경기도 동두천시 중앙동,4607,486670.25,2023,1
8,4125053500,1581896,경기도 동두천시 중앙동,4579,479210.88,2023,1
9,4125053500,555449,경기도 동두천시 중앙동,4575,456682.28,2023,1
10,4125053500,206784,경기도 동두천시 중앙동,4543,455710.38,2023,1
11,4125053500,429730,경기도 동두천시 중앙동,4520,449944.22,2023,1
12,4125053500,379550,경기도 동두천시 중앙동,4523,463327.28,2023,1
1,4125053500,267745,경기도 동두천시 중앙동,4521,512008.3,2024,1
2,4125053500,352603,경기도 동두천시 중앙동,4514,491269.94,2024,1
3,4125053500,169442,경기도 동두천시 중앙동,4517,576764.9,2024,1
4,4125053500,269823,경기도 동두천시 중앙동,4521,545983.44,2024,1
5,4125053500,181167,경기도 동두천시 중앙동,4501,535749.44,2024,1
6,4125053500,187558,경기도 동두천시 중앙동,4533,510524.0,2024,1
7,4125053500,265802,경기도 동두천시 중앙동,4528,463354.66,2024,1
8,4125053500,208054,경기도 동두천시 중앙동,4503,458878.8,2024,1
9,4125053500,383844,경기도 동두천시 중앙동,4476,522336.75,2024,1
10,4125053500,189684,경기도 동두천시 중앙동,4458,494503.72,2024,1
11,4125053500,265114,경기도 동두천시 중앙동,4432,477781.2,2024,1
12,4125053500,346193,경기도 동두천시 중앙동,4418,457022.1,2024,1
1,4125053500,389168,경기도 동두천시 중앙동,4406,468369.25,2025,1
2,4125053500,255948,경기도 동두천시 중앙동,4388,446163.53,2025,1
3,4125053500,237434,경기도 동두천시 중앙동,4378,495219.78,2025,1
4,4125053500,274719,경기도 동두천시 중앙동,4363,489161.75,2025,1
5,4125053500,271712,경기도 동두천시 중앙동,4360,511125.0,2025,1
6,4125053500,280612,경기도 동두천시 중앙동,4341,477689.66,2025,1
7,4125056500,33564130,경기도 동두천시 불현동,25762,63925.72,2023,1
8,4125056500,5258627,경기도 동두천시 불현동,25766,56868.26,2023,1
9,4125056500,1211164,경기도 동두천시 불현동,25674,53942.3,2023,1
10,4125056500,1366841,경기도 동두천시 불현동,25609,55212.47,2023,1
11,4125056500,1352686,경기도 동두천시 불현동,25475,51700.63,2023,1
12,4125056500,1800951,경기도 동두천시 불현동,25385,52085.18,2023,1
1,4125056500,1151833,경기도 동두천시 불현동,25303,55952.0,2024,1
2,4125056500,1224511,경기도 동두천시 불현동,25176,50589.93,2024,1
3,4125056500,857560,경기도 동두천시 불현동,25036,54823.25,2024,1
4,4125056500,1230091,경기도 동두천시 불현동,25028,50498.9,2024,1
5,4125056500,1213841,경기도 동두천시 불현동,24963,52438.88,2024,1
6,4125056500,1963783,경기도 동두천시 불현동,24942,51876.57,2024,1
7,4125056500,1194187,경기도 동두천시 불현동,24889,51861.57,2024,1
8,4125056500,778924,경기도 동두천시 불현동,24850,59764.02,2024,1
9,4125056500,1086094,경기도 동두천시 불현동,24826,58242.29,2024,1
10,4125056500,1020928,경기도 동두천시 불현동,24745,54775.13,2024,1
11,4125056500,947091,경기도 동두천시 불현동,24771,52121.14,2024,1
12,4125056500,1604254,경기도 동두천시 불현동,24818,51565.96,2024,1
1,4125056500,764652,경기도 동두천시 불현동,24904,55447.71,2025,1
2,4125056500,699516,경기도 동두천시 불현동,24987,49565.05,2025,1
3,4125056500,724522,경기도 동두천시 불현동,24993,56248.15,2025,1
4,4125056500,570882,경기도 동두천시 불현동,24928,52454.18,2025,1
5,4125056500,865670,경기도 동두천시 불현동,25032,56242.72,2025,1
6,4125056500,865982,경기도 동두천시 불현동,25091,54204.3,2025,1
7,4125056600,165526312,경기도 동두천시 송내동,24739,100988.77,2023,1
8,4125056600,22394851,경기도 동두천시 송내동,24744,96060.38,2023,1
9,4125056600,890850,경기도 동두천시 송내동,24737,97815.67,2023,1
10,4125056600,1351802,경기도 동두천시 송내동,24712,97195.28,2023,1
11,4125056600,976830,경기도 동두천시 송내동,25015,95216.29,2023,1
12,4125056600,1760894,경기도 동두천시 송내동,25103,99875.9,2023,1
1,4125056600,587832,경기도 동두천시 송내동,25156,100227.69,2024,1
2,4125056600,565900,경기도 동두천시 송내동,25100,91431.45,2024,1
3,4125056600,415556,경기도 동두천시 송내동,25001,107061.28,2024,1
4,4125056600,607116,경기도 동두천시 송내동,24969,101064.58,2024,1
5,4125056600,638734,경기도 동두천시 송내동,24934,98589.82,2024,1
6,4125056600,1117418,경기도 동두천시 송내동,24926,95066.04,2024,1
7,4125056600,914704,경기도 동두천시 송내동,24870,97238.98,2024,1
8,4125056600,875988,경기도 동두천시 송내동,24857,101441.21,2024,1
9,4125056600,1029920,경기도 동두천시 송내동,24869,103924.09,2024,1
10,4125056600,971226,경기도 동두천시 송내동,24871,98584.85,2024,1
11,4125056600,1220794,경기도 동두천시 송내동,24876,96761.89,2024,1
12,4125056600,1865892,경기도 동두천시 송내동,24873,98519.41,2024,1
1,4125056600,549556,경기도 동두천시 송내동,24847,101657.37,2025,1
2,4125056600,598962,경기도 동두천시 송내동,24800,90790.9,2025,1
3,4125056600,603490,경기도 동두천시 송내동,24856,97278.13,2025,1
4,4125056600,538188,경기도 동두천시 송내동,25131,95835.67,2025,1
5,4125056600,1033031,경기도 동두천시 송내동,25290,99866.0,2025,1
6,4125056600,1083172,경기도 동두천시 송내동,25374,95879.41,2025,1
7,4125058000,5823024,경기도 동두천시 소요동,8655,12325.56,2023,1
8,4125058000,767829,경기도 동두천시 소요동,8633,11798.8,2023,1
9,4125058000,590380,경기도 동두천시 소요동,8635,12023.38,2023,1
10,4125058000,506921,경기도 동두천시 소요동,8610,12836.68,2023,1
11,4125058000,488371,경기도 동두천시 소요동,8569,11483.86,2023,1
12,4125058000,581204,경기도 동두천시 소요동,8539,10577.38,2023,1
1,4125058000,396619,경기도 동두천시 소요동,8539,10276.06,2024,1
2,4125058000,327738,경기도 동두천시 소요동,8508,9864.27,2024,1
3,4125058000,209667,경기도 동두천시 소요동,8500,12726.85,2024,1
4,4125058000,440305,경기도 동두천시 소요동,8506,12138.93,2024,1
5,4125058000,423514,경기도 동두천시 소요동,8503,11804.87,2024,1
6,4125058000,527427,경기도 동두천시 소요동,8477,11265.79,2024,1
7,4125058000,464337,경기도 동두천시 소요동,8464,10591.82,2024,1
8,4125058000,590841,경기도 동두천시 소요동,8459,11260.98,2024,1
9,4125058000,644525,경기도 동두천시 소요동,8430,12461.99,2024,1
10,4125058000,573798,경기도 동두천시 소요동,8415,12114.96,2024,1
11,4125058000,631019,경기도 동두천시 소요동,8407,11609.44,2024,1
12,4125058000,914116,경기도 동두천시 소요동,8379,9856.91,2024,1
1,4125058000,672239,경기도 동두천시 소요동,8353,10029.02,2025,1
2,4125058000,682088,경기도 동두천시 소요동,8322,9488.85,2025,1
3,4125058000,588783,경기도 동두천시 소요동,8317,11552.51,2025,1
4,4125058000,387962,경기도 동두천시 소요동,8272,11386.49,2025,1
5,4125058000,424737,경기도 동두천시 소요동,8286,11680.01,2025,1
6,4125058000,510841,경기도 동두천시 소요동,8290,11055.57,2025,1
7,4127151000,33973489,경기도 안산시 상록구 일동,23880,363323.6,2023,0
8,4127151000,4685882,경기도 안산시 상록구 일동,23779,366716.28,2023,0
9,4127151000,508136,경기도 안산시 상록구 일동,23712,390919.28,2023,0
10,4127151000,541664,경기도 안산시 상록구 일동,23646,392681.84,2023,0
11,4127151000,487090,경기도 안산시 상록구 일동,23538,390839.34,2023,0
12,4127151000,736042,경기도 안산시 상록구 일동,23444,368014.4,2023,0
1,4127151000,500516,경기도 안산시 상록구 일동,23356,352200.38,2024,0
2,4127151000,375186,경기도 안산시 상록구 일동,23262,310931.66,2024,0
3,4127151000,319884,경기도 안산시 상록구 일동,23215,385652.2,2024,0
4,4127151000,376318,경기도 안산시 상록구 일동,23147,382641.7,2024,0
5,4127151000,330408,경기도 안산시 상록구 일동,23116,394090.4,2024,0
6,4127151000,496954,경기도 안산시 상록구 일동,23102,361902.6,2024,0
7,4127151000,716010,경기도 안산시 상록구 일동,23068,349924.97,2024,0
8,4127151000,484286,경기도 안산시 상록구 일동,23053,346873.94,2024,0
9,4127151000,538234,경기도 안산시 상록구 일동,23003,398072.2,2024,0
10,4127151000,511318,경기도 안산시 상록구 일동,22859,382603.2,2024,0
11,4127151000,392934,경기도 안산시 상록구 일동,22830,372745.12,2024,0
12,4127151000,932036,경기도 안산시 상록구 일동,22752,351205.84,2024,0
1,4127151000,410202,경기도 안산시 상록구 일동,22648,355128.7,2025,0
2,4127151000,516890,경기도 안산시 상록구 일동,22599,321563.7,2025,0
3,4127151000,521198,경기도 안산시 상록구 일동,22597,391421.03,2025,0
4,4127151000,449038,경기도 안산시 상록구 일동,22544,378577.75,2025,0
5,4127151000,696086,경기도 안산시 상록구 일동,22522,382907.4,2025,0
6,4127151000,802892,경기도 안산시 상록구 일동,22492,364067.53,2025,0
7,4127151500,119927136,경기도 안산시 상록구 이동,23156,918327.4,2023,0
8,4127151500,13226050,경기도 안산시 상록구 이동,23156,896416.7,2023,0
9,4127151500,678220,경기도 안산시 상록구 이동,23080,888349.75,2023,0
10,4127151500,1151346,경기도 안산시 상록구 이동,23030,893711.75,2023,0
11,4127151500,1322999,경기도 안산시 상록구 이동,22882,849819.56,2023,0
12,4127151500,1335484,경기도 안산시 상록구 이동,22805,868708.6,2023,0
1,4127151500,953410,경기도 안산시 상록구 이동,22794,875153.25,2024,0
2,4127151500,904934,경기도 안산시 상록구 이동,22778,774558.06,2024,0
3,4127151500,802431,경기도 안산시 상록구 이동,22724,858861.0,2024,0
4,4127151500,1297812,경기도 안산시 상록구 이동,22692,869278.94,2024,0
5,4127151500,928317,경기도 안산시 상록구 이동,22641,865846.56,2024,0
6,4127151500,763845,경기도 안산시 상록구 이동,22622,832180.3,2024,0
7,4127151500,941195,경기도 안산시 상록구 이동,22582,855666.1,2024,0
8,4127151500,805824,경기도 안산시 상록구 이동,22546,829455.75,2024,0
9,4127151500,838803,경기도 안산시 상록구 이동,22466,916203.06,2024,0
10,4127151500,778227,경기도 안산시 상록구 이동,22424,848255.3,2024,0
11,4127151500,1327821,경기도 안산시 상록구 이동,22432,821139.25,2024,0
12,4127151500,1583172,경기도 안산시 상록구 이동,22498,838061.56,2024,0
1,4127151500,816009,경기도 안산시 상록구 이동,22462,892866.7,2025,0
2,4127151500,1181552,경기도 안산시 상록구 이동,22416,819531.7,2025,0
3,4127151500,1305960,경기도 안산시 상록구 이동,22364,876383.06,2025,0
4,4127151500,1481199,경기도 안산시 상록구 이동,22374,819589.75,2025,0
5,4127151500,1465382,경기도 안산시 상록구 이동,22392,856779.6,2025,0
6,4127151500,1261351,경기도 안산시 상록구 이동,22361,778951.6,2025,0
7,4127152500,76447301,경기도 안산시 상록구 사동,30874,525525.06,2023,0
8,4127152500,9592865,경기도 안산시 상록구 사동,30788,507011.38,2023,0
9,4127152500,2290927,경기도 안산시 상록구 사동,30593,508285.5,2023,0
10,4127152500,2407428,경기도 안산시 상록구 사동,30439,514849.12,2023,0
11,4127152500,2269396,경기도 안산시 상록구 사동,30207,496147.84,2023,0
12,4127152500,2334212,경기도 안산시 상록구 사동,30099,499371.7,2023,0
1,4127152500,2519887,경기도 안산시 상록구 사동,29992,494666.06,2024,0
2,4127152500,2388451,경기도 안산시 상록구 사동,29898,450302.66,2024,0
3,4127152500,1482826,경기도 안산시 상록구 사동,29840,515519.06,2024,0
4,4127152500,2192509,경기도 안산시 상록구 사동,29756,513846.47,2024,0
5,4127152500,1826714,경기도 안산시 상록구 사동,29716,510568.06,2024,0
6,4127152500,1973036,경기도 안산시 상록구 사동,29614,494623.4,2024,0
7,4127152500,2186615,경기도 안산시 상록구 사동,29561,497842.78,2024,0
8,4127152500,1753975,경기도 안산시 상록구 사동,29530,480217.9,2024,0
9,4127152500,2205727,경기도 안산시 상록구 사동,29484,562207.94,2024,0
10,4127152500,1686900,경기도 안산시 상록구 사동,29444,489679.2,2024,0
11,4127152500,2018414,경기도 안산시 상록구 사동,29342,473343.03,2024,0
12,4127152500,2139133,경기도 안산시 상록구 사동,29292,468072.44,2024,0
1,4127152500,1876561,경기도 안산시 상록구 사동,29250,574668.25,2025,0
2,4127152500,2111948,경기도 안산시 상록구 사동,29225,481225.47,2025,0
3,4127152500,1976039,경기도 안산시 상록구 사동,29176,551885.25,2025,0
4,4127152500,1759816,경기도 안산시 상록구 사동,29120,428205.72,2025,0
5,4127152500,2058496,경기도 안산시 상록구 사동,29053,435932.3,2025,0
6,4127152500,2337332,경기도 안산시 상록구 사동,29060,433433.94,2025,0
7,4127153200,100913618,경기도 안산시 상록구 사이동,31306,278176.0,2023,0
8,4127153200,16076668,경기도 안산시 상록구 사이동,31308,266049.94,2023,0
9,4127153200,1999136,경기도 안산시 상록구 사이동,31265,275319.94,2023,0
10,4127153200,1852405,경기도 안산시 상록구 사이동,31249,283605.1,2023,0
11,4127153200,1684700,경기도 안산시 상록구 사이동,31202,269737.53,2023,0
12,4127153200,3003475,경기도 안산시 상록구 사이동,31111,268556.38,2023,0
1,4127153200,2125841,경기도 안산시 상록구 사이동,31008,267108.72,2024,0
2,4127153200,1857845,경기도 안산시 상록구 사이동,30888,231565.94,2024,0
3,4127153200,1207341,경기도 안산시 상록구 사이동,30851,251111.98,2024,0
4,4127153200,1946513,경기도 안산시 상록구 사이동,30758,255635.3,2024,0
5,4127153200,1590018,경기도 안산시 상록구 사이동,30676,261112.38,2024,0
6,4127153200,1813273,경기도 안산시 상록구 사이동,30637,253270.2,2024,0
7,4127153200,2113122,경기도 안산시 상록구 사이동,30578,260102.5,2024,0
8,4127153200,2041915,경기도 안산시 상록구 사이동,30527,254141.69,2024,0
9,4127153200,3330931,경기도 안산시 상록구 사이동,30449,266475.9,2024,0
10,4127153200,2295570,경기도 안산시 상록구 사이동,30435,257451.23,2024,0
11,4127153200,3105200,경기도 안산시 상록구 사이동,30383,250851.81,2024,0
12,4127153200,5350589,경기도 안산시 상록구 사이동,30362,248378.98,2024,0
1,4127153200,2659823,경기도 안산시 상록구 사이동,30305,259816.95,2025,0
2,4127153200,2484379,경기도 안산시 상록구 사이동,30176,235564.42,2025,0
3,4127153200,2476487,경기도 안산시 상록구 사이동,30076,247487.83,2025,0
4,4127153200,2317366,경기도 안산시 상록구 사이동,30033,248741.94,2025,0
5,4127153200,2701322,경기도 안산시 상록구 사이동,30032,251972.27,2025,0
6,4127153200,3630706,경기도 안산시 상록구 사이동,30036,247844.55,2025,0
7,4127153700,42245017,경기도 안산시 상록구 해양동,40735,82540.51,2023,2
8,4127153700,7944112,경기도 안산시 상록구 해양동,40683,81063.37,2023,2
9,4127153700,722132,경기도 안산시 상록구 해양동,40651,89261.24,2023,2
10,4127153700,1007622,경기도 안산시 상록구 해양동,40575,88943.2,2023,2
11,4127153700,1145412,경기도 안산시 상록구 해양동,40544,87208.49,2023,2
12,4127153700,1718704,경기도 안산시 상록구 해양동,40391,86182.46,2023,2
1,4127153700,582844,경기도 안산시 상록구 해양동,40191,76286.48,2024,2
2,4127153700,603350,경기도 안산시 상록구 해양동,39954,68435.92,2024,2
3,4127153700,513260,경기도 안산시 상록구 해양동,39939,87078.62,2024,2
4,4127153700,851068,경기도 안산시 상록구 해양동,39896,86783.44,2024,2
5,4127153700,655740,경기도 안산시 상록구 해양동,39884,86049.9,2024,2
6,4127153700,1175224,경기도 안산시 상록구 해양동,39851,80188.51,2024,2
7,4127153700,1004380,경기도 안산시 상록구 해양동,39829,76842.35,2024,2
8,4127153700,903778,경기도 안산시 상록구 해양동,39819,73947.46,2024,2
9,4127153700,1101556,경기도 안산시 상록구 해양동,39813,90896.05,2024,2
10,4127153700,882802,경기도 안산시 상록구 해양동,39814,85491.84,2024,2
11,4127153700,1105802,경기도 안산시 상록구 해양동,39811,89223.19,2024,2
12,4127153700,3682886,경기도 안산시 상록구 해양동,39748,82370.8,2024,2
1,4127153700,512334,경기도 안산시 상록구 해양동,39638,77404.85,2025,2
2,4127153700,604962,경기도 안산시 상록구 해양동,39600,73167.89,2025,2
3,4127153700,634871,경기도 안산시 상록구 해양동,39579,92279.92,2025,2
4,4127153700,847215,경기도 안산시 상록구 해양동,39466,85551.02,2025,2
5,4127153700,1100043,경기도 안산시 상록구 해양동,39465,85922.19,2025,2
6,4127153700,1256235,경기도 안산시 상록구 해양동,39411,83550.15,2025,2
7,4127154000,72655380,경기도 안산시 상록구 본오1동,36038,93867.84,2023,0
8,4127154000,9722929,경기도 안산시 상록구 본오1동,35902,89545.21,2023,0
9,4127154000,1498260,경기도 안산시 상록구 본오1동,35876,90608.84,2023,0
10,4127154000,1926477,경기도 안산시 상록구 본오1동,35810,91077.01,2023,0
11,4127154000,1848413,경기도 안산시 상록구 본오1동,35716,87897.58,2023,0
12,4127154000,2569484,경기도 안산시 상록구 본오1동,35589,87250.41,2023,0
1,4127154000,1516514,경기도 안산시 상록구 본오1동,35545,88891.5,2024,0
2,4127154000,1493050,경기도 안산시 상록구 본오1동,35436,78311.61,2024,0
3,4127154000,1138361,경기도 안산시 상록구 본오1동,35286,88661.1,2024,0
4,4127154000,1526561,경기도 안산시 상록구 본오1동,35234,90674.94,2024,0
5,4127154000,1049381,경기도 안산시 상록구 본오1동,35172,88954.02,2024,0
6,4127154000,1601242,경기도 안산시 상록구 본오1동,35114,85946.95,2024,0
7,4127154000,1801939,경기도 안산시 상록구 본오1동,35101,88382.47,2024,0
8,4127154000,1667253,경기도 안산시 상록구 본오1동,35038,85489.48,2024,0
9,4127154000,1881150,경기도 안산시 상록구 본오1동,35011,91274.63,2024,0
10,4127154000,1756793,경기도 안산시 상록구 본오1동,34873,87885.73,2024,0
11,4127154000,1879225,경기도 안산시 상록구 본오1동,34811,85277.03,2024,0
12,4127154000,3344400,경기도 안산시 상록구 본오1동,34738,86472.48,2024,0
1,4127154000,1443483,경기도 안산시 상록구 본오1동,34670,88922.33,2025,0
2,4127154000,2117390,경기도 안산시 상록구 본오1동,34508,81837.13,2025,0
3,4127154000,1905447,경기도 안산시 상록구 본오1동,34438,95798.23,2025,0
4,4127154000,1687906,경기도 안산시 상록구 본오1동,34400,88896.0,2025,0
5,4127154000,1988675,경기도 안산시 상록구 본오1동,34363,90774.37,2025,0
6,4127154000,2090195,경기도 안산시 상록구 본오1동,34298,83824.51,2025,0
7,4127155000,55885742,경기도 안산시 상록구 본오2동,25320,346267.84,2023,0
8,4127155000,6828983,경기도 안산시 상록구 본오2동,25256,342581.34,2023,0
9,4127155000,257328,경기도 안산시 상록구 본오2동,25143,346152.56,2023,0
10,4127155000,360716,경기도 안산시 상록구 본오2동,25103,347781.25,2023,0
11,4127155000,334722,경기도 안산시 상록구 본오2동,25005,335962.9,2023,0
12,4127155000,483994,경기도 안산시 상록구 본오2동,24928,339031.62,2023,0
1,4127155000,241786,경기도 안산시 상록구 본오2동,24885,337548.16,2024,0
2,4127155000,216258,경기도 안산시 상록구 본오2동,24839,294993.88,2024,0
3,4127155000,176292,경기도 안산시 상록구 본오2동,24766,334653.16,2024,0
4,4127155000,287476,경기도 안산시 상록구 본오2동,24761,338937.0,2024,0
5,4127155000,199770,경기도 안산시 상록구 본오2동,24732,347912.78,2024,0
6,4127155000,431922,경기도 안산시 상록구 본오2동,24675,339426.7,2024,0
7,4127155000,339730,경기도 안산시 상록구 본오2동,24646,345701.9,2024,0
8,4127155000,339534,경기도 안산시 상록구 본오2동,24601,337838.3,2024,0
9,4127155000,373678,경기도 안산시 상록구 본오2동,24532,376323.88,2024,0
10,4127155000,621764,경기도 안산시 상록구 본오2동,24445,347036.7,2024,0
11,4127155000,807832,경기도 안산시 상록구 본오2동,24428,332225.16,2024,0
12,4127155000,1655134,경기도 안산시 상록구 본오2동,24335,330095.62,2024,0
1,4127155000,266176,경기도 안산시 상록구 본오2동,24319,335380.25,2025,0
2,4127155000,300936,경기도 안산시 상록구 본오2동,24242,298904.78,2025,0
3,4127155000,340622,경기도 안산시 상록구 본오2동,24147,344101.8,2025,0
4,4127155000,304336,경기도 안산시 상록구 본오2동,24104,383478.66,2025,0
5,4127155000,683886,경기도 안산시 상록구 본오2동,24005,349050.56,2025,0
6,4127155000,834266,경기도 안산시 상록구 본오2동,23957,327918.34,2025,0
7,4127156000,79814006,경기도 안산시 상록구 본오3동,18795,1422013.5,2023,0
8,4127156000,10104337,경기도 안산시 상록구 본오3동,18772,1374303.1,2023,0
9,4127156000,588752,경기도 안산시 상록구 본오3동,18769,1422348.0,2023,0
10,4127156000,836692,경기도 안산시 상록구 본오3동,18764,1402531.0,2023,0
11,4127156000,686437,경기도 안산시 상록구 본오3동,18676,1335786.0,2023,0
12,4127156000,931102,경기도 안산시 상록구 본오3동,18627,1368018.4,2023,0
1,4127156000,785086,경기도 안산시 상록구 본오3동,18555,1387839.0,2024,0
2,4127156000,692858,경기도 안산시 상록구 본오3동,18475,1246153.4,2024,0
3,4127156000,455210,경기도 안산시 상록구 본오3동,18474,1392162.5,2024,0
4,4127156000,857000,경기도 안산시 상록구 본오3동,18441,1397595.8,2024,0
5,4127156000,682130,경기도 안산시 상록구 본오3동,18433,1416405.2,2024,0
6,4127156000,723532,경기도 안산시 상록구 본오3동,18389,1351040.2,2024,0
7,4127156000,685204,경기도 안산시 상록구 본오3동,18370,1370651.1,2024,0
8,4127156000,567206,경기도 안산시 상록구 본오3동,18299,1352506.4,2024,0
9,4127156000,810456,경기도 안산시 상록구 본오3동,18296,1463392.5,2024,0
10,4127156000,605210,경기도 안산시 상록구 본오3동,18232,1369496.1,2024,0
11,4127156000,887434,경기도 안산시 상록구 본오3동,18183,1348684.8,2024,0
12,4127156000,1136022,경기도 안산시 상록구 본오3동,18120,1356954.4,2024,0
1,4127156000,594714,경기도 안산시 상록구 본오3동,18067,1361736.0,2025,0
2,4127156000,689100,경기도 안산시 상록구 본오3동,18014,1255681.6,2025,0
3,4127156000,623122,경기도 안산시 상록구 본오3동,17986,1349468.9,2025,0
4,4127156000,679610,경기도 안산시 상록구 본오3동,17953,1363526.1,2025,0
5,4127156000,802402,경기도 안산시 상록구 본오3동,17951,1400863.5,2025,0
6,4127156000,1089586,경기도 안산시 상록구 본오3동,17939,1346122.9,2025,0
7,4127157000,22606724,경기도 안산시 상록구 부곡동,20955,201759.42,2023,0
8,4127157000,2988144,경기도 안산시 상록구 부곡동,20928,188102.05,2023,0
9,4127157000,615764,경기도 안산시 상록구 부곡동,20931,188757.94,2023,0
10,4127157000,630421,경기도 안산시 상록구 부곡동,20897,186976.73,2023,0
11,4127157000,711755,경기도 안산시 상록구 부곡동,20844,173098.08,2023,0
12,4127157000,519740,경기도 안산시 상록구 부곡동,20808,169692.36,2023,0
1,4127157000,403681,경기도 안산시 상록구 부곡동,20740,170749.05,2024,0
2,4127157000,530573,경기도 안산시 상록구 부곡동,20648,147540.62,2024,0
3,4127157000,243566,경기도 안산시 상록구 부곡동,20659,173509.05,2024,0
4,4127157000,445743,경기도 안산시 상록구 부곡동,20662,177727.66,2024,0
5,4127157000,342067,경기도 안산시 상록구 부곡동,20630,181858.72,2024,0
6,4127157000,512798,경기도 안산시 상록구 부곡동,20536,174940.88,2024,0
7,4127157000,441498,경기도 안산시 상록구 부곡동,20473,174047.38,2024,0
8,4127157000,458544,경기도 안산시 상록구 부곡동,20454,169154.81,2024,0
9,4127157000,557704,경기도 안산시 상록구 부곡동,20382,185332.6,2024,0
10,4127157000,449889,경기도 안산시 상록구 부곡동,20306,175301.3,2024,0
11,4127157000,549583,경기도 안산시 상록구 부곡동,20273,166066.67,2024,0
12,4127157000,647117,경기도 안산시 상록구 부곡동,20217,163368.4,2024,0
1,4127157000,540617,경기도 안산시 상록구 부곡동,20122,167488.73,2025,0
2,4127157000,522230,경기도 안산시 상록구 부곡동,20078,150216.16,2025,0
3,4127157000,572938,경기도 안산시 상록구 부곡동,20043,171361.06,2025,0
4,4127157000,521469,경기도 안산시 상록구 부곡동,20023,170862.98,2025,0
5,4127157000,583787,경기도 안산시 상록구 부곡동,19957,175601.5,2025,0
6,4127157000,724913,경기도 안산시 상록구 부곡동,19946,168743.52,2025,0
7,4127158000,134164597,경기도 안산시 상록구 월피동,36966,451268.75,2023,0
8,4127158000,15736624,경기도 안산시 상록구 월피동,36885,443008.22,2023,0
9,4127158000,2153979,경기도 안산시 상록구 월피동,36834,452640.47,2023,0
10,4127158000,1839410,경기도 안산시 상록구 월피동,36701,452918.3,2023,0
11,4127158000,1541659,경기도 안산시 상록구 월피동,36607,433427.25,2023,0
12,4127158000,2859901,경기도 안산시 상록구 월피동,36464,433768.94,2023,0
1,4127158000,1895841,경기도 안산시 상록구 월피동,36362,430235.25,2024,0
2,4127158000,1917027,경기도 안산시 상록구 월피동,36217,377918.12,2024,0
3,4127158000,1244296,경기도 안산시 상록구 월피동,36137,438887.7,2024,0
4,4127158000,2022020,경기도 안산시 상록구 월피동,36037,444248.3,2024,0
5,4127158000,1973400,경기도 안산시 상록구 월피동,35956,461403.25,2024,0
6,4127158000,2066953,경기도 안산시 상록구 월피동,35855,439603.5,2024,0
7,4127158000,1964865,경기도 안산시 상록구 월피동,35788,449736.0,2024,0
8,4127158000,1789095,경기도 안산시 상록구 월피동,35677,434316.03,2024,0
9,4127158000,2711749,경기도 안산시 상록구 월피동,35681,469699.12,2024,0
10,4127158000,1639389,경기도 안산시 상록구 월피동,35692,452956.0,2024,0
11,4127158000,1989690,경기도 안산시 상록구 월피동,35655,437388.22,2024,0
12,4127158000,3334382,경기도 안산시 상록구 월피동,35574,426448.03,2024,0
1,4127158000,1641985,경기도 안산시 상록구 월피동,35479,439376.2,2025,0
2,4127158000,1557660,경기도 안산시 상록구 월피동,35416,398759.2,2025,0
3,4127158000,1743557,경기도 안산시 상록구 월피동,35318,462389.2,2025,0
4,4127158000,1674336,경기도 안산시 상록구 월피동,35245,444966.6,2025,0
5,4127158000,1883879,경기도 안산시 상록구 월피동,35232,443296.4,2025,0
6,4127158000,2288408,경기도 안산시 상록구 월피동,35216,439002.0,2025,0
7,4127159000,85998691,경기도 안산시 상록구 성포동,25270,448195.16,2023,0
8,4127159000,13536752,경기도 안산시 상록구 성포동,25229,440695.5,2023,0
9,4127159000,662459,경기도 안산시 상록구 성포동,25196,429529.44,2023,0
10,4127159000,705074,경기도 안산시 상록구 성포동,25200,437956.97,2023,0
11,4127159000,615406,경기도 안산시 상록구 성포동,25144,415588.3,2023,0
12,4127159000,816329,경기도 안산시 상록구 성포동,25096,432975.1,2023,0
1,4127159000,726572,경기도 안산시 상록구 성포동,25013,441509.1,2024,0
2,4127159000,745047,경기도 안산시 상록구 성포동,24950,412685.84,2024,0
3,4127159000,631788,경기도 안산시 상록구 성포동,24910,442795.7,2024,0
4,4127159000,737101,경기도 안산시 상록구 성포동,24881,457489.62,2024,0
5,4127159000,586252,경기도 안산시 상록구 성포동,24902,471553.53,2024,0
6,4127159000,691547,경기도 안산시 상록구 성포동,24839,450476.06,2024,0
7,4127159000,830595,경기도 안산시 상록구 성포동,24791,477238.88,2024,0
8,4127159000,851335,경기도 안산시 상록구 성포동,24743,467020.0,2024,0
9,4127159000,945132,경기도 안산시 상록구 성포동,24718,476738.03,2024,0
10,4127159000,867065,경기도 안산시 상록구 성포동,24687,446205.28,2024,0
11,4127159000,923916,경기도 안산시 상록구 성포동,24629,430285.97,2024,0
12,4127159000,1211317,경기도 안산시 상록구 성포동,24626,436425.2,2024,0
1,4127159000,735844,경기도 안산시 상록구 성포동,24527,465072.06,2025,0
2,4127159000,646770,경기도 안산시 상록구 성포동,24423,422768.12,2025,0
3,4127159000,1045214,경기도 안산시 상록구 성포동,24384,446978.03,2025,0
4,4127159000,664256,경기도 안산시 상록구 성포동,24410,438133.0,2025,0
5,4127159000,773417,경기도 안산시 상록구 성포동,24422,429901.22,2025,0
6,4127159000,999149,경기도 안산시 상록구 성포동,24413,409844.12,2025,0
7,4127160000,37588511,경기도 안산시 상록구 반월동,16987,86943.69,2023,0
8,4127160000,5574078,경기도 안산시 상록구 반월동,16976,85973.64,2023,0
9,4127160000,451615,경기도 안산시 상록구 반월동,16968,87246.22,2023,0
10,4127160000,467462,경기도 안산시 상록구 반월동,16922,86859.21,2023,0
11,4127160000,441888,경기도 안산시 상록구 반월동,16880,83209.07,2023,0
12,4127160000,464845,경기도 안산시 상록구 반월동,16831,81963.78,2023,0
1,4127160000,376154,경기도 안산시 상록구 반월동,16787,80879.03,2024,0
2,4127160000,319247,경기도 안산시 상록구 반월동,16740,73592.15,2024,0
3,4127160000,283400,경기도 안산시 상록구 반월동,16706,81927.52,2024,0
4,4127160000,549293,경기도 안산시 상록구 반월동,16647,83025.04,2024,0
5,4127160000,349229,경기도 안산시 상록구 반월동,16635,85487.08,2024,0
6,4127160000,476307,경기도 안산시 상록구 반월동,16601,82084.62,2024,0
7,4127160000,503072,경기도 안산시 상록구 반월동,16582,87492.87,2024,0
8,4127160000,256173,경기도 안산시 상록구 반월동,16592,79261.15,2024,0
9,4127160000,621545,경기도 안산시 상록구 반월동,16574,87097.71,2024,0
10,4127160000,444383,경기도 안산시 상록구 반월동,16521,84433.39,2024,0
11,4127160000,233340,경기도 안산시 상록구 반월동,16523,81902.17,2024,0
12,4127160000,589411,경기도 안산시 상록구 반월동,16559,81438.62,2024,0
1,4127160000,627370,경기도 안산시 상록구 반월동,16529,83534.2,2025,0
2,4127160000,752943,경기도 안산시 상록구 반월동,16519,76116.85,2025,0
3,4127160000,912650,경기도 안산시 상록구 반월동,16808,90242.96,2025,0
4,4127160000,677240,경기도 안산시 상록구 반월동,17225,89050.54,2025,0
5,4127160000,1099674,경기도 안산시 상록구 반월동,17464,88847.32,2025,0
6,4127160000,767991,경기도 안산시 상록구 반월동,17556,86120.98,2025,0
7,4127161000,10005650,경기도 안산시 상록구 안산동,8738,74044.55,2023,0
8,4127161000,1308845,경기도 안산시 상록구 안산동,8717,74045.32,2023,0
9,4127161000,142712,경기도 안산시 상록구 안산동,8690,79527.0,2023,0
10,4127161000,131940,경기도 안산시 상록구 안산동,8699,79854.85,2023,0
11,4127161000,153626,경기도 안산시 상록구 안산동,8679,76812.2,2023,0
12,4127161000,269190,경기도 안산시 상록구 안산동,8674,70077.41,2023,0
1,4127161000,147314,경기도 안산시 상록구 안산동,8651,66199.31,2024,0
2,4127161000,118294,경기도 안산시 상록구 안산동,8633,62162.53,2024,0
3,4127161000,112616,경기도 안산시 상록구 안산동,8588,72134.97,2024,0
4,4127161000,151032,경기도 안산시 상록구 안산동,8558,77169.42,2024,0
5,4127161000,131830,경기도 안산시 상록구 안산동,8520,79684.96,2024,0
6,4127161000,104030,경기도 안산시 상록구 안산동,8498,75910.53,2024,0
7,4127161000,115790,경기도 안산시 상록구 안산동,8472,73813.38,2024,0
8,4127161000,86306,경기도 안산시 상록구 안산동,8441,71404.01,2024,0
9,4127161000,139198,경기도 안산시 상록구 안산동,8413,79258.26,2024,0
10,4127161000,148622,경기도 안산시 상록구 안산동,8391,76536.96,2024,0
11,4127161000,129804,경기도 안산시 상록구 안산동,8397,74269.09,2024,0
12,4127161000,210534,경기도 안산시 상록구 안산동,8370,70023.29,2024,0
1,4127161000,168682,경기도 안산시 상록구 안산동,8364,69947.61,2025,0
2,4127161000,146914,경기도 안산시 상록구 안산동,8338,61445.03,2025,0
3,4127161000,160274,경기도 안산시 상록구 안산동,8325,73058.01,2025,0
4,4127161000,132244,경기도 안산시 상록구 안산동,8322,73325.88,2025,0
5,4127161000,186430,경기도 안산시 상록구 안산동,8293,74519.07,2025,0
6,4127161000,161558,경기도 안산시 상록구 안산동,8263,72026.19,2025,0
7,4127351000,45761860,경기도 안산시 단원구 와동,37056,488730.47,2023,0
8,4127351000,6437246,경기도 안산시 단원구 와동,37017,472795.97,2023,0
9,4127351000,1415770,경기도 안산시 단원구 와동,36968,484751.12,2023,0
10,4127351000,1660230,경기도 안산시 단원구 와동,36873,481536.4,2023,0
11,4127351000,1600302,경기도 안산시 단원구 와동,36754,456336.72,2023,0
12,4127351000,2203814,경기도 안산시 단원구 와동,36697,471689.7,2023,0
1,4127351000,1338442,경기도 안산시 단원구 와동,36566,455530.72,2024,0
2,4127351000,1251073,경기도 안산시 단원구 와동,36465,413448.12,2024,0
3,4127351000,781721,경기도 안산시 단원구 와동,36431,470401.2,2024,0
4,4127351000,1118780,경기도 안산시 단원구 와동,36373,482672.22,2024,0
5,4127351000,1056562,경기도 안산시 단원구 와동,36280,457231.53,2024,0
6,4127351000,1415602,경기도 안산시 단원구 와동,36273,452915.22,2024,0
7,4127351000,1422840,경기도 안산시 단원구 와동,36194,471966.34,2024,0
8,4127351000,1049428,경기도 안산시 단원구 와동,36117,455428.56,2024,0
9,4127351000,1708714,경기도 안산시 단원구 와동,36020,484536.94,2024,0
10,4127351000,1486614,경기도 안산시 단원구 와동,35865,452576.6,2024,0
11,4127351000,1781260,경기도 안산시 단원구 와동,35803,432953.75,2024,0
12,4127351000,2726942,경기도 안산시 단원구 와동,35711,431479.06,2024,0
1,4127351000,1147948,경기도 안산시 단원구 와동,35686,450767.94,2025,0
2,4127351000,1429928,경기도 안산시 단원구 와동,35587,400149.53,2025,0
3,4127351000,1085254,경기도 안산시 단원구 와동,35525,451143.28,2025,0
4,4127351000,978194,경기도 안산시 단원구 와동,35481,435728.16,2025,0
5,4127351000,1224888,경기도 안산시 단원구 와동,35370,451172.44,2025,0
6,4127351000,1316844,경기도 안산시 단원구 와동,35311,412523.28,2025,0
7,4127352500,49482630,경기도 안산시 단원구 고잔동,20725,1179933.0,2023,0
8,4127352500,6184921,경기도 안산시 단원구 고잔동,20687,1199530.8,2023,0
9,4127352500,981323,경기도 안산시 단원구 고잔동,20643,1146945.6,2023,0
10,4127352500,1093314,경기도 안산시 단원구 고잔동,20593,1196526.2,2023,0
11,4127352500,724221,경기도 안산시 단원구 고잔동,20552,1164237.6,2023,0
12,4127352500,1176866,경기도 안산시 단원구 고잔동,20396,1192369.2,2023,0
1,4127352500,1378999,경기도 안산시 단원구 고잔동,20378,1253053.8,2024,0
2,4127352500,1239055,경기도 안산시 단원구 고잔동,20353,1102317.5,2024,0
3,4127352500,549426,경기도 안산시 단원구 고잔동,20298,1263593.5,2024,0
4,4127352500,836521,경기도 안산시 단원구 고잔동,20286,1245655.2,2024,0
5,4127352500,950058,경기도 안산시 단원구 고잔동,20257,1271341.2,2024,0
6,4127352500,480263,경기도 안산시 단원구 고잔동,20238,1229243.2,2024,0
7,4127352500,800090,경기도 안산시 단원구 고잔동,20175,1310979.6,2024,0
8,4127352500,439585,경기도 안산시 단원구 고잔동,20118,1229486.4,2024,0
9,4127352500,410077,경기도 안산시 단원구 고잔동,20057,1341998.9,2024,0
10,4127352500,720146,경기도 안산시 단원구 고잔동,20028,1198360.5,2024,0
11,4127352500,583870,경기도 안산시 단원구 고잔동,19962,1210381.5,2024,0
12,4127352500,704926,경기도 안산시 단원구 고잔동,19918,1241054.9,2024,0
1,4127352500,756405,경기도 안산시 단원구 고잔동,19857,1259697.4,2025,0
2,4127352500,893478,경기도 안산시 단원구 고잔동,19809,1173646.5,2025,0
3,4127352500,470923,경기도 안산시 단원구 고잔동,19765,1220523.8,2025,0
4,4127352500,523808,경기도 안산시 단원구 고잔동,19731,1234578.6,2025,0
5,4127352500,546625,경기도 안산시 단원구 고잔동,19709,1246400.0,2025,0
6,4127352500,753141,경기도 안산시 단원구 고잔동,19689,1181489.5,2025,0
7,4127353200,312443749,경기도 안산시 단원구 중앙동,23038,2177725.8,2023,0
8,4127353200,38592756,경기도 안산시 단원구 중앙동,23058,2179060.8,2023,0
9,4127353200,11328563,경기도 안산시 단원구 중앙동,23060,2143927.5,2023,0
10,4127353200,12148376,경기도 안산시 단원구 중앙동,23085,2194639.2,2023,0
11,4127353200,9466829,경기도 안산시 단원구 중앙동,23191,2104933.8,2023,0
12,4127353200,11993493,경기도 안산시 단원구 중앙동,23549,2178385.0,2023,0
1,4127353200,7550179,경기도 안산시 단원구 중앙동,23880,2167560.5,2024,0
2,4127353200,6650386,경기도 안산시 단원구 중앙동,24078,2008442.4,2024,0
3,4127353200,4602082,경기도 안산시 단원구 중앙동,24225,2276284.5,2024,0
4,4127353200,6679153,경기도 안산시 단원구 중앙동,24293,2209947.2,2024,0
5,4127353200,5057275,경기도 안산시 단원구 중앙동,24374,2326791.0,2024,0
6,4127353200,5940714,경기도 안산시 단원구 중앙동,24351,2163869.5,2024,0
7,4127353200,6692227,경기도 안산시 단원구 중앙동,24332,2207527.0,2024,0
8,4127353200,6000708,경기도 안산시 단원구 중앙동,24370,2152828.8,2024,0
9,4127353200,6701167,경기도 안산시 단원구 중앙동,24385,2353957.0,2024,0
10,4127353200,5956702,경기도 안산시 단원구 중앙동,24365,2276014.5,2024,0
11,4127353200,6797901,경기도 안산시 단원구 중앙동,24379,2177268.5,2024,0
12,4127353200,9546738,경기도 안산시 단원구 중앙동,24288,2306532.8,2024,0
1,4127353200,6046398,경기도 안산시 단원구 중앙동,24262,2260736.0,2025,0
2,4127353200,8233584,경기도 안산시 단원구 중앙동,24238,2120032.0,2025,0
3,4127353200,6846765,경기도 안산시 단원구 중앙동,24179,2354822.8,2025,0
4,4127353200,6219603,경기도 안산시 단원구 중앙동,24161,2232673.0,2025,0
5,4127353200,7121047,경기도 안산시 단원구 중앙동,24090,2224592.8,2025,0
6,4127353200,7097153,경기도 안산시 단원구 중앙동,23995,2089232.1,2025,0
7,4127353500,416363990,경기도 안산시 단원구 호수동,42891,3146727.2,2023,2
8,4127353500,58647060,경기도 안산시 단원구 호수동,42902,3100254.5,2023,2
9,4127353500,1647286,경기도 안산시 단원구 호수동,42911,3102153.5,2023,2
10,4127353500,1772782,경기도 안산시 단원구 호수동,42888,3159612.0,2023,2
11,4127353500,1677660,경기도 안산시 단원구 호수동,42863,3049736.0,2023,2
12,4127353500,2621034,경기도 안산시 단원구 호수동,42772,3176452.2,2023,2
1,4127353500,1600376,경기도 안산시 단원구 호수동,42742,3140988.2,2024,2
2,4127353500,1717970,경기도 안산시 단원구 호수동,42628,2807640.0,2024,2
3,4127353500,1045846,경기도 안산시 단원구 호수동,42572,3187108.5,2024,2
4,4127353500,1684622,경기도 안산시 단원구 호수동,42491,3280185.2,2024,2
5,4127353500,1411006,경기도 안산시 단원구 호수동,42478,3405776.5,2024,2
6,4127353500,2150638,경기도 안산시 단원구 호수동,42472,3184938.2,2024,2
7,4127353500,2000928,경기도 안산시 단원구 호수동,42428,3168645.0,2024,2
8,4127353500,1711956,경기도 안산시 단원구 호수동,42429,3101814.2,2024,2
9,4127353500,2432300,경기도 안산시 단원구 호수동,42346,3233293.2,2024,2
10,4127353500,1570416,경기도 안산시 단원구 호수동,42277,3270436.0,2024,2
11,4127353500,2096820,경기도 안산시 단원구 호수동,42296,3107932.0,2024,2
12,4127353500,4124636,경기도 안산시 단원구 호수동,42215,3172476.2,2024,2
1,4127353500,1436904,경기도 안산시 단원구 호수동,42148,3178079.8,2025,2
2,4127353500,1597134,경기도 안산시 단원구 호수동,42117,2982367.5,2025,2
3,4127353500,1809742,경기도 안산시 단원구 호수동,42056,3171247.0,2025,2
4,4127353500,1744846,경기도 안산시 단원구 호수동,41950,3085024.8,2025,2
5,4127353500,1858510,경기도 안산시 단원구 호수동,41912,3203219.0,2025,2
6,4127353500,2634554,경기도 안산시 단원구 호수동,41894,3016918.8,2025,2
7,4127354500,22253557,경기도 안산시 단원구 원곡동,5768,518628.5,2023,0
8,4127354500,3950158,경기도 안산시 단원구 원곡동,5735,518648.5,2023,0
9,4127354500,2303514,경기도 안산시 단원구 원곡동,5743,516122.78,2023,0
10,4127354500,2680203,경기도 안산시 단원구 원곡동,5713,485181.1,2023,0
11,4127354500,1838555,경기도 안산시 단원구 원곡동,5643,462731.3,2023,0
12,4127354500,2563769,경기도 안산시 단원구 원곡동,5613,470271.6,2023,0
1,4127354500,1123676,경기도 안산시 단원구 원곡동,5601,479594.16,2024,0
2,4127354500,1341921,경기도 안산시 단원구 원곡동,5557,465159.47,2024,0
3,4127354500,1216366,경기도 안산시 단원구 원곡동,5551,466671.8,2024,0
4,4127354500,1527100,경기도 안산시 단원구 원곡동,5522,455001.78,2024,0
5,4127354500,872350,경기도 안산시 단원구 원곡동,5496,457861.53,2024,0
6,4127354500,1129157,경기도 안산시 단원구 원곡동,5510,440401.5,2024,0
7,4127354500,1435744,경기도 안산시 단원구 원곡동,5484,452005.34,2024,0
8,4127354500,1205144,경기도 안산시 단원구 원곡동,5474,425099.0,2024,0
9,4127354500,1356244,경기도 안산시 단원구 원곡동,5476,561031.5,2024,0
10,4127354500,1082913,경기도 안산시 단원구 원곡동,5396,428584.62,2024,0
11,4127354500,1357519,경기도 안산시 단원구 원곡동,5378,415773.1,2024,0
12,4127354500,1184474,경기도 안산시 단원구 원곡동,5367,417334.78,2024,0
1,4127354500,1160646,경기도 안산시 단원구 원곡동,5356,593391.94,2025,0
2,4127354500,1896992,경기도 안산시 단원구 원곡동,5363,508547.0,2025,0
3,4127354500,1942727,경기도 안산시 단원구 원곡동,5348,528448.75,2025,0
4,4127354500,1642498,경기도 안산시 단원구 원곡동,5338,375806.1,2025,0
5,4127354500,1576403,경기도 안산시 단원구 원곡동,5330,391433.94,2025,0
6,4127354500,1550968,경기도 안산시 단원구 원곡동,5339,375006.94,2025,0
7,4127355500,68804419,경기도 안산시 단원구 백운동,24090,74564.08,2023,0
8,4127355500,9020186,경기도 안산시 단원구 백운동,24215,73494.07,2023,0
9,4127355500,1462760,경기도 안산시 단원구 백운동,24279,73403.6,2023,0
10,4127355500,1389134,경기도 안산시 단원구 백운동,24312,73887.52,2023,0
11,4127355500,1377771,경기도 안산시 단원구 백운동,24252,70146.0,2023,0
12,4127355500,2169340,경기도 안산시 단원구 백운동,24221,71615.19,2023,0
1,4127355500,1468545,경기도 안산시 단원구 백운동,24189,74198.31,2024,0
2,4127355500,1863455,경기도 안산시 단원구 백운동,24149,68469.94,2024,0
3,4127355500,999145,경기도 안산시 단원구 백운동,24101,79152.61,2024,0
4,4127355500,1496868,경기도 안산시 단원구 백운동,24034,75103.49,2024,0
5,4127355500,1516390,경기도 안산시 단원구 백운동,24038,76073.45,2024,0
6,4127355500,1779817,경기도 안산시 단원구 백운동,24019,73889.54,2024,0
7,4127355500,1628593,경기도 안산시 단원구 백운동,24062,72940.29,2024,0
8,4127355500,1494151,경기도 안산시 단원구 백운동,24038,70417.43,2024,0
9,4127355500,1647659,경기도 안산시 단원구 백운동,24078,81636.22,2024,0
10,4127355500,1389286,경기도 안산시 단원구 백운동,24074,72440.69,2024,0
11,4127355500,1858229,경기도 안산시 단원구 백운동,24032,65475.97,2024,0
12,4127355500,2164814,경기도 안산시 단원구 백운동,24061,63757.51,2024,0
1,4127355500,1635358,경기도 안산시 단원구 백운동,24060,76064.34,2025,0
2,4127355500,1765677,경기도 안산시 단원구 백운동,23983,69583.81,2025,0
3,4127355500,1629647,경기도 안산시 단원구 백운동,23910,77089.16,2025,0
4,4127355500,1429110,경기도 안산시 단원구 백운동,23941,70771.67,2025,0
5,4127355500,1734108,경기도 안산시 단원구 백운동,23856,72111.76,2025,0
6,4127355500,1687725,경기도 안산시 단원구 백운동,23834,70218.5,2025,0
7,4127356500,34118798,경기도 안산시 단원구 신길동,21586,67858.5,2023,0
8,4127356500,5001080,경기도 안산시 단원구 신길동,21509,66087.55,2023,0
9,4127356500,736564,경기도 안산시 단원구 신길동,21419,64616.33,2023,0
10,4127356500,481201,경기도 안산시 단원구 신길동,21351,64280.35,2023,0
11,4127356500,526852,경기도 안산시 단원구 신길동,21306,64078.23,2023,0
12,4127356500,987439,경기도 안산시 단원구 신길동,21222,63526.58,2023,0
1,4127356500,696791,경기도 안산시 단원구 신길동,21131,62939.12,2024,0
2,4127356500,744263,경기도 안산시 단원구 신길동,21107,54735.77,2024,0
3,4127356500,415678,경기도 안산시 단원구 신길동,21049,59348.2,2024,0
4,4127356500,464360,경기도 안산시 단원구 신길동,20988,59102.33,2024,0
5,4127356500,432931,경기도 안산시 단원구 신길동,21000,60085.2,2024,0
6,4127356500,952399,경기도 안산시 단원구 신길동,20955,58184.12,2024,0
7,4127356500,872073,경기도 안산시 단원구 신길동,20926,61140.38,2024,0
8,4127356500,647775,경기도 안산시 단원구 신길동,20889,59350.96,2024,0
9,4127356500,894742,경기도 안산시 단원구 신길동,20859,62457.63,2024,0
10,4127356500,586267,경기도 안산시 단원구 신길동,20850,58139.48,2024,0
11,4127356500,731381,경기도 안산시 단원구 신길동,20832,57419.59,2024,0
12,4127356500,1469073,경기도 안산시 단원구 신길동,20787,56871.53,2024,0
1,4127356500,478674,경기도 안산시 단원구 신길동,20745,59892.14,2025,0
2,4127356500,764347,경기도 안산시 단원구 신길동,20737,57157.53,2025,0
3,4127356500,1326594,경기도 안산시 단원구 신길동,20665,59000.47,2025,0
4,4127356500,518623,경기도 안산시 단원구 신길동,20618,58989.83,2025,0
5,4127356500,1362328,경기도 안산시 단원구 신길동,20571,57337.69,2025,0
6,4127356500,1184617,경기도 안산시 단원구 신길동,20550,56956.85,2025,0
7,4127357000,343481224,경기도 안산시 단원구 초지동,46037,413526.88,2023,2
8,4127357000,425335400,경기도 안산시 단원구 초지동,45990,406152.78,2023,2
9,4127357000,635713806,경기도 안산시 단원구 초지동,45995,398951.75,2023,2
10,4127357000,599110679,경기도 안산시 단원구 초지동,45968,406811.16,2023,2
11,4127357000,514942132,경기도 안산시 단원구 초지동,45866,418879.16,2023,2
12,4127357000,665979380,경기도 안산시 단원구 초지동,45838,389531.78,2023,2
1,4127357000,521026881,경기도 안산시 단원구 초지동,45783,417476.44,2024,2
2,4127357000,489546298,경기도 안산시 단원구 초지동,45596,360098.6,2024,2
3,4127357000,312174311,경기도 안산시 단원구 초지동,45491,398616.0,2024,2
4,4127357000,456144117,경기도 안산시 단원구 초지동,45483,406570.2,2024,2
5,4127357000,387343608,경기도 안산시 단원구 초지동,45503,400312.72,2024,2
6,4127357000,423230987,경기도 안산시 단원구 초지동,45436,381685.66,2024,2
7,4127357000,437583163,경기도 안산시 단원구 초지동,45478,413453.7,2024,2
8,4127357000,385419741,경기도 안산시 단원구 초지동,45418,381126.8,2024,2
9,4127357000,544111184,경기도 안산시 단원구 초지동,45416,393652.88,2024,2
10,4127357000,419072081,경기도 안산시 단원구 초지동,45359,408504.66,2024,2
11,4127357000,459642391,경기도 안산시 단원구 초지동,45433,394428.44,2024,2
12,4127357000,588257676,경기도 안산시 단원구 초지동,45437,385013.78,2024,2
1,4127357000,553549090,경기도 안산시 단원구 초지동,45355,376562.56,2025,2
2,4127357000,602401680,경기도 안산시 단원구 초지동,45218,394891.66,2025,2
3,4127357000,587633018,경기도 안산시 단원구 초지동,45209,393412.03,2025,2
4,4127357000,503463325,경기도 안산시 단원구 초지동,45183,403437.62,2025,2
5,4127357000,551483379,경기도 안산시 단원구 초지동,45191,376741.9,2025,2
6,4127357000,614619317,경기도 안산시 단원구 초지동,45163,375354.38,2025,2
7,4127358000,36015984,경기도 안산시 단원구 선부1동,17074,47997.21,2023,0
8,4127358000,4692744,경기도 안산시 단원구 선부1동,17112,47220.35,2023,0
9,4127358000,130121,경기도 안산시 단원구 선부1동,17137,46943.78,2023,0
10,4127358000,320519,경기도 안산시 단원구 선부1동,17080,47543.91,2023,0
11,4127358000,146998,경기도 안산시 단원구 선부1동,17084,44429.41,2023,0
12,4127358000,516067,경기도 안산시 단원구 선부1동,17072,45761.13,2023,0
1,4127358000,35702,경기도 안산시 단원구 선부1동,17006,45320.0,2024,0
2,4127358000,36016,경기도 안산시 단원구 선부1동,16945,40275.25,2024,0
3,4127358000,9518,경기도 안산시 단원구 선부1동,16900,44708.86,2024,0
4,4127358000,36302,경기도 안산시 단원구 선부1동,16920,46844.5,2024,0
5,4127358000,44016,경기도 안산시 단원구 선부1동,16876,46660.23,2024,0
6,4127358000,125587,경기도 안산시 단원구 선부1동,16888,45120.69,2024,0
7,4127358000,120992,경기도 안산시 단원구 선부1동,16879,47421.11,2024,0
8,4127358000,177244,경기도 안산시 단원구 선부1동,16876,46858.51,2024,0
9,4127358000,112832,경기도 안산시 단원구 선부1동,16880,49704.52,2024,0
10,4127358000,117894,경기도 안산시 단원구 선부1동,16867,50617.22,2024,0
11,4127358000,190561,경기도 안산시 단원구 선부1동,16847,48669.24,2024,0
12,4127358000,611769,경기도 안산시 단원구 선부1동,16820,49449.7,2024,0
1,4127358000,8748,경기도 안산시 단원구 선부1동,16802,52165.26,2025,0
2,4127358000,41106,경기도 안산시 단원구 선부1동,16786,48319.24,2025,0
3,4127358000,99488,경기도 안산시 단원구 선부1동,16733,53428.38,2025,0
4,4127358000,102198,경기도 안산시 단원구 선부1동,16746,48304.31,2025,0
5,4127358000,137135,경기도 안산시 단원구 선부1동,16751,49026.89,2025,0
6,4127358000,96224,경기도 안산시 단원구 선부1동,16727,48936.8,2025,0
7,4127359000,45108758,경기도 안산시 단원구 선부2동,15152,154736.1,2023,0
8,4127359000,6844620,경기도 안산시 단원구 선부2동,15063,146486.81,2023,0
9,4127359000,1457152,경기도 안산시 단원구 선부2동,14989,148394.42,2023,0
10,4127359000,1564799,경기도 안산시 단원구 선부2동,14898,145285.39,2023,0
11,4127359000,1486126,경기도 안산시 단원구 선부2동,14827,139959.77,2023,0
12,4127359000,1986339,경기도 안산시 단원구 선부2동,14734,141212.22,2023,0
1,4127359000,1385266,경기도 안산시 단원구 선부2동,14978,140928.42,2024,0
2,4127359000,1505124,경기도 안산시 단원구 선부2동,15826,133114.6,2024,0
3,4127359000,1065882,경기도 안산시 단원구 선부2동,16282,139094.28,2024,0
4,4127359000,1616578,경기도 안산시 단원구 선부2동,16373,139578.89,2024,0
5,4127359000,1175202,경기도 안산시 단원구 선부2동,16578,141883.66,2024,0
6,4127359000,1722198,경기도 안산시 단원구 선부2동,17011,138510.27,2024,0
7,4127359000,1890487,경기도 안산시 단원구 선부2동,17234,145202.52,2024,0
8,4127359000,1492859,경기도 안산시 단원구 선부2동,17240,137693.06,2024,0
9,4127359000,1953531,경기도 안산시 단원구 선부2동,17216,161493.22,2024,0
10,4127359000,1498023,경기도 안산시 단원구 선부2동,17283,146388.05,2024,0
11,4127359000,1777542,경기도 안산시 단원구 선부2동,17278,136606.36,2024,0
12,4127359000,2733215,경기도 안산시 단원구 선부2동,17258,135628.33,2024,0
1,4127359000,1376392,경기도 안산시 단원구 선부2동,17305,147022.48,2025,0
2,4127359000,1498041,경기도 안산시 단원구 선부2동,17293,132965.33,2025,0
3,4127359000,1584412,경기도 안산시 단원구 선부2동,17256,180478.34,2025,0
4,4127359000,1394489,경기도 안산시 단원구 선부2동,17243,134042.31,2025,0
5,4127359000,1964812,경기도 안산시 단원구 선부2동,17198,133805.62,2025,0
6,4127359000,2340271,경기도 안산시 단원구 선부2동,17161,132779.19,2025,0
7,4127360000,132740890,경기도 안산시 단원구 선부3동,33451,144528.3,2023,0
8,4127360000,15780595,경기도 안산시 단원구 선부3동,33375,143473.72,2023,0
9,4127360000,1362396,경기도 안산시 단원구 선부3동,33324,139881.11,2023,0
10,4127360000,1896938,경기도 안산시 단원구 선부3동,33258,140104.73,2023,0
11,4127360000,1961470,경기도 안산시 단원구 선부3동,33191,131988.12,2023,0
12,4127360000,2576712,경기도 안산시 단원구 선부3동,33122,136795.05,2023,0
1,4127360000,1482010,경기도 안산시 단원구 선부3동,33025,138069.12,2024,0
2,4127360000,1252264,경기도 안산시 단원구 선부3동,32871,127007.98,2024,0
3,4127360000,893086,경기도 안산시 단원구 선부3동,32759,138378.98,2024,0
4,4127360000,1541232,경기도 안산시 단원구 선부3동,32742,138130.4,2024,0
5,4127360000,1245718,경기도 안산시 단원구 선부3동,32714,133831.58,2024,0
6,4127360000,1651390,경기도 안산시 단원구 선부3동,32593,126365.03,2024,0
7,4127360000,1938094,경기도 안산시 단원구 선부3동,32564,126501.28,2024,0
8,4127360000,1683344,경기도 안산시 단원구 선부3동,32509,130076.45,2024,0
9,4127360000,2050850,경기도 안산시 단원구 선부3동,32490,136079.39,2024,0
10,4127360000,2148044,경기도 안산시 단원구 선부3동,32440,135932.69,2024,0
11,4127360000,2056162,경기도 안산시 단원구 선부3동,32418,146667.8,2024,0
12,4127360000,3940552,경기도 안산시 단원구 선부3동,32358,136475.31,2024,0
1,4127360000,1544446,경기도 안산시 단원구 선부3동,32256,143521.78,2025,0
2,4127360000,1680554,경기도 안산시 단원구 선부3동,32135,129870.63,2025,0
3,4127360000,1840028,경기도 안산시 단원구 선부3동,32094,134525.7,2025,0
4,4127360000,1635282,경기도 안산시 단원구 선부3동,32053,130156.23,2025,0
5,4127360000,2463776,경기도 안산시 단원구 선부3동,32025,139032.78,2025,0
6,4127360000,2686419,경기도 안산시 단원구 선부3동,31963,137696.86,2025,0
7,4127361000,7912319,경기도 안산시 단원구 대부동,9246,10861.89,2023,0
8,4127361000,901964,경기도 안산시 단원구 대부동,9242,12454.89,2023,0
9,4127361000,566293,경기도 안산시 단원구 대부동,9241,12303.8,2023,0
10,4127361000,489199,경기도 안산시 단원구 대부동,9237,12822.4,2023,0
11,4127361000,91987,경기도 안산시 단원구 대부동,9198,7395.05,2023,0
12,4127361000,146354,경기도 안산시 단원구 대부동,9205,7649.5,2023,0
1,4127361000,241453,경기도 안산시 단원구 대부동,9216,6439.59,2024,0
2,4127361000,242868,경기도 안산시 단원구 대부동,9204,7188.15,2024,0
3,4127361000,130989,경기도 안산시 단원구 대부동,9200,8167.9,2024,0
4,4127361000,107036,경기도 안산시 단원구 대부동,9191,9747.86,2024,0
5,4127361000,116689,경기도 안산시 단원구 대부동,9193,12062.47,2024,0
6,4127361000,160937,경기도 안산시 단원구 대부동,9195,13099.54,2024,0
7,4127361000,251940,경기도 안산시 단원구 대부동,9191,10160.6,2024,0
8,4127361000,202127,경기도 안산시 단원구 대부동,9207,13756.07,2024,0
9,4127361000,607719,경기도 안산시 단원구 대부동,9211,13034.01,2024,0
10,4127361000,320791,경기도 안산시 단원구 대부동,9209,11649.92,2024,0
11,4127361000,192375,경기도 안산시 단원구 대부동,9195,8938.21,2024,0
12,4127361000,188132,경기도 안산시 단원구 대부동,9168,6486.35,2024,0
1,4127361000,474335,경기도 안산시 단원구 대부동,9169,7941.56,2025,0
2,4127361000,263118,경기도 안산시 단원구 대부동,9143,6666.92,2025,0
3,4127361000,252758,경기도 안산시 단원구 대부동,9119,7242.13,2025,0
4,4127361000,236954,경기도 안산시 단원구 대부동,9136,7715.99,2025,0
5,4127361000,139876,경기도 안산시 단원구 대부동,9111,12200.0,2025,0
6,4127361000,292799,경기도 안산시 단원구 대부동,9115,11418.59,2025,0
7,4128151000,71135028,경기도 고양시 덕양구 주교동,11153,96039.71,2023,1
8,4128151000,211509972,경기도 고양시 덕양구 주교동,11134,90171.51,2023,1
9,4128151000,264920871,경기도 고양시 덕양구 주교동,11072,89631.97,2023,1
10,4128151000,268436451,경기도 고양시 덕양구 주교동,11054,89673.01,2023,1
11,4128151000,257083197,경기도 고양시 덕양구 주교동,10972,93203.1,2023,1
12,4128151000,276112626,경기도 고양시 덕양구 주교동,10961,84301.92,2023,1
1,4128151000,206929223,경기도 고양시 덕양구 주교동,10946,86729.48,2024,1
2,4128151000,102952734,경기도 고양시 덕양구 주교동,10921,81226.97,2024,1
3,4128151000,67251982,경기도 고양시 덕양구 주교동,10911,95210.64,2024,1
4,4128151000,85801318,경기도 고양시 덕양구 주교동,10882,91155.58,2024,1
5,4128151000,122013334,경기도 고양시 덕양구 주교동,10819,88124.73,2024,1
6,4128151000,198145272,경기도 고양시 덕양구 주교동,10802,86625.14,2024,1
7,4128151000,232899460,경기도 고양시 덕양구 주교동,10768,87179.15,2024,1
8,4128151000,222529837,경기도 고양시 덕양구 주교동,10718,88309.3,2024,1
9,4128151000,312663814,경기도 고양시 덕양구 주교동,10688,92314.83,2024,1
10,4128151000,249177852,경기도 고양시 덕양구 주교동,10633,90385.58,2024,1
11,4128151000,326167794,경기도 고양시 덕양구 주교동,10596,87834.5,2024,1
12,4128151000,342990722,경기도 고양시 덕양구 주교동,10594,83792.26,2024,1
1,4128151000,176010929,경기도 고양시 덕양구 주교동,10558,84060.58,2025,1
2,4128151000,126033953,경기도 고양시 덕양구 주교동,10539,78917.07,2025,1
3,4128151000,86221592,경기도 고양시 덕양구 주교동,10491,85851.21,2025,1
4,4128151000,54848858,경기도 고양시 덕양구 주교동,10464,86282.59,2025,1
5,4128151000,52637271,경기도 고양시 덕양구 주교동,10472,86472.08,2025,1
6,4128151000,48438762,경기도 고양시 덕양구 주교동,10461,83696.7,2025,1
7,4128152000,57843159,경기도 고양시 덕양구 원신동,23126,68594.85,2023,1
8,4128152000,9410665,경기도 고양시 덕양구 원신동,23055,63366.15,2023,1
9,4128152000,288024,경기도 고양시 덕양구 원신동,23020,64976.63,2023,1
10,4128152000,260254,경기도 고양시 덕양구 원신동,22960,66699.46,2023,1
11,4128152000,197516,경기도 고양시 덕양구 원신동,22889,63172.74,2023,1
12,4128152000,219916,경기도 고양시 덕양구 원신동,22890,58547.01,2023,1
1,4128152000,73846,경기도 고양시 덕양구 원신동,22884,62714.09,2024,1
2,4128152000,18208,경기도 고양시 덕양구 원신동,22884,62421.22,2024,1
3,4128152000,43160,경기도 고양시 덕양구 원신동,22852,74192.79,2024,1
4,4128152000,68978,경기도 고양시 덕양구 원신동,22802,71147.88,2024,1
5,4128152000,81020,경기도 고양시 덕양구 원신동,22731,71092.35,2024,1
6,4128152000,88594,경기도 고양시 덕양구 원신동,22675,67105.49,2024,1
7,4128152000,129664,경기도 고양시 덕양구 원신동,22620,67930.87,2024,1
8,4128152000,73250,경기도 고양시 덕양구 원신동,22627,68036.0,2024,1
9,4128152000,128094,경기도 고양시 덕양구 원신동,22581,82367.71,2024,1
10,4128152000,136758,경기도 고양시 덕양구 원신동,22565,68326.46,2024,1
11,4128152000,106776,경기도 고양시 덕양구 원신동,22552,71223.64,2024,1
12,4128152000,135066,경기도 고양시 덕양구 원신동,22533,63390.72,2024,1
1,4128152000,55760,경기도 고양시 덕양구 원신동,22497,65459.74,2025,1
2,4128152000,28184,경기도 고양시 덕양구 원신동,22398,59324.92,2025,1
3,4128152000,11250,경기도 고양시 덕양구 원신동,22375,61489.58,2025,1
4,4128152000,19826,경기도 고양시 덕양구 원신동,22374,70111.69,2025,1
5,4128152000,30690,경기도 고양시 덕양구 원신동,22366,79055.6,2025,1
6,4128152000,14702,경기도 고양시 덕양구 원신동,22352,76985.91,2025,1
7,4128153000,83390154,경기도 고양시 덕양구 흥도동,29645,367492.03,2023,1
8,4128153000,11240033,경기도 고양시 덕양구 흥도동,29581,354367.94,2023,1
9,4128153000,816073,경기도 고양시 덕양구 흥도동,29630,347375.03,2023,1
10,4128153000,997701,경기도 고양시 덕양구 흥도동,29578,352025.8,2023,1
11,4128153000,920720,경기도 고양시 덕양구 흥도동,29546,341135.5,2023,1
12,4128153000,1013637,경기도 고양시 덕양구 흥도동,29581,348282.3,2023,1
1,4128153000,690820,경기도 고양시 덕양구 흥도동,29550,357680.12,2024,1
2,4128153000,321572,경기도 고양시 덕양구 흥도동,29579,341498.22,2024,1
3,4128153000,162167,경기도 고양시 덕양구 흥도동,29613,407221.0,2024,1
4,4128153000,163656,경기도 고양시 덕양구 흥도동,29656,363442.6,2024,1
5,4128153000,347363,경기도 고양시 덕양구 흥도동,29637,383015.34,2024,1
6,4128153000,932555,경기도 고양시 덕양구 흥도동,29623,351662.75,2024,1
7,4128153000,1027647,경기도 고양시 덕양구 흥도동,29649,354879.25,2024,1
8,4128153000,773987,경기도 고양시 덕양구 흥도동,29655,363914.53,2024,1
9,4128153000,725527,경기도 고양시 덕양구 흥도동,29646,376093.0,2024,1
10,4128153000,752747,경기도 고양시 덕양구 흥도동,29609,358136.38,2024,1
11,4128153000,530057,경기도 고양시 덕양구 흥도동,29639,345933.8,2024,1
12,4128153000,1006645,경기도 고양시 덕양구 흥도동,29703,357928.9,2024,1
1,4128153000,332786,경기도 고양시 덕양구 흥도동,29698,367766.53,2025,1
2,4128153000,398575,경기도 고양시 덕양구 흥도동,29685,346800.6,2025,1
3,4128153000,446882,경기도 고양시 덕양구 흥도동,29663,369962.62,2025,1
4,4128153000,113238,경기도 고양시 덕양구 흥도동,29654,358452.75,2025,1
5,4128153000,72842,경기도 고양시 덕양구 흥도동,29613,377532.44,2025,1
6,4128153000,104871,경기도 고양시 덕양구 흥도동,29574,370357.88,2025,1
7,4128154000,57158818,경기도 고양시 덕양구 성사1동,21351,299050.94,2023,1
8,4128154000,6666367,경기도 고양시 덕양구 성사1동,21318,276084.16,2023,1
9,4128154000,230066,경기도 고양시 덕양구 성사1동,21261,274249.8,2023,1
10,4128154000,119612,경기도 고양시 덕양구 성사1동,21197,291580.5,2023,1
11,4128154000,182198,경기도 고양시 덕양구 성사1동,21199,287152.3,2023,1
12,4128154000,170991,경기도 고양시 덕양구 성사1동,21204,277863.12,2023,1
1,4128154000,154980,경기도 고양시 덕양구 성사1동,21184,224228.89,2024,1
2,4128154000,113943,경기도 고양시 덕양구 성사1동,21173,224332.72,2024,1
3,4128154000,30322,경기도 고양시 덕양구 성사1동,21149,250054.78,2024,1
4,4128154000,43332,경기도 고양시 덕양구 성사1동,21114,235115.31,2024,1
5,4128154000,49290,경기도 고양시 덕양구 성사1동,21074,238929.83,2024,1
6,4128154000,107506,경기도 고양시 덕양구 성사1동,21080,234156.48,2024,1
7,4128154000,115482,경기도 고양시 덕양구 성사1동,21095,278996.06,2024,1
8,4128154000,114257,경기도 고양시 덕양구 성사1동,21091,251966.34,2024,1
9,4128154000,321572,경기도 고양시 덕양구 성사1동,22029,280513.84,2024,1
10,4128154000,116269,경기도 고양시 덕양구 성사1동,22847,275754.56,2024,1
11,4128154000,185945,경기도 고양시 덕양구 성사1동,23134,270088.25,2024,1
12,4128154000,178412,경기도 고양시 덕양구 성사1동,23371,298928.9,2024,1
1,4128154000,149934,경기도 고양시 덕양구 성사1동,23576,295723.7,2025,1
2,4128154000,50140,경기도 고양시 덕양구 성사1동,23697,260704.3,2025,1
3,4128154000,61469,경기도 고양시 덕양구 성사1동,23723,275180.62,2025,1
4,4128154000,35866,경기도 고양시 덕양구 성사1동,23733,272636.62,2025,1
5,4128154000,22322,경기도 고양시 덕양구 성사1동,23747,283649.72,2025,1
6,4128154000,12266,경기도 고양시 덕양구 성사1동,23741,273615.84,2025,1
7,4128155000,11576323,경기도 고양시 덕양구 성사2동,10821,176627.81,2023,1
8,4128155000,2225064,경기도 고양시 덕양구 성사2동,10791,162971.06,2023,1
9,4128155000,253185,경기도 고양시 덕양구 성사2동,10773,168610.69,2023,1
10,4128155000,276442,경기도 고양시 덕양구 성사2동,10767,170028.3,2023,1
11,4128155000,381775,경기도 고양시 덕양구 성사2동,10728,172367.52,2023,1
12,4128155000,253677,경기도 고양시 덕양구 성사2동,10740,180889.08,2023,1
1,4128155000,269847,경기도 고양시 덕양구 성사2동,10701,188486.77,2024,1
2,4128155000,123598,경기도 고양시 덕양구 성사2동,10696,177864.2,2024,1
3,4128155000,27881,경기도 고양시 덕양구 성사2동,10672,217206.06,2024,1
4,4128155000,14425,경기도 고양시 덕양구 성사2동,10619,204028.86,2024,1
5,4128155000,54022,경기도 고양시 덕양구 성사2동,10613,197647.61,2024,1
6,4128155000,74663,경기도 고양시 덕양구 성사2동,10593,192273.4,2024,1
7,4128155000,119983,경기도 고양시 덕양구 성사2동,10577,194866.14,2024,1
8,4128155000,69313,경기도 고양시 덕양구 성사2동,10554,193889.06,2024,1
9,4128155000,109318,경기도 고양시 덕양구 성사2동,10511,209912.3,2024,1
10,4128155000,185066,경기도 고양시 덕양구 성사2동,10452,197454.16,2024,1
11,4128155000,275571,경기도 고양시 덕양구 성사2동,10451,209783.02,2024,1
12,4128155000,267261,경기도 고양시 덕양구 성사2동,10412,177594.14,2024,1
1,4128155000,32075,경기도 고양시 덕양구 성사2동,10404,179092.22,2025,1
2,4128155000,25439,경기도 고양시 덕양구 성사2동,10401,180907.1,2025,1
3,4128155000,53017,경기도 고양시 덕양구 성사2동,10390,179559.73,2025,1
4,4128155000,93677,경기도 고양시 덕양구 성사2동,10389,175785.98,2025,1
5,4128155000,7261,경기도 고양시 덕양구 성사2동,10366,181724.75,2025,1
6,4128155000,23011,경기도 고양시 덕양구 성사2동,10359,174139.53,2025,1
7,4128156000,4054024,경기도 고양시 덕양구 효자동,21900,9575.13,2023,1
8,4128156000,1195674,경기도 고양시 덕양구 효자동,22918,10970.86,2023,1
9,4128156000,753513,경기도 고양시 덕양구 효자동,23409,10116.31,2023,1
10,4128156000,856786,경기도 고양시 덕양구 효자동,23661,10843.43,2023,1
11,4128156000,586060,경기도 고양시 덕양구 효자동,23831,8375.54,2023,1
12,4128156000,540672,경기도 고양시 덕양구 효자동,23934,7289.53,2023,1
1,4128156000,524733,경기도 고양시 덕양구 효자동,24030,12139.62,2024,1
2,4128156000,231560,경기도 고양시 덕양구 효자동,24033,12793.43,2024,1
3,4128156000,102277,경기도 고양시 덕양구 효자동,24086,14306.7,2024,1
4,4128156000,102896,경기도 고양시 덕양구 효자동,24154,13861.22,2024,1
5,4128156000,334463,경기도 고양시 덕양구 효자동,24910,14491.75,2024,1
6,4128156000,745351,경기도 고양시 덕양구 효자동,25677,14105.17,2024,1
7,4128156000,729908,경기도 고양시 덕양구 효자동,25840,14067.35,2024,1
8,4128156000,473088,경기도 고양시 덕양구 효자동,25921,14870.51,2024,1
9,4128156000,813923,경기도 고양시 덕양구 효자동,25986,14750.89,2024,1
10,4128156000,836573,경기도 고양시 덕양구 효자동,26046,13748.09,2024,1
11,4128156000,1555657,경기도 고양시 덕양구 효자동,26083,13133.04,2024,1
12,4128156000,1999009,경기도 고양시 덕양구 효자동,26170,12565.71,2024,1
1,4128156000,373012,경기도 고양시 덕양구 효자동,26217,13655.13,2025,1
2,4128156000,575776,경기도 고양시 덕양구 효자동,26235,12753.39,2025,1
3,4128156000,145782,경기도 고양시 덕양구 효자동,26253,13397.56,2025,1
4,4128156000,64540,경기도 고양시 덕양구 효자동,26288,13844.27,2025,1
5,4128156000,102473,경기도 고양시 덕양구 효자동,26261,15577.28,2025,1
6,4128156000,61268,경기도 고양시 덕양구 효자동,26289,14755.84,2025,1
7,4128158000,38595373,경기도 고양시 덕양구 창릉동,23349,281260.97,2023,1
8,4128158000,4636486,경기도 고양시 덕양구 창릉동,23305,265937.0,2023,1
9,4128158000,352076,경기도 고양시 덕양구 창릉동,23317,249592.6,2023,1
10,4128158000,339638,경기도 고양시 덕양구 창릉동,23310,252353.9,2023,1
11,4128158000,269860,경기도 고양시 덕양구 창릉동,23277,240828.66,2023,1
12,4128158000,341106,경기도 고양시 덕양구 창릉동,23313,255046.36,2023,1
1,4128158000,216830,경기도 고양시 덕양구 창릉동,23269,280279.7,2024,1
2,4128158000,136716,경기도 고양시 덕양구 창릉동,23221,258868.77,2024,1
3,4128158000,84734,경기도 고양시 덕양구 창릉동,23186,263826.5,2024,1
4,4128158000,114918,경기도 고양시 덕양구 창릉동,23191,238875.52,2024,1
5,4128158000,193760,경기도 고양시 덕양구 창릉동,23193,260504.17,2024,1
6,4128158000,288396,경기도 고양시 덕양구 창릉동,23185,256562.75,2024,1
7,4128158000,353884,경기도 고양시 덕양구 창릉동,23215,267503.62,2024,1
8,4128158000,382432,경기도 고양시 덕양구 창릉동,23291,279828.22,2024,1
9,4128158000,345768,경기도 고양시 덕양구 창릉동,23276,281016.9,2024,1
10,4128158000,238902,경기도 고양시 덕양구 창릉동,23307,256617.03,2024,1
11,4128158000,472568,경기도 고양시 덕양구 창릉동,23307,256478.88,2024,1
12,4128158000,397900,경기도 고양시 덕양구 창릉동,23271,274197.94,2024,1
1,4128158000,146162,경기도 고양시 덕양구 창릉동,23177,285167.38,2025,1
2,4128158000,158214,경기도 고양시 덕양구 창릉동,23103,251423.89,2025,1
3,4128158000,53598,경기도 고양시 덕양구 창릉동,23060,262901.38,2025,1
4,4128158000,56264,경기도 고양시 덕양구 창릉동,22974,247601.81,2025,1
5,4128158000,41586,경기도 고양시 덕양구 창릉동,22910,269725.5,2025,1
6,4128158000,66192,경기도 고양시 덕양구 창릉동,22913,253439.61,2025,1
7,4128159000,20369180,경기도 고양시 덕양구 고양동,28710,46321.98,2023,1
8,4128159000,3410126,경기도 고양시 덕양구 고양동,28619,44981.72,2023,1
9,4128159000,802358,경기도 고양시 덕양구 고양동,28565,48562.78,2023,1
10,4128159000,914571,경기도 고양시 덕양구 고양동,28533,46972.76,2023,1
11,4128159000,796412,경기도 고양시 덕양구 고양동,28469,43615.59,2023,1
12,4128159000,953718,경기도 고양시 덕양구 고양동,28430,41849.86,2023,1
1,4128159000,545102,경기도 고양시 덕양구 고양동,28353,42035.72,2024,1
2,4128159000,314350,경기도 고양시 덕양구 고양동,28316,40732.44,2024,1
3,4128159000,239084,경기도 고양시 덕양구 고양동,28271,47203.38,2024,1
4,4128159000,349709,경기도 고양시 덕양구 고양동,28276,45616.27,2024,1
5,4128159000,431019,경기도 고양시 덕양구 고양동,28265,46996.86,2024,1
6,4128159000,671033,경기도 고양시 덕양구 고양동,28256,44091.36,2024,1
7,4128159000,645848,경기도 고양시 덕양구 고양동,28192,43109.98,2024,1
8,4128159000,551347,경기도 고양시 덕양구 고양동,28142,45819.0,2024,1
9,4128159000,906720,경기도 고양시 덕양구 고양동,28056,52513.04,2024,1
10,4128159000,778156,경기도 고양시 덕양구 고양동,27937,45458.48,2024,1
11,4128159000,947623,경기도 고양시 덕양구 고양동,27863,43603.85,2024,1
12,4128159000,628079,경기도 고양시 덕양구 고양동,27776,41441.92,2024,1
1,4128159000,400596,경기도 고양시 덕양구 고양동,27706,45774.4,2025,1
2,4128159000,262311,경기도 고양시 덕양구 고양동,27590,39857.69,2025,1
3,4128159000,232604,경기도 고양시 덕양구 고양동,27555,43526.09,2025,1
4,4128159000,235265,경기도 고양시 덕양구 고양동,27510,42719.74,2025,1
5,4128159000,132298,경기도 고양시 덕양구 고양동,27437,44401.99,2025,1
6,4128159000,128830,경기도 고양시 덕양구 고양동,27409,42689.15,2025,1
7,4128160000,16438621,경기도 고양시 덕양구 관산동,35457,105843.28,2023,1
8,4128160000,2096007,경기도 고양시 덕양구 관산동,35338,93015.12,2023,1
9,4128160000,222501,경기도 고양시 덕양구 관산동,35272,95464.25,2023,1
10,4128160000,288392,경기도 고양시 덕양구 관산동,35177,94366.37,2023,1
11,4128160000,228064,경기도 고양시 덕양구 관산동,35119,93838.47,2023,1
12,4128160000,241766,경기도 고양시 덕양구 관산동,35052,93762.9,2023,1
1,4128160000,141446,경기도 고양시 덕양구 관산동,34936,97326.29,2024,1
2,4128160000,69108,경기도 고양시 덕양구 관산동,34822,90086.43,2024,1
3,4128160000,50380,경기도 고양시 덕양구 관산동,34759,106519.25,2024,1
4,4128160000,128810,경기도 고양시 덕양구 관산동,34678,101031.14,2024,1
5,4128160000,147375,경기도 고양시 덕양구 관산동,34592,100054.04,2024,1
6,4128160000,166359,경기도 고양시 덕양구 관산동,34517,99921.94,2024,1
7,4128160000,185772,경기도 고양시 덕양구 관산동,34492,96999.3,2024,1
8,4128160000,134419,경기도 고양시 덕양구 관산동,34473,106853.95,2024,1
9,4128160000,209640,경기도 고양시 덕양구 관산동,34318,103740.24,2024,1
10,4128160000,130004,경기도 고양시 덕양구 관산동,34250,94896.82,2024,1
11,4128160000,200769,경기도 고양시 덕양구 관산동,34149,94158.14,2024,1
12,4128160000,245206,경기도 고양시 덕양구 관산동,34065,90558.18,2024,1
1,4128160000,86914,경기도 고양시 덕양구 관산동,34015,94139.91,2025,1
2,4128160000,36304,경기도 고양시 덕양구 관산동,33944,85055.13,2025,1
3,4128160000,75899,경기도 고양시 덕양구 관산동,33880,94039.05,2025,1
4,4128160000,73569,경기도 고양시 덕양구 관산동,33810,93211.5,2025,1
5,4128160000,82158,경기도 고양시 덕양구 관산동,33768,97462.22,2025,1
6,4128160000,48058,경기도 고양시 덕양구 관산동,33675,93075.56,2025,1
7,4128161000,11227863,경기도 고양시 덕양구 능곡동,18016,44801.84,2023,1
8,4128161000,1859325,경기도 고양시 덕양구 능곡동,18035,41713.41,2023,1
9,4128161000,283748,경기도 고양시 덕양구 능곡동,18090,42359.59,2023,1
10,4128161000,352508,경기도 고양시 덕양구 능곡동,18120,44190.19,2023,1
11,4128161000,545424,경기도 고양시 덕양구 능곡동,18162,43105.67,2023,1
12,4128161000,273190,경기도 고양시 덕양구 능곡동,18202,42916.38,2023,1
1,4128161000,214066,경기도 고양시 덕양구 능곡동,18205,45944.1,2024,1
2,4128161000,113665,경기도 고양시 덕양구 능곡동,18166,42463.38,2024,1
3,4128161000,48540,경기도 고양시 덕양구 능곡동,18155,46104.67,2024,1
4,4128161000,94144,경기도 고양시 덕양구 능곡동,18137,44981.12,2024,1
5,4128161000,117133,경기도 고양시 덕양구 능곡동,18153,49792.1,2024,1
6,4128161000,190467,경기도 고양시 덕양구 능곡동,18183,44325.89,2024,1
7,4128161000,183057,경기도 고양시 덕양구 능곡동,18151,45887.26,2024,1
8,4128161000,174217,경기도 고양시 덕양구 능곡동,18135,47369.46,2024,1
9,4128161000,237294,경기도 고양시 덕양구 능곡동,18119,47226.03,2024,1
10,4128161000,201700,경기도 고양시 덕양구 능곡동,18071,48059.14,2024,1
11,4128161000,274785,경기도 고양시 덕양구 능곡동,18042,42977.12,2024,1
12,4128161000,308139,경기도 고양시 덕양구 능곡동,17956,48979.41,2024,1
1,4128161000,227443,경기도 고양시 덕양구 능곡동,17934,48172.73,2025,1
2,4128161000,105808,경기도 고양시 덕양구 능곡동,17828,43653.09,2025,1
3,4128161000,86414,경기도 고양시 덕양구 능곡동,17714,45664.88,2025,1
4,4128161000,56878,경기도 고양시 덕양구 능곡동,17588,44936.44,2025,1
5,4128161000,95534,경기도 고양시 덕양구 능곡동,17429,46077.36,2025,1
6,4128161000,28306,경기도 고양시 덕양구 능곡동,17341,41215.04,2025,1
7,4128162100,63112739,경기도 고양시 덕양구 화정1동,36184,446973.44,2023,1
8,4128162100,9666197,경기도 고양시 덕양구 화정1동,36089,429174.9,2023,1
9,4128162100,318952,경기도 고양시 덕양구 화정1동,36055,425174.9,2023,1
10,4128162100,347905,경기도 고양시 덕양구 화정1동,36033,430445.84,2023,1
11,4128162100,364943,경기도 고양시 덕양구 화정1동,36014,421494.03,2023,1
12,4128162100,515807,경기도 고양시 덕양구 화정1동,35999,441602.88,2023,1
1,4128162100,324720,경기도 고양시 덕양구 화정1동,35951,451340.6,2024,1
2,4128162100,135048,경기도 고양시 덕양구 화정1동,35903,414780.16,2024,1
3,4128162100,69477,경기도 고양시 덕양구 화정1동,35874,460303.56,2024,1
4,4128162100,208445,경기도 고양시 덕양구 화정1동,35812,418519.94,2024,1
5,4128162100,215186,경기도 고양시 덕양구 화정1동,35717,423288.9,2024,1
6,4128162100,205188,경기도 고양시 덕양구 화정1동,35625,414322.25,2024,1
7,4128162100,394977,경기도 고양시 덕양구 화정1동,35540,426878.66,2024,1
8,4128162100,267023,경기도 고양시 덕양구 화정1동,35470,429763.2,2024,1
9,4128162100,457299,경기도 고양시 덕양구 화정1동,35389,442956.3,2024,1
10,4128162100,390396,경기도 고양시 덕양구 화정1동,35317,426341.44,2024,1
11,4128162100,521921,경기도 고양시 덕양구 화정1동,35235,420861.2,2024,1
12,4128162100,477515,경기도 고양시 덕양구 화정1동,35241,422040.2,2024,1
1,4128162100,224862,경기도 고양시 덕양구 화정1동,35237,430827.66,2025,1
2,4128162100,180838,경기도 고양시 덕양구 화정1동,35171,396345.47,2025,1
3,4128162100,106832,경기도 고양시 덕양구 화정1동,35135,415225.25,2025,1
4,4128162100,78073,경기도 고양시 덕양구 화정1동,35159,397492.6,2025,1
5,4128162100,76012,경기도 고양시 덕양구 화정1동,35190,420799.38,2025,1
6,4128162100,72867,경기도 고양시 덕양구 화정1동,35125,403900.2,2025,1
7,4128162200,104771910,경기도 고양시 덕양구 화정2동,31584,431372.16,2023,1
8,4128162200,12200363,경기도 고양시 덕양구 화정2동,31552,415005.34,2023,1
9,4128162200,193692,경기도 고양시 덕양구 화정2동,31525,410057.47,2023,1
10,4128162200,244848,경기도 고양시 덕양구 화정2동,31483,430293.38,2023,1
11,4128162200,197708,경기도 고양시 덕양구 화정2동,31469,418561.12,2023,1
12,4128162200,217428,경기도 고양시 덕양구 화정2동,31449,441025.66,2023,1
1,4128162200,149922,경기도 고양시 덕양구 화정2동,31415,462332.22,2024,1
2,4128162200,56496,경기도 고양시 덕양구 화정2동,31411,414108.8,2024,1
3,4128162200,65366,경기도 고양시 덕양구 화정2동,31351,464954.12,2024,1
4,4128162200,90332,경기도 고양시 덕양구 화정2동,31318,436677.66,2024,1
5,4128162200,149730,경기도 고양시 덕양구 화정2동,31331,429998.12,2024,1
6,4128162200,145200,경기도 고양시 덕양구 화정2동,31305,429538.66,2024,1
7,4128162200,170946,경기도 고양시 덕양구 화정2동,31320,446060.0,2024,1
8,4128162200,115330,경기도 고양시 덕양구 화정2동,31324,441226.78,2024,1
9,4128162200,144266,경기도 고양시 덕양구 화정2동,31336,459895.72,2024,1
10,4128162200,78412,경기도 고양시 덕양구 화정2동,31340,444505.03,2024,1
11,4128162200,145818,경기도 고양시 덕양구 화정2동,31327,455573.2,2024,1
12,4128162200,194232,경기도 고양시 덕양구 화정2동,31371,441489.16,2024,1
1,4128162200,49108,경기도 고양시 덕양구 화정2동,31404,465577.6,2025,1
2,4128162200,62400,경기도 고양시 덕양구 화정2동,31383,432453.12,2025,1
3,4128162200,68404,경기도 고양시 덕양구 화정2동,31364,450961.03,2025,1
4,4128162200,43516,경기도 고양시 덕양구 화정2동,31393,441876.84,2025,1
5,4128162200,17134,경기도 고양시 덕양구 화정2동,31412,458449.56,2025,1
6,4128162200,23786,경기도 고양시 덕양구 화정2동,31410,465371.06,2025,1
7,4128164000,20038047,경기도 고양시 덕양구 행신1동,20891,352225.34,2023,1
8,4128164000,3962166,경기도 고양시 덕양구 행신1동,20898,336309.2,2023,1
9,4128164000,1133091,경기도 고양시 덕양구 행신1동,20889,329641.53,2023,1
10,4128164000,908422,경기도 고양시 덕양구 행신1동,20871,338888.38,2023,1
11,4128164000,1108173,경기도 고양시 덕양구 행신1동,20791,339151.56,2023,1
12,4128164000,1039295,경기도 고양시 덕양구 행신1동,20706,353374.5,2023,1
1,4128164000,707663,경기도 고양시 덕양구 행신1동,20652,324366.47,2024,1
2,4128164000,423445,경기도 고양시 덕양구 행신1동,20597,306224.38,2024,1
3,4128164000,214381,경기도 고양시 덕양구 행신1동,20555,363110.0,2024,1
4,4128164000,245850,경기도 고양시 덕양구 행신1동,20491,370619.78,2024,1
5,4128164000,446134,경기도 고양시 덕양구 행신1동,20392,372940.62,2024,1
6,4128164000,943706,경기도 고양시 덕양구 행신1동,20366,353861.8,2024,1
7,4128164000,864992,경기도 고양시 덕양구 행신1동,20339,356295.47,2024,1
8,4128164000,716641,경기도 고양시 덕양구 행신1동,20337,371333.7,2024,1
9,4128164000,1165465,경기도 고양시 덕양구 행신1동,20322,378812.0,2024,1
10,4128164000,889338,경기도 고양시 덕양구 행신1동,20293,359699.78,2024,1
11,4128164000,1178108,경기도 고양시 덕양구 행신1동,20269,351322.94,2024,1
12,4128164000,1111107,경기도 고양시 덕양구 행신1동,20238,360115.3,2024,1
1,4128164000,587119,경기도 고양시 덕양구 행신1동,20199,381136.03,2025,1
2,4128164000,469783,경기도 고양시 덕양구 행신1동,20120,345471.88,2025,1
3,4128164000,302314,경기도 고양시 덕양구 행신1동,20141,367231.78,2025,1
4,4128164000,226589,경기도 고양시 덕양구 행신1동,20133,430438.28,2025,1
5,4128164000,166271,경기도 고양시 덕양구 행신1동,20122,388794.8,2025,1
6,4128164000,221322,경기도 고양시 덕양구 행신1동,20101,367189.2,2025,1
7,4128165000,56222164,경기도 고양시 덕양구 행신2동,30614,299073.3,2023,1
8,4128165000,7609374,경기도 고양시 덕양구 행신2동,30507,292994.62,2023,1
9,4128165000,20476,경기도 고양시 덕양구 행신2동,30482,287328.75,2023,1
10,4128165000,28270,경기도 고양시 덕양구 행신2동,30391,294977.6,2023,1
11,4128165000,32462,경기도 고양시 덕양구 행신2동,30415,286939.66,2023,1
12,4128165000,47694,경기도 고양시 덕양구 행신2동,30379,296782.5,2023,1
1,4128165000,40526,경기도 고양시 덕양구 행신2동,30369,307389.8,2024,1
2,4128165000,30136,경기도 고양시 덕양구 행신2동,30317,278906.9,2024,1
3,4128165000,10838,경기도 고양시 덕양구 행신2동,30302,312629.38,2024,1
4,4128165000,11852,경기도 고양시 덕양구 행신2동,30232,289983.3,2024,1
5,4128165000,13400,경기도 고양시 덕양구 행신2동,30159,292606.53,2024,1
6,4128165000,26814,경기도 고양시 덕양구 행신2동,30065,293666.12,2024,1
7,4128165000,29522,경기도 고양시 덕양구 행신2동,30082,348367.25,2024,1
8,4128165000,22592,경기도 고양시 덕양구 행신2동,30031,311561.03,2024,1
9,4128165000,44844,경기도 고양시 덕양구 행신2동,29940,326326.9,2024,1
10,4128165000,35826,경기도 고양시 덕양구 행신2동,29866,312348.94,2024,1
11,4128165000,45618,경기도 고양시 덕양구 행신2동,29837,299701.5,2024,1
12,4128165000,56838,경기도 고양시 덕양구 행신2동,29791,290130.22,2024,1
1,4128165000,36086,경기도 고양시 덕양구 행신2동,29789,310164.38,2025,1
2,4128165000,25644,경기도 고양시 덕양구 행신2동,29729,286082.72,2025,1
3,4128165000,20056,경기도 고양시 덕양구 행신2동,29708,303067.28,2025,1
4,4128165000,12632,경기도 고양시 덕양구 행신2동,29698,296680.44,2025,1
5,4128165000,3482,경기도 고양시 덕양구 행신2동,29691,302103.78,2025,1
6,4128165000,4000,경기도 고양시 덕양구 행신2동,29654,302085.44,2025,1
7,4128166000,27664201,경기도 고양시 덕양구 화전동,27871,52047.19,2023,1
8,4128166000,3546097,경기도 고양시 덕양구 화전동,27872,49137.12,2023,1
9,4128166000,469824,경기도 고양시 덕양구 화전동,27858,49228.68,2023,1
10,4128166000,502012,경기도 고양시 덕양구 화전동,27884,51971.77,2023,1
11,4128166000,512205,경기도 고양시 덕양구 화전동,27901,51989.28,2023,1
12,4128166000,618479,경기도 고양시 덕양구 화전동,27947,49517.87,2023,1
1,4128166000,424423,경기도 고양시 덕양구 화전동,27923,39108.78,2024,1
2,4128166000,98949,경기도 고양시 덕양구 화전동,27904,43625.1,2024,1
3,4128166000,58812,경기도 고양시 덕양구 화전동,27897,50007.33,2024,1
4,4128166000,46031,경기도 고양시 덕양구 화전동,27832,45950.11,2024,1
5,4128166000,304015,경기도 고양시 덕양구 화전동,27862,46257.37,2024,1
6,4128166000,416694,경기도 고양시 덕양구 화전동,27903,44519.67,2024,1
7,4128166000,475701,경기도 고양시 덕양구 화전동,27951,46624.32,2024,1
8,4128166000,432194,경기도 고양시 덕양구 화전동,27993,48861.72,2024,1
9,4128166000,621172,경기도 고양시 덕양구 화전동,27995,50313.55,2024,1
10,4128166000,758274,경기도 고양시 덕양구 화전동,27962,47894.42,2024,1
11,4128166000,760336,경기도 고양시 덕양구 화전동,27935,49240.59,2024,1
12,4128166000,683492,경기도 고양시 덕양구 화전동,27926,48812.1,2024,1
1,4128166000,429654,경기도 고양시 덕양구 화전동,27904,49076.88,2025,1
2,4128166000,130683,경기도 고양시 덕양구 화전동,27857,48247.25,2025,1
3,4128166000,74263,경기도 고양시 덕양구 화전동,27838,50576.31,2025,1
4,4128166000,47602,경기도 고양시 덕양구 화전동,27849,52541.89,2025,1
5,4128166000,25508,경기도 고양시 덕양구 화전동,27857,55164.6,2025,1
6,4128166000,36465,경기도 고양시 덕양구 화전동,27856,53162.6,2025,1
7,4128167000,297310,경기도 고양시 덕양구 대덕동,14769,50823.64,2023,1
8,4128167000,90966,경기도 고양시 덕양구 대덕동,14849,50325.21,2023,1
9,4128167000,48038,경기도 고양시 덕양구 대덕동,14998,61387.4,2023,1
10,4128167000,38310,경기도 고양시 덕양구 대덕동,15454,62854.29,2023,1
11,4128167000,73266,경기도 고양시 덕양구 대덕동,15810,59211.29,2023,1
12,4128167000,64896,경기도 고양시 덕양구 대덕동,16014,47425.44,2023,1
1,4128167000,100746,경기도 고양시 덕양구 대덕동,16121,117075.68,2024,1
2,4128167000,47316,경기도 고양시 덕양구 대덕동,16220,83829.07,2024,1
3,4128167000,22282,경기도 고양시 덕양구 대덕동,16361,111679.73,2024,1
4,4128167000,20928,경기도 고양시 덕양구 대덕동,16448,101945.53,2024,1
5,4128167000,31374,경기도 고양시 덕양구 대덕동,16539,104573.01,2024,1
6,4128167000,194108,경기도 고양시 덕양구 대덕동,16636,97401.89,2024,1
7,4128167000,73458,경기도 고양시 덕양구 대덕동,16671,94582.18,2024,1
8,4128167000,52198,경기도 고양시 덕양구 대덕동,16689,102702.42,2024,1
9,4128167000,64880,경기도 고양시 덕양구 대덕동,16751,106385.29,2024,1
10,4128167000,169057,경기도 고양시 덕양구 대덕동,16748,107461.58,2024,1
11,4128167000,64816,경기도 고양시 덕양구 대덕동,16701,99172.4,2024,1
12,4128167000,81692,경기도 고양시 덕양구 대덕동,16658,89164.65,2024,1
1,4128167000,87848,경기도 고양시 덕양구 대덕동,16638,86755.43,2025,1
2,4128167000,120218,경기도 고양시 덕양구 대덕동,16608,87610.65,2025,1
3,4128167000,28372,경기도 고양시 덕양구 대덕동,16681,108785.94,2025,1
4,4128167000,31392,경기도 고양시 덕양구 대덕동,16732,98686.44,2025,1
5,4128167000,44200,경기도 고양시 덕양구 대덕동,16755,97261.64,2025,1
6,4128167000,25370,경기도 고양시 덕양구 대덕동,16808,92353.7,2025,1
7,4128551000,51158742,경기도 고양시 일산동구 식사동,40604,142847.31,2023,1
8,4128551000,6256923,경기도 고양시 일산동구 식사동,40594,137301.23,2023,1
9,4128551000,541206,경기도 고양시 일산동구 식사동,40630,137095.17,2023,1
10,4128551000,614455,경기도 고양시 일산동구 식사동,40752,139814.27,2023,1
11,4128551000,413087,경기도 고양시 일산동구 식사동,40804,138269.6,2023,1
12,4128551000,497021,경기도 고양시 일산동구 식사동,40820,144228.05,2023,1
1,4128551000,465308,경기도 고양시 일산동구 식사동,40819,142236.44,2024,1
2,4128551000,201357,경기도 고양시 일산동구 식사동,40908,132349.25,2024,1
3,4128551000,143266,경기도 고양시 일산동구 식사동,40859,156094.72,2024,1
4,4128551000,299240,경기도 고양시 일산동구 식사동,40797,145850.73,2024,1
5,4128551000,290803,경기도 고양시 일산동구 식사동,40773,149250.56,2024,1
6,4128551000,360209,경기도 고양시 일산동구 식사동,40731,151070.75,2024,1
7,4128551000,456915,경기도 고양시 일산동구 식사동,40726,145837.1,2024,1
8,4128551000,341950,경기도 고양시 일산동구 식사동,40671,145136.02,2024,1
9,4128551000,786881,경기도 고양시 일산동구 식사동,40707,158652.8,2024,1
10,4128551000,472357,경기도 고양시 일산동구 식사동,40725,148902.02,2024,1
11,4128551000,540737,경기도 고양시 일산동구 식사동,40764,142931.55,2024,1
12,4128551000,717475,경기도 고양시 일산동구 식사동,40707,143215.45,2024,1
1,4128551000,251938,경기도 고양시 일산동구 식사동,40734,142899.34,2025,1
2,4128551000,138956,경기도 고양시 일산동구 식사동,40706,132538.31,2025,1
3,4128551000,194860,경기도 고양시 일산동구 식사동,40701,146675.78,2025,1
4,4128551000,67264,경기도 고양시 일산동구 식사동,40677,141042.48,2025,1
5,4128551000,123898,경기도 고양시 일산동구 식사동,40687,144385.56,2025,1
6,4128551000,79426,경기도 고양시 일산동구 식사동,40656,142370.62,2025,1
7,4128553000,27156499,경기도 고양시 일산동구 정발산동,22130,706247.9,2023,1
8,4128553000,3315832,경기도 고양시 일산동구 정발산동,22086,684324.3,2023,1
9,4128553000,216705,경기도 고양시 일산동구 정발산동,22032,643776.2,2023,1
10,4128553000,332273,경기도 고양시 일산동구 정발산동,21936,642073.56,2023,1
11,4128553000,367572,경기도 고양시 일산동구 정발산동,21925,623951.94,2023,1
12,4128553000,360539,경기도 고양시 일산동구 정발산동,21917,640870.1,2023,1
1,4128553000,459553,경기도 고양시 일산동구 정발산동,21939,616707.25,2024,1
2,4128553000,117805,경기도 고양시 일산동구 정발산동,21924,601014.44,2024,1
3,4128553000,65907,경기도 고양시 일산동구 정발산동,21939,683012.06,2024,1
4,4128553000,125786,경기도 고양시 일산동구 정발산동,21849,654830.56,2024,1
5,4128553000,209327,경기도 고양시 일산동구 정발산동,21756,649031.6,2024,1
6,4128553000,241804,경기도 고양시 일산동구 정발산동,21718,633755.44,2024,1
7,4128553000,490412,경기도 고양시 일산동구 정발산동,21603,650933.25,2024,1
8,4128553000,370814,경기도 고양시 일산동구 정발산동,21532,658571.6,2024,1
9,4128553000,289995,경기도 고양시 일산동구 정발산동,21519,699164.9,2024,1
10,4128553000,258107,경기도 고양시 일산동구 정발산동,21487,672978.5,2024,1
11,4128553000,345236,경기도 고양시 일산동구 정발산동,21472,635523.44,2024,1
12,4128553000,490388,경기도 고양시 일산동구 정발산동,21473,644594.25,2024,1
1,4128553000,230045,경기도 고양시 일산동구 정발산동,21453,670008.7,2025,1
2,4128553000,186846,경기도 고양시 일산동구 정발산동,21386,605366.0,2025,1
3,4128553000,87941,경기도 고양시 일산동구 정발산동,21410,647830.75,2025,1
4,4128553000,71892,경기도 고양시 일산동구 정발산동,21383,629362.7,2025,1
5,4128553000,68134,경기도 고양시 일산동구 정발산동,21343,650464.1,2025,1
6,4128553000,34476,경기도 고양시 일산동구 정발산동,21303,622369.0,2025,1
7,4128554000,76503886,경기도 고양시 일산동구 풍산동,37363,745996.56,2023,1
8,4128554000,10918033,경기도 고양시 일산동구 풍산동,37295,707705.4,2023,1
9,4128554000,703269,경기도 고양시 일산동구 풍산동,37235,699879.5,2023,1
10,4128554000,742402,경기도 고양시 일산동구 풍산동,37193,711291.0,2023,1
11,4128554000,612994,경기도 고양시 일산동구 풍산동,37168,713319.6,2023,1
12,4128554000,697663,경기도 고양시 일산동구 풍산동,37162,710733.56,2023,1
1,4128554000,472527,경기도 고양시 일산동구 풍산동,37096,716665.5,2024,1
2,4128554000,183099,경기도 고양시 일산동구 풍산동,37052,650252.9,2024,1
3,4128554000,183176,경기도 고양시 일산동구 풍산동,36939,730296.9,2024,1
4,4128554000,150872,경기도 고양시 일산동구 풍산동,36911,695392.9,2024,1
5,4128554000,327249,경기도 고양시 일산동구 풍산동,36906,703753.0,2024,1
6,4128554000,534468,경기도 고양시 일산동구 풍산동,36825,696883.5,2024,1
7,4128554000,543954,경기도 고양시 일산동구 풍산동,36875,712310.56,2024,1
8,4128554000,504597,경기도 고양시 일산동구 풍산동,36872,703322.4,2024,1
9,4128554000,718039,경기도 고양시 일산동구 풍산동,36824,748435.9,2024,1
10,4128554000,454637,경기도 고양시 일산동구 풍산동,36768,708606.2,2024,1
11,4128554000,499934,경기도 고양시 일산동구 풍산동,36762,684303.6,2024,1
12,4128554000,617487,경기도 고양시 일산동구 풍산동,36727,698057.8,2024,1
1,4128554000,353540,경기도 고양시 일산동구 풍산동,36696,719142.9,2025,1
2,4128554000,266782,경기도 고양시 일산동구 풍산동,36699,675373.94,2025,1
3,4128554000,213660,경기도 고양시 일산동구 풍산동,36655,714034.8,2025,1
4,4128554000,159762,경기도 고양시 일산동구 풍산동,36623,697241.0,2025,1
5,4128554000,112605,경기도 고양시 일산동구 풍산동,36613,728160.06,2025,1
6,4128554000,102134,경기도 고양시 일산동구 풍산동,36598,707588.8,2025,1
7,4128555100,30755726,경기도 고양시 일산동구 백석1동,29139,771681.5,2023,1
8,4128555100,3929586,경기도 고양시 일산동구 백석1동,29103,745289.8,2023,1
9,4128555100,614560,경기도 고양시 일산동구 백석1동,29040,752152.8,2023,1
10,4128555100,541296,경기도 고양시 일산동구 백석1동,29048,734578.1,2023,1
11,4128555100,562110,경기도 고양시 일산동구 백석1동,29043,770313.75,2023,1
12,4128555100,600906,경기도 고양시 일산동구 백석1동,29048,821123.75,2023,1
1,4128555100,362204,경기도 고양시 일산동구 백석1동,29009,787753.56,2024,1
2,4128555100,147146,경기도 고양시 일산동구 백석1동,28992,702832.9,2024,1
3,4128555100,105928,경기도 고양시 일산동구 백석1동,28878,788389.6,2024,1
4,4128555100,141676,경기도 고양시 일산동구 백석1동,28799,775446.6,2024,1
5,4128555100,283018,경기도 고양시 일산동구 백석1동,28764,758487.75,2024,1
6,4128555100,346450,경기도 고양시 일산동구 백석1동,28725,730908.1,2024,1
7,4128555100,485362,경기도 고양시 일산동구 백석1동,28626,761418.06,2024,1
8,4128555100,456358,경기도 고양시 일산동구 백석1동,28645,772874.5,2024,1
9,4128555100,462200,경기도 고양시 일산동구 백석1동,28621,792244.06,2024,1
10,4128555100,371538,경기도 고양시 일산동구 백석1동,28600,753022.1,2024,1
11,4128555100,510132,경기도 고양시 일산동구 백석1동,28622,759885.94,2024,1
12,4128555100,585398,경기도 고양시 일산동구 백석1동,28608,778448.8,2024,1
1,4128555100,314248,경기도 고양시 일산동구 백석1동,28539,789959.9,2025,1
2,4128555100,213882,경기도 고양시 일산동구 백석1동,28538,729149.44,2025,1
3,4128555100,142176,경기도 고양시 일산동구 백석1동,28513,745425.5,2025,1
4,4128555100,103746,경기도 고양시 일산동구 백석1동,28536,700147.3,2025,1
5,4128555100,62150,경기도 고양시 일산동구 백석1동,28540,732736.3,2025,1
6,4128555100,93062,경기도 고양시 일산동구 백석1동,28473,710070.7,2025,1
7,4128555200,29675708,경기도 고양시 일산동구 백석2동,20146,1405389.8,2023,1
8,4128555200,3517941,경기도 고양시 일산동구 백석2동,20126,1301341.4,2023,1
9,4128555200,446222,경기도 고양시 일산동구 백석2동,20122,1271995.6,2023,1
10,4128555200,429917,경기도 고양시 일산동구 백석2동,20061,1313787.5,2023,1
11,4128555200,495275,경기도 고양시 일산동구 백석2동,20058,1235780.0,2023,1
12,4128555200,592192,경기도 고양시 일산동구 백석2동,20097,1291024.8,2023,1
1,4128555200,350948,경기도 고양시 일산동구 백석2동,20097,1271762.6,2024,1
2,4128555200,152493,경기도 고양시 일산동구 백석2동,20111,1148192.4,2024,1
3,4128555200,100787,경기도 고양시 일산동구 백석2동,20091,1279131.2,2024,1
4,4128555200,99834,경기도 고양시 일산동구 백석2동,20030,1219298.4,2024,1
5,4128555200,251950,경기도 고양시 일산동구 백석2동,20004,1239840.9,2024,1
6,4128555200,355605,경기도 고양시 일산동구 백석2동,20010,1225547.8,2024,1
7,4128555200,361669,경기도 고양시 일산동구 백석2동,20077,1246022.8,2024,1
8,4128555200,402317,경기도 고양시 일산동구 백석2동,20098,1235072.4,2024,1
9,4128555200,450267,경기도 고양시 일산동구 백석2동,20082,1256474.1,2024,1
10,4128555200,498968,경기도 고양시 일산동구 백석2동,20049,1132573.6,2024,1
11,4128555200,430739,경기도 고양시 일산동구 백석2동,20060,1115942.0,2024,1
12,4128555200,570479,경기도 고양시 일산동구 백석2동,20040,1134260.1,2024,1
1,4128555200,244147,경기도 고양시 일산동구 백석2동,20020,1171494.2,2025,1
2,4128555200,182842,경기도 고양시 일산동구 백석2동,20064,1081095.9,2025,1
3,4128555200,119067,경기도 고양시 일산동구 백석2동,20083,1158518.8,2025,1
4,4128555200,78198,경기도 고양시 일산동구 백석2동,20066,1232716.4,2025,1
5,4128555200,92591,경기도 고양시 일산동구 백석2동,20103,1229784.4,2025,1
6,4128555200,55103,경기도 고양시 일산동구 백석2동,20108,1194395.8,2025,1
7,4128556000,76517309,경기도 고양시 일산동구 마두1동,23090,656027.3,2023,1
8,4128556000,11528403,경기도 고양시 일산동구 마두1동,23104,648763.25,2023,1
9,4128556000,337532,경기도 고양시 일산동구 마두1동,23074,614930.6,2023,1
10,4128556000,300748,경기도 고양시 일산동구 마두1동,23057,632579.75,2023,1
11,4128556000,299892,경기도 고양시 일산동구 마두1동,23040,635720.3,2023,1
12,4128556000,569034,경기도 고양시 일산동구 마두1동,23026,626744.06,2023,1
1,4128556000,646892,경기도 고양시 일산동구 마두1동,23070,676752.06,2024,1
2,4128556000,217314,경기도 고양시 일산동구 마두1동,23066,573473.56,2024,1
3,4128556000,315158,경기도 고양시 일산동구 마두1동,23024,640549.7,2024,1
4,4128556000,187920,경기도 고양시 일산동구 마두1동,22960,640996.0,2024,1
5,4128556000,311496,경기도 고양시 일산동구 마두1동,22928,645543.7,2024,1
6,4128556000,386598,경기도 고양시 일산동구 마두1동,22923,657772.75,2024,1
7,4128556000,619716,경기도 고양시 일산동구 마두1동,22845,673127.06,2024,1
8,4128556000,626840,경기도 고양시 일산동구 마두1동,22840,639443.06,2024,1
9,4128556000,578880,경기도 고양시 일산동구 마두1동,22805,701451.8,2024,1
10,4128556000,527780,경기도 고양시 일산동구 마두1동,22754,696999.44,2024,1
11,4128556000,407132,경기도 고양시 일산동구 마두1동,22748,684681.7,2024,1
12,4128556000,823302,경기도 고양시 일산동구 마두1동,22730,691554.44,2024,1
1,4128556000,403948,경기도 고양시 일산동구 마두1동,22703,678552.7,2025,1
2,4128556000,381364,경기도 고양시 일산동구 마두1동,22688,643657.6,2025,1
3,4128556000,410604,경기도 고양시 일산동구 마두1동,22639,675533.8,2025,1
4,4128556000,134878,경기도 고양시 일산동구 마두1동,22637,668628.44,2025,1
5,4128556000,160012,경기도 고양시 일산동구 마두1동,22617,656980.7,2025,1
6,4128556000,92800,경기도 고양시 일산동구 마두1동,22629,638549.3,2025,1
7,4128559000,146039008,경기도 고양시 일산동구 장항2동,26573,672404.8,2023,1
8,4128559000,30178956,경기도 고양시 일산동구 장항2동,26563,648032.44,2023,1
9,4128559000,176368,경기도 고양시 일산동구 장항2동,26606,622980.5,2023,1
10,4128559000,172638,경기도 고양시 일산동구 장항2동,26586,661524.6,2023,1
11,4128559000,109022,경기도 고양시 일산동구 장항2동,26507,605093.94,2023,1
12,4128559000,125298,경기도 고양시 일산동구 장항2동,26531,635527.5,2023,1
1,4128559000,133968,경기도 고양시 일산동구 장항2동,26575,624701.5,2024,1
2,4128559000,56400,경기도 고양시 일산동구 장항2동,26629,567444.44,2024,1
3,4128559000,97450,경기도 고양시 일산동구 장항2동,26630,651715.7,2024,1
4,4128559000,179000,경기도 고양시 일산동구 장항2동,26570,668124.4,2024,1
5,4128559000,87650,경기도 고양시 일산동구 장항2동,26597,685550.75,2024,1
6,4128559000,223026,경기도 고양시 일산동구 장항2동,26596,625166.06,2024,1
7,4128559000,119856,경기도 고양시 일산동구 장항2동,26566,661450.06,2024,1
8,4128559000,101482,경기도 고양시 일산동구 장항2동,26565,638166.5,2024,1
9,4128559000,232610,경기도 고양시 일산동구 장항2동,26523,659626.2,2024,1
10,4128559000,208146,경기도 고양시 일산동구 장항2동,26545,665716.7,2024,1
11,4128559000,167996,경기도 고양시 일산동구 장항2동,26544,597887.1,2024,1
12,4128559000,143128,경기도 고양시 일산동구 장항2동,26612,607188.44,2024,1
1,4128559000,59436,경기도 고양시 일산동구 장항2동,26626,610303.06,2025,1
2,4128559000,59192,경기도 고양시 일산동구 장항2동,26650,590621.3,2025,1
3,4128559000,118196,경기도 고양시 일산동구 장항2동,26666,606010.94,2025,1
4,4128559000,76892,경기도 고양시 일산동구 장항2동,26657,604510.25,2025,1
5,4128559000,74382,경기도 고양시 일산동구 장항2동,26699,654801.44,2025,1
6,4128559000,79008,경기도 고양시 일산동구 장항2동,26669,590310.06,2025,1
7,4128560000,6679363,경기도 고양시 일산동구 고봉동,22234,46509.79,2023,1
8,4128560000,996308,경기도 고양시 일산동구 고봉동,22177,44278.57,2023,1
9,4128560000,176638,경기도 고양시 일산동구 고봉동,22153,45008.11,2023,1
10,4128560000,113093,경기도 고양시 일산동구 고봉동,22094,45046.28,2023,1
11,4128560000,138514,경기도 고양시 일산동구 고봉동,22063,43592.37,2023,1
12,4128560000,95731,경기도 고양시 일산동구 고봉동,22014,43930.64,2023,1
1,4128560000,61340,경기도 고양시 일산동구 고봉동,21968,44550.79,2024,1
2,4128560000,48094,경기도 고양시 일산동구 고봉동,21917,40006.43,2024,1
3,4128560000,24358,경기도 고양시 일산동구 고봉동,21908,45591.8,2024,1
4,4128560000,34024,경기도 고양시 일산동구 고봉동,21803,44272.32,2024,1
5,4128560000,44202,경기도 고양시 일산동구 고봉동,21779,44654.67,2024,1
6,4128560000,87478,경기도 고양시 일산동구 고봉동,21750,43935.68,2024,1
7,4128560000,105862,경기도 고양시 일산동구 고봉동,21668,45264.92,2024,1
8,4128560000,82056,경기도 고양시 일산동구 고봉동,21604,44461.34,2024,1
9,4128560000,174878,경기도 고양시 일산동구 고봉동,21556,47676.73,2024,1
10,4128560000,96500,경기도 고양시 일산동구 고봉동,21447,44983.63,2024,1
11,4128560000,98076,경기도 고양시 일산동구 고봉동,21389,44162.26,2024,1
12,4128560000,94996,경기도 고양시 일산동구 고봉동,21356,45182.45,2024,1
1,4128560000,44514,경기도 고양시 일산동구 고봉동,21289,49140.38,2025,1
2,4128560000,23056,경기도 고양시 일산동구 고봉동,21228,45217.19,2025,1
3,4128560000,28138,경기도 고양시 일산동구 고봉동,21191,45493.23,2025,1
4,4128560000,11080,경기도 고양시 일산동구 고봉동,21144,46243.57,2025,1
5,4128560000,15404,경기도 고양시 일산동구 고봉동,21151,45960.75,2025,1
6,4128560000,11120,경기도 고양시 일산동구 고봉동,21113,43993.88,2025,1
7,4128751000,16196570,경기도 고양시 일산서구 일산1동,25815,827996.06,2023,1
8,4128751000,2426193,경기도 고양시 일산서구 일산1동,25817,748896.94,2023,1
9,4128751000,262324,경기도 고양시 일산서구 일산1동,25748,759965.9,2023,1
10,4128751000,253482,경기도 고양시 일산서구 일산1동,25717,783767.94,2023,1
11,4128751000,236178,경기도 고양시 일산서구 일산1동,25653,743716.7,2023,1
12,4128751000,380951,경기도 고양시 일산서구 일산1동,25650,788321.2,2023,1
1,4128751000,162480,경기도 고양시 일산서구 일산1동,25590,918406.9,2024,1
2,4128751000,133799,경기도 고양시 일산서구 일산1동,25572,821349.44,2024,1
3,4128751000,50011,경기도 고양시 일산서구 일산1동,25535,921766.3,2024,1
4,4128751000,15612,경기도 고양시 일산서구 일산1동,25455,751961.06,2024,1
5,4128751000,69031,경기도 고양시 일산서구 일산1동,25407,747662.94,2024,1
6,4128751000,433065,경기도 고양시 일산서구 일산1동,25329,872393.8,2024,1
7,4128751000,256398,경기도 고양시 일산서구 일산1동,25332,939555.75,2024,1
8,4128751000,157411,경기도 고양시 일산서구 일산1동,25326,951429.56,2024,1
9,4128751000,348744,경기도 고양시 일산서구 일산1동,25287,1024549.8,2024,1
10,4128751000,379196,경기도 고양시 일산서구 일산1동,25267,992125.44,2024,1
11,4128751000,701585,경기도 고양시 일산서구 일산1동,25189,955857.3,2024,1
12,4128751000,256762,경기도 고양시 일산서구 일산1동,25182,942500.3,2024,1
1,4128751000,148994,경기도 고양시 일산서구 일산1동,25147,1009038.2,2025,1
2,4128751000,364738,경기도 고양시 일산서구 일산1동,25081,906735.8,2025,1
3,4128751000,35274,경기도 고양시 일산서구 일산1동,25083,968421.5,2025,1
4,4128751000,66125,경기도 고양시 일산서구 일산1동,25059,936028.7,2025,1
5,4128751000,79429,경기도 고양시 일산서구 일산1동,25015,1074346.2,2025,1
6,4128751000,45985,경기도 고양시 일산서구 일산1동,25000,1005931.1,2025,1
7,4128752000,29619148,경기도 고양시 일산서구 일산2동,19162,984165.44,2023,1
8,4128752000,4251665,경기도 고양시 일산서구 일산2동,19156,916969.0,2023,1
9,4128752000,1963001,경기도 고양시 일산서구 일산2동,19149,1015229.75,2023,1
10,4128752000,1521403,경기도 고양시 일산서구 일산2동,19115,952757.6,2023,1
11,4128752000,1937769,경기도 고양시 일산서구 일산2동,19128,896412.75,2023,1
12,4128752000,1748670,경기도 고양시 일산서구 일산2동,19145,935661.3,2023,1
1,4128752000,1334956,경기도 고양시 일산서구 일산2동,19112,888408.75,2024,1
2,4128752000,901467,경기도 고양시 일산서구 일산2동,19060,902676.3,2024,1
3,4128752000,365199,경기도 고양시 일산서구 일산2동,19053,945464.3,2024,1
4,4128752000,491598,경기도 고양시 일산서구 일산2동,19010,895130.06,2024,1
5,4128752000,633111,경기도 고양시 일산서구 일산2동,18965,944913.2,2024,1
6,4128752000,1405318,경기도 고양시 일산서구 일산2동,18966,845018.94,2024,1
7,4128752000,1456635,경기도 고양시 일산서구 일산2동,18985,884736.9,2024,1
8,4128752000,1433221,경기도 고양시 일산서구 일산2동,18953,923133.94,2024,1
9,4128752000,1848470,경기도 고양시 일산서구 일산2동,18927,1006133.1,2024,1
10,4128752000,1488366,경기도 고양시 일산서구 일산2동,18866,1010845.2,2024,1
11,4128752000,1725981,경기도 고양시 일산서구 일산2동,18823,894507.44,2024,1
12,4128752000,2066478,경기도 고양시 일산서구 일산2동,18798,934203.6,2024,1
1,4128752000,1469998,경기도 고양시 일산서구 일산2동,18787,1026422.0,2025,1
2,4128752000,767160,경기도 고양시 일산서구 일산2동,18737,923971.6,2025,1
3,4128752000,558627,경기도 고양시 일산서구 일산2동,18697,944121.75,2025,1
4,4128752000,331390,경기도 고양시 일산서구 일산2동,18653,909236.3,2025,1
5,4128752000,351855,경기도 고양시 일산서구 일산2동,18573,949379.4,2025,1
6,4128752000,276049,경기도 고양시 일산서구 일산2동,18563,897385.6,2025,1
7,4128755000,66275595,경기도 고양시 일산서구 주엽1동,26958,1552381.9,2023,1
8,4128755000,8659620,경기도 고양시 일산서구 주엽1동,26922,1501806.6,2023,1
9,4128755000,683603,경기도 고양시 일산서구 주엽1동,26908,1441929.5,2023,1
10,4128755000,634691,경기도 고양시 일산서구 주엽1동,26837,1460985.4,2023,1
11,4128755000,825879,경기도 고양시 일산서구 주엽1동,26794,1401935.5,2023,1
12,4128755000,862641,경기도 고양시 일산서구 주엽1동,26840,1441034.5,2023,1
1,4128755000,727905,경기도 고양시 일산서구 주엽1동,26820,1451603.8,2024,1
2,4128755000,370154,경기도 고양시 일산서구 주엽1동,26795,1336394.8,2024,1
3,4128755000,324721,경기도 고양시 일산서구 주엽1동,26737,1513110.4,2024,1
4,4128755000,356078,경기도 고양시 일산서구 주엽1동,26651,1467750.0,2024,1
5,4128755000,392736,경기도 고양시 일산서구 주엽1동,26546,1517018.1,2024,1
6,4128755000,675857,경기도 고양시 일산서구 주엽1동,26532,1463075.8,2024,1
7,4128755000,911043,경기도 고양시 일산서구 주엽1동,26447,1502087.1,2024,1
8,4128755000,937941,경기도 고양시 일산서구 주엽1동,26480,1592302.1,2024,1
9,4128755000,888463,경기도 고양시 일산서구 주엽1동,26439,1597498.8,2024,1
10,4128755000,710871,경기도 고양시 일산서구 주엽1동,26361,1466802.4,2024,1
11,4128755000,873592,경기도 고양시 일산서구 주엽1동,26325,1376743.1,2024,1
12,4128755000,891956,경기도 고양시 일산서구 주엽1동,26294,1380185.2,2024,1
1,4128755000,387018,경기도 고양시 일산서구 주엽1동,26270,1472720.0,2025,1
2,4128755000,435030,경기도 고양시 일산서구 주엽1동,26238,1356032.9,2025,1
3,4128755000,89927,경기도 고양시 일산서구 주엽1동,26200,1396792.8,2025,1
4,4128755000,23865,경기도 고양시 일산서구 주엽1동,26176,1403557.6,2025,1
5,4128755000,66676,경기도 고양시 일산서구 주엽1동,26148,1442624.6,2025,1
6,4128755000,23206,경기도 고양시 일산서구 주엽1동,26113,1392448.5,2025,1
7,4128756000,58062204,경기도 고양시 일산서구 주엽2동,27512,242338.69,2023,1
8,4128756000,8830814,경기도 고양시 일산서구 주엽2동,27446,230797.42,2023,1
9,4128756000,223091,경기도 고양시 일산서구 주엽2동,27374,220416.17,2023,1
10,4128756000,207849,경기도 고양시 일산서구 주엽2동,27376,221477.48,2023,1
11,4128756000,88786,경기도 고양시 일산서구 주엽2동,27308,212872.27,2023,1
12,4128756000,100952,경기도 고양시 일산서구 주엽2동,27285,219804.06,2023,1
1,4128756000,134566,경기도 고양시 일산서구 주엽2동,27250,225585.7,2024,1
2,4128756000,41141,경기도 고양시 일산서구 주엽2동,27282,204343.2,2024,1
3,4128756000,28394,경기도 고양시 일산서구 주엽2동,27278,229388.02,2024,1
4,4128756000,36891,경기도 고양시 일산서구 주엽2동,27159,222733.72,2024,1
5,4128756000,44113,경기도 고양시 일산서구 주엽2동,27123,216937.45,2024,1
6,4128756000,133765,경기도 고양시 일산서구 주엽2동,27114,217510.42,2024,1
7,4128756000,131247,경기도 고양시 일산서구 주엽2동,27099,213349.14,2024,1
8,4128756000,170140,경기도 고양시 일산서구 주엽2동,27043,232002.4,2024,1
9,4128756000,290639,경기도 고양시 일산서구 주엽2동,27018,239396.02,2024,1
10,4128756000,143198,경기도 고양시 일산서구 주엽2동,26990,223906.48,2024,1
11,4128756000,154585,경기도 고양시 일산서구 주엽2동,26960,214515.8,2024,1
12,4128756000,197352,경기도 고양시 일산서구 주엽2동,26984,212623.84,2024,1
1,4128756000,41276,경기도 고양시 일산서구 주엽2동,26912,224265.53,2025,1
2,4128756000,68527,경기도 고양시 일산서구 주엽2동,26832,206828.58,2025,1
3,4128756000,17405,경기도 고양시 일산서구 주엽2동,26764,225389.25,2025,1
4,4128756000,28799,경기도 고양시 일산서구 주엽2동,26699,222467.25,2025,1
5,4128756000,20166,경기도 고양시 일산서구 주엽2동,26669,228185.73,2025,1
6,4128756000,30918,경기도 고양시 일산서구 주엽2동,26634,219298.56,2025,1
7,4128757000,51771246,경기도 고양시 일산서구 대화동,34792,328032.38,2023,1
8,4128757000,5711824,경기도 고양시 일산서구 대화동,34708,343233.8,2023,1
9,4128757000,312628,경기도 고양시 일산서구 대화동,34701,315964.0,2023,1
10,4128757000,394117,경기도 고양시 일산서구 대화동,34626,327547.5,2023,1
11,4128757000,415108,경기도 고양시 일산서구 대화동,34576,316642.72,2023,1
12,4128757000,265554,경기도 고양시 일산서구 대화동,34576,328173.5,2023,1
1,4128757000,341681,경기도 고양시 일산서구 대화동,34574,300633.0,2024,1
2,4128757000,107956,경기도 고양시 일산서구 대화동,34548,286260.62,2024,1
3,4128757000,110866,경기도 고양시 일산서구 대화동,34507,320513.62,2024,1
4,4128757000,72735,경기도 고양시 일산서구 대화동,34385,318919.34,2024,1
5,4128757000,168974,경기도 고양시 일산서구 대화동,34352,347352.03,2024,1
6,4128757000,531769,경기도 고양시 일산서구 대화동,34249,312207.2,2024,1
7,4128757000,521402,경기도 고양시 일산서구 대화동,34232,342143.56,2024,1
8,4128757000,432305,경기도 고양시 일산서구 대화동,34236,328727.44,2024,1
9,4128757000,509347,경기도 고양시 일산서구 대화동,34189,322792.88,2024,1
10,4128757000,443314,경기도 고양시 일산서구 대화동,34109,320022.88,2024,1
11,4128757000,568457,경기도 고양시 일산서구 대화동,34114,301883.28,2024,1
12,4128757000,709417,경기도 고양시 일산서구 대화동,34060,314040.03,2024,1
1,4128757000,323971,경기도 고양시 일산서구 대화동,34139,306284.97,2025,1
2,4128757000,245434,경기도 고양시 일산서구 대화동,34040,295136.62,2025,1
3,4128757000,110303,경기도 고양시 일산서구 대화동,33956,317786.12,2025,1
4,4128757000,30744,경기도 고양시 일산서구 대화동,34000,356953.44,2025,1
5,4128757000,28383,경기도 고양시 일산서구 대화동,33941,339737.84,2025,1
6,4128757000,26037,경기도 고양시 일산서구 대화동,33928,306878.34,2025,1
7,4129051000,66609316,경기도 과천시 중앙동,11319,214870.44,2023,0
8,4129051000,9842351,경기도 과천시 중앙동,11301,215439.4,2023,0
9,4129051000,2043051,경기도 과천시 중앙동,11320,207775.5,2023,0
10,4129051000,1166528,경기도 과천시 중앙동,11318,210285.2,2023,0
11,4129051000,1608558,경기도 과천시 중앙동,11346,213755.94,2023,0
12,4129051000,1360490,경기도 과천시 중앙동,11343,205692.33,2023,0
1,4129051000,1519340,경기도 과천시 중앙동,11323,206264.9,2024,0
2,4129051000,1620274,경기도 과천시 중앙동,11380,187032.77,2024,0
3,4129051000,1107870,경기도 과천시 중앙동,11331,218079.84,2024,0
4,4129051000,1870719,경기도 과천시 중앙동,11281,222537.75,2024,0
5,4129051000,1489617,경기도 과천시 중앙동,11221,229766.8,2024,0
6,4129051000,1580938,경기도 과천시 중앙동,11227,240942.38,2024,0
7,4129051000,1289224,경기도 과천시 중앙동,11215,255466.66,2024,0
8,4129051000,1160347,경기도 과천시 중앙동,11223,218454.16,2024,0
9,4129051000,1783026,경기도 과천시 중앙동,11231,221865.23,2024,0
10,4129051000,919921,경기도 과천시 중앙동,11256,227747.69,2024,0
11,4129051000,1571185,경기도 과천시 중앙동,11270,224834.98,2024,0
12,4129051000,1825519,경기도 과천시 중앙동,11270,216926.48,2024,0
1,4129051000,2094356,경기도 과천시 중앙동,11291,214571.9,2025,0
2,4129051000,2177727,경기도 과천시 중앙동,11317,215220.39,2025,0
3,4129051000,1873689,경기도 과천시 중앙동,11348,227375.52,2025,0
4,4129051000,1855226,경기도 과천시 중앙동,11393,232179.3,2025,0
5,4129051000,1082347,경기도 과천시 중앙동,11405,222169.66,2025,0
6,4129051000,1505545,경기도 과천시 중앙동,11467,218761.78,2025,0
7,4129052000,77381373,경기도 과천시 갈현동,9984,31476.71,2023,0
8,4129052000,15640520,경기도 과천시 갈현동,10849,31922.48,2023,0
9,4129052000,4233024,경기도 과천시 갈현동,11091,30693.08,2023,0
10,4129052000,3733253,경기도 과천시 갈현동,11216,32322.91,2023,0
11,4129052000,3167053,경기도 과천시 갈현동,11334,32819.0,2023,0
12,4129052000,3684689,경기도 과천시 갈현동,11410,32500.26,2023,0
1,4129052000,3058102,경기도 과천시 갈현동,11556,36956.53,2024,0
2,4129052000,2705521,경기도 과천시 갈현동,12210,35439.82,2024,0
3,4129052000,1846463,경기도 과천시 갈현동,13450,53775.29,2024,0
4,4129052000,2650838,경기도 과천시 갈현동,14052,63195.12,2024,0
5,4129052000,2282066,경기도 과천시 갈현동,15238,59826.41,2024,0
6,4129052000,2494201,경기도 과천시 갈현동,15963,54482.99,2024,0
7,4129052000,2924586,경기도 과천시 갈현동,16217,57205.5,2024,0
8,4129052000,3620317,경기도 과천시 갈현동,16391,72554.0,2024,0
9,4129052000,4215994,경기도 과천시 갈현동,16481,73960.48,2024,0
10,4129052000,3369865,경기도 과천시 갈현동,16575,77214.99,2024,0
11,4129052000,3252102,경기도 과천시 갈현동,16657,78230.16,2024,0
12,4129052000,4795531,경기도 과천시 갈현동,16707,77124.52,2024,0
1,4129052000,4664765,경기도 과천시 갈현동,16778,78672.97,2025,0
2,4129052000,4061302,경기도 과천시 갈현동,16905,84284.37,2025,0
3,4129052000,3774483,경기도 과천시 갈현동,17017,82848.21,2025,0
4,4129052000,2676897,경기도 과천시 갈현동,17155,84880.51,2025,0
5,4129052000,3395309,경기도 과천시 갈현동,17320,81289.5,2025,0
6,4129052000,3119132,경기도 과천시 갈현동,17449,81415.97,2025,0
7,4129053000,213159051,경기도 과천시 별양동,14613,116418.97,2023,0
8,4129053000,28911387,경기도 과천시 별양동,14605,119268.9,2023,0
9,4129053000,228986,경기도 과천시 별양동,14627,121664.37,2023,0
10,4129053000,356824,경기도 과천시 별양동,14589,121733.4,2023,0
11,4129053000,313606,경기도 과천시 별양동,14635,122645.17,2023,0
12,4129053000,340902,경기도 과천시 별양동,14658,125926.46,2023,0
1,4129053000,509676,경기도 과천시 별양동,14669,133378.3,2024,0
2,4129053000,496478,경기도 과천시 별양동,14585,120890.83,2024,0
3,4129053000,318928,경기도 과천시 별양동,14575,135311.67,2024,0
4,4129053000,295358,경기도 과천시 별양동,14558,143704.6,2024,0
5,4129053000,497444,경기도 과천시 별양동,14640,137874.86,2024,0
6,4129053000,214186,경기도 과천시 별양동,14647,138142.83,2024,0
7,4129053000,178502,경기도 과천시 별양동,14674,145558.95,2024,0
8,4129053000,295458,경기도 과천시 별양동,14691,174775.27,2024,0
9,4129053000,226666,경기도 과천시 별양동,14728,157827.05,2024,0
10,4129053000,358682,경기도 과천시 별양동,14772,138499.8,2024,0
11,4129053000,255306,경기도 과천시 별양동,14754,130620.17,2024,0
12,4129053000,514966,경기도 과천시 별양동,14736,130306.36,2024,0
1,4129053000,385574,경기도 과천시 별양동,14740,136629.56,2025,0
2,4129053000,808712,경기도 과천시 별양동,14733,129050.7,2025,0
3,4129053000,538580,경기도 과천시 별양동,14723,125076.28,2025,0
4,4129053000,368624,경기도 과천시 별양동,14699,119791.67,2025,0
5,4129053000,886360,경기도 과천시 별양동,14700,117705.59,2025,0
6,4129053000,280794,경기도 과천시 별양동,14624,115739.59,2025,0
7,4129054000,39713447,경기도 과천시 부림동,14589,81796.24,2023,0
8,4129054000,64134363,경기도 과천시 부림동,14587,80163.35,2023,0
9,4129054000,113623862,경기도 과천시 부림동,14620,79311.81,2023,0
10,4129054000,118390565,경기도 과천시 부림동,14626,83281.13,2023,0
11,4129054000,102353671,경기도 과천시 부림동,14632,79674.49,2023,0
12,4129054000,110934147,경기도 과천시 부림동,14659,78178.65,2023,0
1,4129054000,104360437,경기도 과천시 부림동,14633,75853.85,2024,0
2,4129054000,103462130,경기도 과천시 부림동,14478,70427.08,2024,0
3,4129054000,68018154,경기도 과천시 부림동,14400,81380.55,2024,0
4,4129054000,92151783,경기도 과천시 부림동,14369,80102.9,2024,0
5,4129054000,67385228,경기도 과천시 부림동,14261,78693.91,2024,0
6,4129054000,90221222,경기도 과천시 부림동,14215,78140.76,2024,0
7,4129054000,101443089,경기도 과천시 부림동,14176,79156.03,2024,0
8,4129054000,86848032,경기도 과천시 부림동,14124,81329.85,2024,0
9,4129054000,119479643,경기도 과천시 부림동,14101,87126.09,2024,0
10,4129054000,85477397,경기도 과천시 부림동,14051,97850.57,2024,0
11,4129054000,98465021,경기도 과천시 부림동,14028,79308.74,2024,0
12,4129054000,109989006,경기도 과천시 부림동,13937,77675.32,2024,0
1,4129054000,108581177,경기도 과천시 부림동,13853,83196.86,2025,0
2,4129054000,117143803,경기도 과천시 부림동,13536,76909.43,2025,0
3,4129054000,112768926,경기도 과천시 부림동,13057,81930.04,2025,0
4,4129054000,88573711,경기도 과천시 부림동,12039,74245.8,2025,0
5,4129054000,87989577,경기도 과천시 부림동,10650,70617.23,2025,0
6,4129054000,80385567,경기도 과천시 부림동,9283,63867.09,2025,0
7,4131051000,274864586,경기도 구리시 갈매동,30153,167954.9,2023,1
8,4131051000,43689835,경기도 구리시 갈매동,30207,145865.08,2023,1
9,4131051000,8811409,경기도 구리시 갈매동,30225,139517.95,2023,1
10,4131051000,9741661,경기도 구리시 갈매동,30232,143429.98,2023,1
11,4131051000,6518069,경기도 구리시 갈매동,30217,144335.9,2023,1
12,4131051000,7211012,경기도 구리시 갈매동,30205,153727.94,2023,1
1,4131051000,8090178,경기도 구리시 갈매동,30171,157837.11,2024,1
2,4131051000,6878556,경기도 구리시 갈매동,30153,148728.44,2024,1
3,4131051000,4486524,경기도 구리시 갈매동,30167,162806.31,2024,1
4,4131051000,7993111,경기도 구리시 갈매동,30189,166464.73,2024,1
5,4131051000,7448199,경기도 구리시 갈매동,30252,162022.38,2024,1
6,4131051000,9102221,경기도 구리시 갈매동,30293,151658.48,2024,1
7,4131051000,8892718,경기도 구리시 갈매동,30304,167777.8,2024,1
8,4131051000,6977670,경기도 구리시 갈매동,30350,171967.2,2024,1
9,4131051000,9845562,경기도 구리시 갈매동,30384,178484.45,2024,1
10,4131051000,7616220,경기도 구리시 갈매동,30418,175953.48,2024,1
11,4131051000,8322479,경기도 구리시 갈매동,30397,159469.12,2024,1
12,4131051000,10829653,경기도 구리시 갈매동,30406,154705.7,2024,1
1,4131051000,9896188,경기도 구리시 갈매동,30422,158932.66,2025,1
2,4131051000,12060382,경기도 구리시 갈매동,30409,148410.12,2025,1
3,4131051000,9046921,경기도 구리시 갈매동,30404,166410.48,2025,1
4,4131051000,7125771,경기도 구리시 갈매동,30372,158880.36,2025,1
5,4131051000,10674544,경기도 구리시 갈매동,30328,166075.62,2025,1
6,4131051000,9937670,경기도 구리시 갈매동,30385,162883.58,2025,1
7,4131052000,226991138,경기도 구리시 동구동,36034,691483.0,2023,1
8,4131052000,32477745,경기도 구리시 동구동,35952,698441.9,2023,1
9,4131052000,1715762,경기도 구리시 동구동,35921,646337.0,2023,1
10,4131052000,1212859,경기도 구리시 동구동,35949,650832.4,2023,1
11,4131052000,1306331,경기도 구리시 동구동,35909,650130.0,2023,1
12,4131052000,2531155,경기도 구리시 동구동,35874,655590.44,2023,1
1,4131052000,3116654,경기도 구리시 동구동,35826,654544.2,2024,1
2,4131052000,3714485,경기도 구리시 동구동,35742,623141.75,2024,1
3,4131052000,2253890,경기도 구리시 동구동,35667,697891.44,2024,1
4,4131052000,3544566,경기도 구리시 동구동,35644,605926.6,2024,1
5,4131052000,1403129,경기도 구리시 동구동,35622,616205.8,2024,1
6,4131052000,1185931,경기도 구리시 동구동,35506,612438.8,2024,1
7,4131052000,913354,경기도 구리시 동구동,35400,639457.25,2024,1
8,4131052000,1086935,경기도 구리시 동구동,35344,748041.8,2024,1
9,4131052000,1846743,경기도 구리시 동구동,35340,672876.9,2024,1
10,4131052000,1293636,경기도 구리시 동구동,35387,646057.8,2024,1
11,4131052000,1797599,경기도 구리시 동구동,35386,606086.56,2024,1
12,4131052000,2699996,경기도 구리시 동구동,35388,611166.3,2024,1
1,4131052000,2210792,경기도 구리시 동구동,35346,642024.75,2025,1
2,4131052000,1386784,경기도 구리시 동구동,35248,572254.8,2025,1
3,4131052000,1259110,경기도 구리시 동구동,35219,602790.0,2025,1
4,4131052000,949896,경기도 구리시 동구동,35228,599199.6,2025,1
5,4131052000,1612393,경기도 구리시 동구동,35250,617046.56,2025,1
6,4131052000,1796015,경기도 구리시 동구동,35260,616357.7,2025,1
7,4131053000,123624968,경기도 구리시 인창동,23815,402342.97,2023,1
8,4131053000,111844857,경기도 구리시 인창동,23785,385663.47,2023,1
9,4131053000,184327606,경기도 구리시 인창동,23784,380812.72,2023,1
10,4131053000,182150324,경기도 구리시 인창동,23765,367228.5,2023,1
11,4131053000,142346431,경기도 구리시 인창동,23772,358295.94,2023,1
12,4131053000,149739364,경기도 구리시 인창동,23803,356524.66,2023,1
1,4131053000,145628597,경기도 구리시 인창동,23808,359621.03,2024,1
2,4131053000,180071201,경기도 구리시 인창동,23816,316670.4,2024,1
3,4131053000,105917674,경기도 구리시 인창동,23806,358383.28,2024,1
4,4131053000,150386321,경기도 구리시 인창동,23784,344407.47,2024,1
5,4131053000,158832479,경기도 구리시 인창동,23805,363774.22,2024,1
6,4131053000,150425085,경기도 구리시 인창동,23773,343497.4,2024,1
7,4131053000,163182780,경기도 구리시 인창동,23767,344682.66,2024,1
8,4131053000,135336814,경기도 구리시 인창동,23771,345254.88,2024,1
9,4131053000,209956847,경기도 구리시 인창동,23757,360051.03,2024,1
10,4131053000,151575600,경기도 구리시 인창동,23737,341995.25,2024,1
11,4131053000,165839446,경기도 구리시 인창동,23689,341457.84,2024,1
12,4131053000,182849923,경기도 구리시 인창동,23686,350308.25,2024,1
1,4131053000,195745695,경기도 구리시 인창동,23718,362982.1,2025,1
2,4131053000,181215641,경기도 구리시 인창동,23683,330260.75,2025,1
3,4131053000,165047107,경기도 구리시 인창동,23672,348159.22,2025,1
4,4131053000,123590328,경기도 구리시 인창동,23676,338242.66,2025,1
5,4131053000,184647761,경기도 구리시 인창동,23679,348589.88,2025,1
6,4131053000,177407068,경기도 구리시 인창동,23676,344256.38,2025,1
7,4131054100,38847316,경기도 구리시 교문1동,15553,192005.19,2023,0
8,4131054100,4716338,경기도 구리시 교문1동,15518,182236.84,2023,0
9,4131054100,227018,경기도 구리시 교문1동,15520,167748.55,2023,0
10,4131054100,332444,경기도 구리시 교문1동,15365,177277.48,2023,0
11,4131054100,159706,경기도 구리시 교문1동,15192,178878.1,2023,0
12,4131054100,298784,경기도 구리시 교문1동,15035,179975.92,2023,0
1,4131054100,168188,경기도 구리시 교문1동,14962,181821.3,2024,0
2,4131054100,181496,경기도 구리시 교문1동,14910,164108.89,2024,0
3,4131054100,292035,경기도 구리시 교문1동,14839,193261.9,2024,0
4,4131054100,375943,경기도 구리시 교문1동,14820,207912.9,2024,0
5,4131054100,312552,경기도 구리시 교문1동,14780,201047.8,2024,0
6,4131054100,276532,경기도 구리시 교문1동,14748,182044.12,2024,0
7,4131054100,200022,경기도 구리시 교문1동,14742,183112.6,2024,0
8,4131054100,264483,경기도 구리시 교문1동,14722,181236.25,2024,0
9,4131054100,478045,경기도 구리시 교문1동,14689,199696.73,2024,0
10,4131054100,108922,경기도 구리시 교문1동,14681,194509.52,2024,0
11,4131054100,117561,경기도 구리시 교문1동,14691,189458.73,2024,0
12,4131054100,187609,경기도 구리시 교문1동,14696,183230.67,2024,0
1,4131054100,235221,경기도 구리시 교문1동,14659,188908.48,2025,0
2,4131054100,118524,경기도 구리시 교문1동,14618,176186.52,2025,0
3,4131054100,321054,경기도 구리시 교문1동,14617,195944.19,2025,0
4,4131054100,397426,경기도 구리시 교문1동,14622,193500.2,2025,0
5,4131054100,262549,경기도 구리시 교문1동,14638,199813.05,2025,0
6,4131054100,222942,경기도 구리시 교문1동,14652,192380.23,2025,0
7,4131054200,39642142,경기도 구리시 교문2동,21193,218978.1,2023,1
8,4131054200,5469927,경기도 구리시 교문2동,21151,258690.64,2023,1
9,4131054200,649802,경기도 구리시 교문2동,21125,231981.44,2023,1
10,4131054200,523817,경기도 구리시 교문2동,21152,225749.34,2023,1
11,4131054200,415204,경기도 구리시 교문2동,21156,221539.02,2023,1
12,4131054200,937197,경기도 구리시 교문2동,21197,220669.94,2023,1
1,4131054200,321518,경기도 구리시 교문2동,21154,210960.66,2024,1
2,4131054200,2078675,경기도 구리시 교문2동,21143,204160.84,2024,1
3,4131054200,1126795,경기도 구리시 교문2동,21077,229472.62,2024,1
4,4131054200,647800,경기도 구리시 교문2동,21040,223050.0,2024,1
5,4131054200,1449218,경기도 구리시 교문2동,21014,220221.6,2024,1
6,4131054200,1456326,경기도 구리시 교문2동,20948,206536.28,2024,1
7,4131054200,1389114,경기도 구리시 교문2동,20872,238362.34,2024,1
8,4131054200,1698857,경기도 구리시 교문2동,20874,245104.23,2024,1
9,4131054200,2454493,경기도 구리시 교문2동,20887,241314.27,2024,1
10,4131054200,1772085,경기도 구리시 교문2동,20900,224875.5,2024,1
11,4131054200,1171867,경기도 구리시 교문2동,20878,215239.1,2024,1
12,4131054200,2621015,경기도 구리시 교문2동,20865,215941.19,2024,1
1,4131054200,1923972,경기도 구리시 교문2동,20824,222390.3,2025,1
2,4131054200,1371564,경기도 구리시 교문2동,20807,198967.2,2025,1
3,4131054200,559851,경기도 구리시 교문2동,20755,219702.66,2025,1
4,4131054200,345900,경기도 구리시 교문2동,20720,215552.45,2025,1
5,4131054200,956124,경기도 구리시 교문2동,20682,223776.98,2025,1
6,4131054200,525573,경기도 구리시 교문2동,20659,213519.47,2025,1
7,4131057000,102389095,경기도 구리시 수택1동,15351,460455.12,2023,0
8,4131057000,9126238,경기도 구리시 수택1동,15313,463095.22,2023,0
9,4131057000,1156590,경기도 구리시 수택1동,15263,429964.25,2023,0
10,4131057000,1068720,경기도 구리시 수택1동,15216,442738.22,2023,0
11,4131057000,897558,경기도 구리시 수택1동,15153,425373.84,2023,0
12,4131057000,1154970,경기도 구리시 수택1동,15143,447021.6,2023,0
1,4131057000,408444,경기도 구리시 수택1동,15097,443455.97,2024,0
2,4131057000,1075116,경기도 구리시 수택1동,15089,410468.8,2024,0
3,4131057000,707790,경기도 구리시 수택1동,15061,464855.47,2024,0
4,4131057000,973110,경기도 구리시 수택1동,15042,453325.62,2024,0
5,4131057000,1884484,경기도 구리시 수택1동,15022,454954.78,2024,0
6,4131057000,1693010,경기도 구리시 수택1동,15576,441849.97,2024,0
7,4131057000,1451614,경기도 구리시 수택1동,16020,423938.47,2024,0
8,4131057000,1090378,경기도 구리시 수택1동,16177,401613.8,2024,0
9,4131057000,1587290,경기도 구리시 수택1동,16322,421978.12,2024,0
10,4131057000,1488530,경기도 구리시 수택1동,16418,405174.88,2024,0
11,4131057000,1183972,경기도 구리시 수택1동,16537,396990.44,2024,0
12,4131057000,1532809,경기도 구리시 수택1동,16630,409917.88,2024,0
1,4131057000,543544,경기도 구리시 수택1동,16677,426090.9,2025,0
2,4131057000,675770,경기도 구리시 수택1동,16653,393124.66,2025,0
3,4131057000,705446,경기도 구리시 수택1동,16662,405577.34,2025,0
4,4131057000,656554,경기도 구리시 수택1동,16668,389123.88,2025,0
5,4131057000,476001,경기도 구리시 수택1동,16691,415141.66,2025,0
6,4131057000,420796,경기도 구리시 수택1동,16717,398799.78,2025,0
7,4131058000,64443496,경기도 구리시 수택2동,24797,242791.05,2023,1
8,4131058000,7658336,경기도 구리시 수택2동,24763,212062.66,2023,1
9,4131058000,2054150,경기도 구리시 수택2동,24732,213348.31,2023,1
10,4131058000,2434424,경기도 구리시 수택2동,24698,213254.88,2023,1
11,4131058000,1994475,경기도 구리시 수택2동,24671,211424.2,2023,1
12,4131058000,2132020,경기도 구리시 수택2동,24626,217880.81,2023,1
1,4131058000,1358815,경기도 구리시 수택2동,24622,227103.55,2024,1
2,4131058000,1662128,경기도 구리시 수택2동,24563,213078.48,2024,1
3,4131058000,1096077,경기도 구리시 수택2동,24499,232030.34,2024,1
4,4131058000,1774903,경기도 구리시 수택2동,24503,208520.2,2024,1
5,4131058000,1404705,경기도 구리시 수택2동,24476,196796.55,2024,1
6,4131058000,1371104,경기도 구리시 수택2동,24392,200642.81,2024,1
7,4131058000,1400103,경기도 구리시 수택2동,24302,231517.8,2024,1
8,4131058000,1272719,경기도 구리시 수택2동,24274,251902.48,2024,1
9,4131058000,1925005,경기도 구리시 수택2동,24224,238638.34,2024,1
10,4131058000,1356731,경기도 구리시 수택2동,24214,224474.77,2024,1
11,4131058000,1874920,경기도 구리시 수택2동,24211,220665.84,2024,1
12,4131058000,1408908,경기도 구리시 수택2동,24190,216112.19,2024,1
1,4131058000,1497380,경기도 구리시 수택2동,24171,235174.61,2025,1
2,4131058000,1832497,경기도 구리시 수택2동,24147,211883.38,2025,1
3,4131058000,1517526,경기도 구리시 수택2동,24152,225032.94,2025,1
4,4131058000,1196704,경기도 구리시 수택2동,24162,216128.88,2025,1
5,4131058000,2009622,경기도 구리시 수택2동,24153,225916.73,2025,1
6,4131058000,2406554,경기도 구리시 수택2동,24120,220764.48,2025,1
7,4131059000,243179323,경기도 구리시 수택3동,21328,348367.6,2023,1
8,4131059000,29209137,경기도 구리시 수택3동,21295,410788.12,2023,1
9,4131059000,1804965,경기도 구리시 수택3동,21266,344347.72,2023,1
10,4131059000,2163107,경기도 구리시 수택3동,21243,359116.8,2023,1
11,4131059000,2176038,경기도 구리시 수택3동,21214,330103.6,2023,1
12,4131059000,3236466,경기도 구리시 수택3동,21210,316041.3,2023,1
1,4131059000,1392998,경기도 구리시 수택3동,21206,300229.4,2024,1
2,4131059000,1425893,경기도 구리시 수택3동,21169,280862.4,2024,1
3,4131059000,1035929,경기도 구리시 수택3동,21145,336160.16,2024,1
4,4131059000,1491194,경기도 구리시 수택3동,21126,328055.0,2024,1
5,4131059000,1575858,경기도 구리시 수택3동,21108,348955.22,2024,1
6,4131059000,2160677,경기도 구리시 수택3동,21044,328057.56,2024,1
7,4131059000,1840875,경기도 구리시 수택3동,21001,315341.1,2024,1
8,4131059000,1785173,경기도 구리시 수택3동,20985,293363.03,2024,1
9,4131059000,1903750,경기도 구리시 수택3동,20968,341023.9,2024,1
10,4131059000,1419464,경기도 구리시 수택3동,20990,349116.97,2024,1
11,4131059000,1527827,경기도 구리시 수택3동,20986,320116.7,2024,1
12,4131059000,1744715,경기도 구리시 수택3동,21021,313134.4,2024,1
1,4131059000,1382011,경기도 구리시 수택3동,21051,302409.56,2025,1
2,4131059000,1469329,경기도 구리시 수택3동,21039,277839.2,2025,1
3,4131059000,1468388,경기도 구리시 수택3동,21110,310834.38,2025,1
4,4131059000,1617569,경기도 구리시 수택3동,21085,310048.28,2025,1
5,4131059000,1768025,경기도 구리시 수택3동,21086,325728.1,2025,1
6,4131059000,2149833,경기도 구리시 수택3동,21056,308953.28,2025,1
7,4137051000,166256172,경기도 오산시 중앙동,34944,428757.7,2023,2
8,4137051000,23480689,경기도 오산시 중앙동,34857,406920.72,2023,2
9,4137051000,1614102,경기도 오산시 중앙동,34777,405157.84,2023,2
10,4137051000,1946122,경기도 오산시 중앙동,34768,420343.56,2023,2
11,4137051000,1600017,경기도 오산시 중앙동,34723,412860.0,2023,2
12,4137051000,2338397,경기도 오산시 중앙동,34687,415222.84,2023,2
1,4137051000,1475267,경기도 오산시 중앙동,34629,407714.28,2024,2
2,4137051000,1626638,경기도 오산시 중앙동,34333,389916.06,2024,2
3,4137051000,882205,경기도 오산시 중앙동,34109,419820.94,2024,2
4,4137051000,1550768,경기도 오산시 중앙동,34034,407803.84,2024,2
5,4137051000,1200527,경기도 오산시 중앙동,33954,408723.4,2024,2
6,4137051000,1604492,경기도 오산시 중앙동,33868,400264.72,2024,2
7,4137051000,2014877,경기도 오산시 중앙동,33833,402526.94,2024,2
8,4137051000,1951316,경기도 오산시 중앙동,33836,381447.38,2024,2
9,4137051000,1962396,경기도 오산시 중앙동,33816,432089.0,2024,2
10,4137051000,1238323,경기도 오산시 중앙동,33757,405892.12,2024,2
11,4137051000,1669604,경기도 오산시 중앙동,33650,396927.56,2024,2
12,4137051000,1542970,경기도 오산시 중앙동,33547,403208.88,2024,2
1,4137051000,1615006,경기도 오산시 중앙동,33500,426095.16,2025,2
2,4137051000,1739858,경기도 오산시 중앙동,33379,396511.9,2025,2
3,4137051000,1469898,경기도 오산시 중앙동,33316,413944.88,2025,2
4,4137051000,1362379,경기도 오산시 중앙동,33224,402158.78,2025,2
5,4137051000,1992823,경기도 오산시 중앙동,33198,408767.0,2025,2
6,4137051000,1868290,경기도 오산시 중앙동,33186,402200.03,2025,2
7,4137053000,60692029,경기도 오산시 남촌동,21493,385911.25,2023,2
8,4137053000,111097683,경기도 오산시 남촌동,22434,430407.44,2023,2
9,4137053000,154140971,경기도 오산시 남촌동,23081,413560.8,2023,2
10,4137053000,147202112,경기도 오산시 남촌동,23309,413781.16,2023,2
11,4137053000,131648228,경기도 오산시 남촌동,23441,396296.56,2023,2
12,4137053000,131681713,경기도 오산시 남촌동,23440,366095.6,2023,2
1,4137053000,114539012,경기도 오산시 남촌동,23379,375472.5,2024,2
2,4137053000,105748576,경기도 오산시 남촌동,23293,361798.2,2024,2
3,4137053000,67222615,경기도 오산시 남촌동,23302,402178.9,2024,2
4,4137053000,98250321,경기도 오산시 남촌동,24773,422690.4,2024,2
5,4137053000,80840801,경기도 오산시 남촌동,25416,421800.84,2024,2
6,4137053000,94988113,경기도 오산시 남촌동,25429,391010.3,2024,2
7,4137053000,100079326,경기도 오산시 남촌동,25446,398019.44,2024,2
8,4137053000,85284314,경기도 오산시 남촌동,25522,404034.38,2024,2
9,4137053000,118966235,경기도 오산시 남촌동,25499,458885.5,2024,2
10,4137053000,88438648,경기도 오산시 남촌동,26242,431167.3,2024,2
11,4137053000,104100223,경기도 오산시 남촌동,27628,434366.78,2024,2
12,4137053000,105139765,경기도 오산시 남촌동,28081,424249.47,2024,2
1,4137053000,115754474,경기도 오산시 남촌동,28279,459101.4,2025,2
2,4137053000,117393315,경기도 오산시 남촌동,28581,438306.97,2025,2
3,4137053000,110399504,경기도 오산시 남촌동,28650,465945.44,2025,2
4,4137053000,91773677,경기도 오산시 남촌동,28624,448232.22,2025,2
5,4137053000,93990930,경기도 오산시 남촌동,28690,436038.44,2025,2
6,4137053000,103745714,경기도 오산시 남촌동,28699,420508.28,2025,2
7,4137055000,91145241,경기도 오산시 세마동,31723,61876.79,2023,2
8,4137055000,14357379,경기도 오산시 세마동,31739,59398.74,2023,2
9,4137055000,1533814,경기도 오산시 세마동,31704,60846.12,2023,2
10,4137055000,1805985,경기도 오산시 세마동,31747,62110.44,2023,2
11,4137055000,1676760,경기도 오산시 세마동,31797,61422.75,2023,2
12,4137055000,1396432,경기도 오산시 세마동,31763,59718.25,2023,2
1,4137055000,1270623,경기도 오산시 세마동,31673,57415.93,2024,2
2,4137055000,1177811,경기도 오산시 세마동,31496,55503.9,2024,2
3,4137055000,810388,경기도 오산시 세마동,31413,61514.92,2024,2
4,4137055000,1533258,경기도 오산시 세마동,31428,60818.96,2024,2
5,4137055000,935522,경기도 오산시 세마동,31491,60955.48,2024,2
6,4137055000,1098998,경기도 오산시 세마동,31537,55623.99,2024,2
7,4137055000,1165873,경기도 오산시 세마동,31529,57620.86,2024,2
8,4137055000,1029017,경기도 오산시 세마동,31612,58403.95,2024,2
9,4137055000,1031639,경기도 오산시 세마동,31587,61674.53,2024,2
10,4137055000,925236,경기도 오산시 세마동,31557,59014.36,2024,2
11,4137055000,833836,경기도 오산시 세마동,31505,57954.0,2024,2
12,4137055000,933886,경기도 오산시 세마동,31489,57091.7,2024,2
1,4137055000,863966,경기도 오산시 세마동,31541,57122.72,2025,2
2,4137055000,1045754,경기도 오산시 세마동,31616,54271.93,2025,2
3,4137055000,992450,경기도 오산시 세마동,31746,60859.07,2025,2
4,4137055000,937980,경기도 오산시 세마동,31712,58240.82,2025,2
5,4137055000,792836,경기도 오산시 세마동,31714,58962.7,2025,2
6,4137055000,752204,경기도 오산시 세마동,31764,57251.44,2025,2
7,4137056000,15242859,경기도 오산시 초평동,16565,40123.14,2023,0
8,4137056000,2419257,경기도 오산시 초평동,16493,39331.26,2023,0
9,4137056000,389910,경기도 오산시 초평동,16427,39684.48,2023,0
10,4137056000,439450,경기도 오산시 초평동,16386,40325.59,2023,0
11,4137056000,334852,경기도 오산시 초평동,16460,39241.85,2023,0
12,4137056000,375366,경기도 오산시 초평동,16504,39641.76,2023,0
1,4137056000,333720,경기도 오산시 초평동,17638,43188.37,2024,0
2,4137056000,302728,경기도 오산시 초평동,18047,43474.69,2024,0
3,4137056000,239674,경기도 오산시 초평동,18160,45742.03,2024,0
4,4137056000,367780,경기도 오산시 초평동,18171,45197.6,2024,0
5,4137056000,302018,경기도 오산시 초평동,18340,46108.19,2024,0
6,4137056000,270294,경기도 오산시 초평동,18936,47969.12,2024,0
7,4137056000,394906,경기도 오산시 초평동,19285,49675.11,2024,0
8,4137056000,309278,경기도 오산시 초평동,19416,49360.81,2024,0
9,4137056000,330774,경기도 오산시 초평동,19475,52592.52,2024,0
10,4137056000,302724,경기도 오산시 초평동,19733,52877.36,2024,0
11,4137056000,326512,경기도 오산시 초평동,20455,55346.94,2024,0
12,4137056000,359492,경기도 오산시 초평동,20948,54583.07,2024,0
1,4137056000,256968,경기도 오산시 초평동,21443,55893.42,2025,0
2,4137056000,310952,경기도 오산시 초평동,21960,52890.67,2025,0
3,4137056000,259432,경기도 오산시 초평동,22816,61164.48,2025,0
4,4137056000,312620,경기도 오산시 초평동,24308,64734.64,2025,0
5,4137056000,545442,경기도 오산시 초평동,25098,63869.64,2025,0
6,4137056000,574068,경기도 오산시 초평동,25374,61886.82,2025,0
7,4141051000,91765626,경기도 군포시 군포1동,32549,571275.5,2023,0
8,4141051000,13550492,경기도 군포시 군포1동,32476,558979.3,2023,0
9,4141051000,341494,경기도 군포시 군포1동,32372,555656.5,2023,0
10,4141051000,504273,경기도 군포시 군포1동,32305,569079.56,2023,0
11,4141051000,159370,경기도 군포시 군포1동,32285,580499.56,2023,0
12,4141051000,356049,경기도 군포시 군포1동,32198,554463.4,2023,0
1,4141051000,290382,경기도 군포시 군포1동,32109,561085.3,2024,0
2,4141051000,119322,경기도 군포시 군포1동,32072,539495.2,2024,0
3,4141051000,108188,경기도 군포시 군포1동,32029,582015.75,2024,0
4,4141051000,148226,경기도 군포시 군포1동,31998,582011.6,2024,0
5,4141051000,128936,경기도 군포시 군포1동,32028,560562.2,2024,0
6,4141051000,215368,경기도 군포시 군포1동,31962,525665.0,2024,0
7,4141051000,350968,경기도 군포시 군포1동,31883,556146.6,2024,0
8,4141051000,237062,경기도 군포시 군포1동,31809,518750.97,2024,0
9,4141051000,334778,경기도 군포시 군포1동,31759,565377.8,2024,0
10,4141051000,186110,경기도 군포시 군포1동,31657,539621.25,2024,0
11,4141051000,193314,경기도 군포시 군포1동,31552,528513.4,2024,0
12,4141051000,395246,경기도 군포시 군포1동,31467,522489.47,2024,0
1,4141051000,138341,경기도 군포시 군포1동,31401,527750.25,2025,0
2,4141051000,179444,경기도 군포시 군포1동,31342,523905.7,2025,0
3,4141051000,163212,경기도 군포시 군포1동,31216,552280.0,2025,0
4,4141051000,252574,경기도 군포시 군포1동,31040,546400.25,2025,0
5,4141051000,321440,경기도 군포시 군포1동,30898,523571.25,2025,0
6,4141051000,257564,경기도 군포시 군포1동,30786,503070.84,2025,0
7,4141052000,305945864,경기도 군포시 군포2동,42486,311457.56,2023,2
8,4141052000,304072267,경기도 군포시 군포2동,42467,313886.62,2023,2
9,4141052000,274973740,경기도 군포시 군포2동,42398,310973.6,2023,2
10,4141052000,261376483,경기도 군포시 군포2동,42304,312578.88,2023,2
11,4141052000,229323397,경기도 군포시 군포2동,42151,294976.2,2023,2
12,4141052000,220209232,경기도 군포시 군포2동,42016,302827.5,2023,2
1,4141052000,221093013,경기도 군포시 군포2동,41922,293079.12,2024,2
2,4141052000,255019179,경기도 군포시 군포2동,41871,288673.12,2024,2
3,4141052000,159518424,경기도 군포시 군포2동,41813,301158.06,2024,2
4,4141052000,237840843,경기도 군포시 군포2동,41791,317254.12,2024,2
5,4141052000,188308401,경기도 군포시 군포2동,41713,316921.56,2024,2
6,4141052000,212793217,경기도 군포시 군포2동,41703,300689.53,2024,2
7,4141052000,218589556,경기도 군포시 군포2동,41655,309765.12,2024,2
8,4141052000,195275065,경기도 군포시 군포2동,41640,302655.16,2024,2
9,4141052000,258556724,경기도 군포시 군포2동,41593,316746.7,2024,2
10,4141052000,194447007,경기도 군포시 군포2동,41514,306028.3,2024,2
11,4141052000,232197886,경기도 군포시 군포2동,41439,297452.66,2024,2
12,4141052000,251877068,경기도 군포시 군포2동,41397,296467.75,2024,2
1,4141052000,200322412,경기도 군포시 군포2동,41312,324460.6,2025,2
2,4141052000,224916040,경기도 군포시 군포2동,41153,280241.44,2025,2
3,4141052000,230776683,경기도 군포시 군포2동,41108,310565.56,2025,2
4,4141052000,184773722,경기도 군포시 군포2동,41074,300199.06,2025,2
5,4141052000,201702725,경기도 군포시 군포2동,41029,300894.84,2025,2
6,4141052000,203925726,경기도 군포시 군포2동,41025,296131.75,2025,2
7,4141054000,136127219,경기도 군포시 산본1동,15245,2015338.6,2023,0
8,4141054000,17185105,경기도 군포시 산본1동,15220,1979992.1,2023,0
9,4141054000,718610,경기도 군포시 산본1동,15175,1972649.9,2023,0
10,4141054000,818272,경기도 군포시 산본1동,15111,1956215.1,2023,0
11,4141054000,774342,경기도 군포시 산본1동,15046,1876082.2,2023,0
12,4141054000,1052124,경기도 군포시 산본1동,14994,1935697.2,2023,0
1,4141054000,782976,경기도 군포시 산본1동,14952,1897557.8,2024,0
2,4141054000,788684,경기도 군포시 산본1동,14867,1853009.6,2024,0
3,4141054000,579150,경기도 군포시 산본1동,14878,1872365.4,2024,0
4,4141054000,966658,경기도 군포시 산본1동,14873,1951438.9,2024,0
5,4141054000,663226,경기도 군포시 산본1동,14794,1964622.1,2024,0
6,4141054000,937430,경기도 군포시 산본1동,14754,1865283.4,2024,0
7,4141054000,899126,경기도 군포시 산본1동,14735,1923887.2,2024,0
8,4141054000,952604,경기도 군포시 산본1동,14646,1853606.8,2024,0
9,4141054000,1196464,경기도 군포시 산본1동,14591,2077591.1,2024,0
10,4141054000,972984,경기도 군포시 산본1동,14566,1875880.6,2024,0
11,4141054000,982224,경기도 군포시 산본1동,14527,1971935.9,2024,0
12,4141054000,1436614,경기도 군포시 산본1동,14480,1855953.9,2024,0
1,4141054000,670764,경기도 군포시 산본1동,14466,2105576.8,2025,0
2,4141054000,700938,경기도 군포시 산본1동,14422,1940476.2,2025,0
3,4141054000,775058,경기도 군포시 산본1동,14415,1949595.8,2025,0
4,4141054000,889134,경기도 군포시 산본1동,14385,1882535.1,2025,0
5,4141054000,835596,경기도 군포시 산본1동,14377,1950111.8,2025,0
6,4141054000,992569,경기도 군포시 산본1동,14340,1872107.2,2025,0
7,4141055000,92599653,경기도 군포시 산본2동,25723,1970781.6,2023,0
8,4141055000,13743965,경기도 군포시 산본2동,25689,1859642.0,2023,0
9,4141055000,815432,경기도 군포시 산본2동,25649,1841686.4,2023,0
10,4141055000,1069458,경기도 군포시 산본2동,25645,1908432.1,2023,0
11,4141055000,1032708,경기도 군포시 산본2동,25588,1845082.4,2023,0
12,4141055000,2437378,경기도 군포시 산본2동,25557,1849685.4,2023,0
1,4141055000,642524,경기도 군포시 산본2동,25503,1865551.8,2024,0
2,4141055000,605940,경기도 군포시 산본2동,25458,1814783.2,2024,0
3,4141055000,471136,경기도 군포시 산본2동,25450,1816149.2,2024,0
4,4141055000,728414,경기도 군포시 산본2동,25413,1901167.2,2024,0
5,4141055000,496380,경기도 군포시 산본2동,25408,1865651.0,2024,0
6,4141055000,959016,경기도 군포시 산본2동,25389,1805552.1,2024,0
7,4141055000,830446,경기도 군포시 산본2동,25321,1984447.2,2024,0
8,4141055000,737618,경기도 군포시 산본2동,25265,1861604.0,2024,0
9,4141055000,858418,경기도 군포시 산본2동,25233,1915076.2,2024,0
10,4141055000,930780,경기도 군포시 산본2동,25177,1866963.9,2024,0
11,4141055000,1445516,경기도 군포시 산본2동,25124,1863165.0,2024,0
12,4141055000,2626650,경기도 군포시 산본2동,25064,1856613.6,2024,0
1,4141055000,431784,경기도 군포시 산본2동,25040,1981364.8,2025,0
2,4141055000,474596,경기도 군포시 산본2동,25009,1830841.1,2025,0
3,4141055000,484040,경기도 군포시 산본2동,24955,1862226.6,2025,0
4,4141055000,513940,경기도 군포시 산본2동,24944,1848548.4,2025,0
5,4141055000,1110796,경기도 군포시 산본2동,24882,1874160.0,2025,0
6,4141055000,880584,경기도 군포시 산본2동,24882,1787240.2,2025,0
7,4141056000,64279945,경기도 군포시 금정동,19619,818910.44,2023,0
8,4141056000,8301954,경기도 군포시 금정동,19632,778424.3,2023,0
9,4141056000,1889990,경기도 군포시 금정동,19614,773543.9,2023,0
10,4141056000,2182155,경기도 군포시 금정동,19590,802342.7,2023,0
11,4141056000,1709201,경기도 군포시 금정동,19533,782073.06,2023,0
12,4141056000,1164029,경기도 군포시 금정동,19498,772835.5,2023,0
1,4141056000,981936,경기도 군포시 금정동,19467,785938.7,2024,0
2,4141056000,1045894,경기도 군포시 금정동,19438,753576.7,2024,0
3,4141056000,653050,경기도 군포시 금정동,19376,794195.0,2024,0
4,4141056000,1124383,경기도 군포시 금정동,19350,836672.94,2024,0
5,4141056000,764117,경기도 군포시 금정동,19289,808610.5,2024,0
6,4141056000,1144699,경기도 군포시 금정동,19249,778063.8,2024,0
7,4141056000,1065952,경기도 군포시 금정동,19208,809812.9,2024,0
8,4141056000,920930,경기도 군포시 금정동,19193,786522.1,2024,0
9,4141056000,1406147,경기도 군포시 금정동,19136,813791.7,2024,0
10,4141056000,1254236,경기도 군포시 금정동,19075,805960.3,2024,0
11,4141056000,1273939,경기도 군포시 금정동,19040,782882.9,2024,0
12,4141056000,1739809,경기도 군포시 금정동,18961,774949.0,2024,0
1,4141056000,888946,경기도 군포시 금정동,18931,801506.8,2025,0
2,4141056000,867244,경기도 군포시 금정동,18895,758137.0,2025,0
3,4141056000,865777,경기도 군포시 금정동,18871,777859.2,2025,0
4,4141056000,970455,경기도 군포시 금정동,18781,783230.5,2025,0
5,4141056000,1061745,경기도 군포시 금정동,18810,792888.75,2025,0
6,4141056000,1040092,경기도 군포시 금정동,18815,719211.25,2025,0
7,4141057000,52035817,경기도 군포시 재궁동,17844,675968.0,2023,0
8,4141057000,8057831,경기도 군포시 재궁동,17786,662878.56,2023,0
9,4141057000,238473,경기도 군포시 재궁동,17726,653415.25,2023,0
10,4141057000,351823,경기도 군포시 재궁동,17673,651690.7,2023,0
11,4141057000,354619,경기도 군포시 재궁동,17596,634017.1,2023,0
12,4141057000,381209,경기도 군포시 재궁동,17551,633558.7,2023,0
1,4141057000,284444,경기도 군포시 재궁동,17520,622364.06,2024,0
2,4141057000,273391,경기도 군포시 재궁동,17487,588497.1,2024,0
3,4141057000,154223,경기도 군포시 재궁동,17441,642499.6,2024,0
4,4141057000,225176,경기도 군포시 재궁동,17444,673916.7,2024,0
5,4141057000,156305,경기도 군포시 재궁동,17400,664350.1,2024,0
6,4141057000,220492,경기도 군포시 재궁동,17374,634688.2,2024,0
7,4141057000,204880,경기도 군포시 재궁동,17351,636984.56,2024,0
8,4141057000,226389,경기도 군포시 재궁동,17367,626751.7,2024,0
9,4141057000,285600,경기도 군포시 재궁동,17270,646734.44,2024,0
10,4141057000,244548,경기도 군포시 재궁동,17197,637562.4,2024,0
11,4141057000,295948,경기도 군포시 재궁동,17140,616723.4,2024,0
12,4141057000,333931,경기도 군포시 재궁동,17092,601887.06,2024,0
1,4141057000,259538,경기도 군포시 재궁동,17085,631576.06,2025,0
2,4141057000,211250,경기도 군포시 재궁동,17045,590735.8,2025,0
3,4141057000,209821,경기도 군포시 재궁동,17023,636756.06,2025,0
4,4141057000,199994,경기도 군포시 재궁동,16991,624699.7,2025,0
5,4141057000,227690,경기도 군포시 재궁동,16988,630118.2,2025,0
6,4141057000,189249,경기도 군포시 재궁동,16958,609829.2,2025,0
7,4141058000,26874174,경기도 군포시 오금동,20730,299494.44,2023,0
8,4141058000,4806072,경기도 군포시 오금동,20684,294264.12,2023,0
9,4141058000,1406924,경기도 군포시 오금동,20646,295109.94,2023,0
10,4141058000,1225192,경기도 군포시 오금동,20633,310032.66,2023,0
11,4141058000,1418816,경기도 군포시 오금동,20565,296077.8,2023,0
12,4141058000,1881280,경기도 군포시 오금동,20490,296884.62,2023,0
1,4141058000,868234,경기도 군포시 오금동,20434,279327.47,2024,0
2,4141058000,1019720,경기도 군포시 오금동,20394,263544.88,2024,0
3,4141058000,645952,경기도 군포시 오금동,20360,325406.7,2024,0
4,4141058000,952454,경기도 군포시 오금동,20341,318592.75,2024,0
5,4141058000,731382,경기도 군포시 오금동,20334,304517.75,2024,0
6,4141058000,946980,경기도 군포시 오금동,20314,295342.8,2024,0
7,4141058000,943036,경기도 군포시 오금동,20239,296719.12,2024,0
8,4141058000,831636,경기도 군포시 오금동,20191,294759.0,2024,0
9,4141058000,1383376,경기도 군포시 오금동,20081,313011.62,2024,0
10,4141058000,822854,경기도 군포시 오금동,20072,299635.94,2024,0
11,4141058000,1030024,경기도 군포시 오금동,20046,290735.34,2024,0
12,4141058000,1661618,경기도 군포시 오금동,19999,292558.53,2024,0
1,4141058000,866430,경기도 군포시 오금동,19961,295820.06,2025,0
2,4141058000,804464,경기도 군포시 오금동,19878,261389.64,2025,0
3,4141058000,757500,경기도 군포시 오금동,19871,292691.3,2025,0
4,4141058000,808570,경기도 군포시 오금동,19831,295849.66,2025,0
5,4141058000,928646,경기도 군포시 오금동,19826,292120.38,2025,0
6,4141058000,1047040,경기도 군포시 오금동,19810,286325.22,2025,0
7,4141059000,30342892,경기도 군포시 수리동,15655,95320.28,2023,0
8,4141059000,5023802,경기도 군포시 수리동,15603,91241.85,2023,0
9,4141059000,1031376,경기도 군포시 수리동,15581,92349.5,2023,0
10,4141059000,594057,경기도 군포시 수리동,15536,95067.34,2023,0
11,4141059000,769754,경기도 군포시 수리동,15512,87907.94,2023,0
12,4141059000,618281,경기도 군포시 수리동,15470,86985.45,2023,0
1,4141059000,337807,경기도 군포시 수리동,15457,81372.92,2024,0
2,4141059000,691995,경기도 군포시 수리동,15422,70479.54,2024,0
3,4141059000,649256,경기도 군포시 수리동,15392,84647.98,2024,0
4,4141059000,488973,경기도 군포시 수리동,15364,101970.33,2024,0
5,4141059000,433329,경기도 군포시 수리동,15368,94260.43,2024,0
6,4141059000,688344,경기도 군포시 수리동,15369,89415.56,2024,0
7,4141059000,877590,경기도 군포시 수리동,15301,85742.71,2024,0
8,4141059000,662853,경기도 군포시 수리동,15254,82243.65,2024,0
9,4141059000,550013,경기도 군포시 수리동,15206,89848.71,2024,0
10,4141059000,761227,경기도 군포시 수리동,15155,86666.91,2024,0
11,4141059000,888907,경기도 군포시 수리동,15128,85170.86,2024,0
12,4141059000,819230,경기도 군포시 수리동,15110,84428.91,2024,0
1,4141059000,428630,경기도 군포시 수리동,15075,88195.61,2025,0
2,4141059000,689161,경기도 군포시 수리동,15051,74180.84,2025,0
3,4141059000,559375,경기도 군포시 수리동,15001,89415.63,2025,0
4,4141059000,465539,경기도 군포시 수리동,14986,94711.41,2025,0
5,4141059000,675671,경기도 군포시 수리동,14975,87814.37,2025,0
6,4141059000,407212,경기도 군포시 수리동,14962,86164.55,2025,0
7,4141060000,57711627,경기도 군포시 궁내동,19968,314328.3,2023,0
8,4141060000,9416653,경기도 군포시 궁내동,19965,310284.0,2023,0
9,4141060000,1209518,경기도 군포시 궁내동,19952,313287.25,2023,0
10,4141060000,1387984,경기도 군포시 궁내동,19942,316708.4,2023,0
11,4141060000,1043877,경기도 군포시 궁내동,19932,304077.56,2023,0
12,4141060000,1910333,경기도 군포시 궁내동,19898,313494.97,2023,0
1,4141060000,679973,경기도 군포시 궁내동,19859,305986.38,2024,0
2,4141060000,1552826,경기도 군포시 궁내동,19797,288474.9,2024,0
3,4141060000,499147,경기도 군포시 궁내동,19752,308424.3,2024,0
4,4141060000,697852,경기도 군포시 궁내동,19740,324346.16,2024,0
5,4141060000,512359,경기도 군포시 궁내동,19718,323358.62,2024,0
6,4141060000,771186,경기도 군포시 궁내동,19692,316452.47,2024,0
7,4141060000,916616,경기도 군포시 궁내동,19654,322694.0,2024,0
8,4141060000,828081,경기도 군포시 궁내동,19627,310174.88,2024,0
9,4141060000,855770,경기도 군포시 궁내동,19589,328451.56,2024,0
10,4141060000,933125,경기도 군포시 궁내동,19576,321191.0,2024,0
11,4141060000,1246450,경기도 군포시 궁내동,19569,309333.66,2024,0
12,4141060000,1181256,경기도 군포시 궁내동,19561,311871.6,2024,0
1,4141060000,303728,경기도 군포시 궁내동,19537,311735.7,2025,0
2,4141060000,710683,경기도 군포시 궁내동,19511,281439.2,2025,0
3,4141060000,661844,경기도 군포시 궁내동,19464,309719.03,2025,0
4,4141060000,701360,경기도 군포시 궁내동,19423,308920.9,2025,0
5,4141060000,649637,경기도 군포시 궁내동,19404,310310.66,2025,0
6,4141060000,559492,경기도 군포시 궁내동,19413,299751.06,2025,0
7,4141061000,80201702,경기도 군포시 대야동,9397,66824.53,2023,0
8,4141061000,14304667,경기도 군포시 대야동,9379,65994.44,2023,0
9,4141061000,1638447,경기도 군포시 대야동,9353,70265.67,2023,0
10,4141061000,1724927,경기도 군포시 대야동,9340,72967.18,2023,0
11,4141061000,1251279,경기도 군포시 대야동,9325,63430.27,2023,0
12,4141061000,2313561,경기도 군포시 대야동,9299,59260.78,2023,0
1,4141061000,1399940,경기도 군포시 대야동,9298,57526.47,2024,0
2,4141061000,1279365,경기도 군포시 대야동,9300,57054.4,2024,0
3,4141061000,1198547,경기도 군포시 대야동,9272,64171.79,2024,0
4,4141061000,2203882,경기도 군포시 대야동,9268,79567.69,2024,0
5,4141061000,1407522,경기도 군포시 대야동,9264,69972.07,2024,0
6,4141061000,1422908,경기도 군포시 대야동,9244,65569.86,2024,0
7,4141061000,1779582,경기도 군포시 대야동,9215,59808.7,2024,0
8,4141061000,1800197,경기도 군포시 대야동,9214,68424.59,2024,0
9,4141061000,2006453,경기도 군포시 대야동,9191,67830.31,2024,0
10,4141061000,1441061,경기도 군포시 대야동,9148,65395.01,2024,0
11,4141061000,1623400,경기도 군포시 대야동,9146,60958.51,2024,0
12,4141061000,2227378,경기도 군포시 대야동,9121,55297.08,2024,0
1,4141061000,1144653,경기도 군포시 대야동,9118,59113.23,2025,0
2,4141061000,1370789,경기도 군포시 대야동,9085,52764.57,2025,0
3,4141061000,2021704,경기도 군포시 대야동,9055,58675.37,2025,0
4,4141061000,2168364,경기도 군포시 대야동,9046,63076.4,2025,0
5,4141061000,2979615,경기도 군포시 대야동,9000,67071.51,2025,0
6,4141061000,2242134,경기도 군포시 대야동,8984,61717.48,2025,0
7,4141062000,769348077,경기도 군포시 광정동,23943,721674.6,2023,0
8,4141062000,108036385,경기도 군포시 광정동,23938,713813.3,2023,0
9,4141062000,7688300,경기도 군포시 광정동,23929,700143.25,2023,0
10,4141062000,8705491,경기도 군포시 광정동,23898,720515.6,2023,0
11,4141062000,6562247,경기도 군포시 광정동,23873,683543.06,2023,0
12,4141062000,5292627,경기도 군포시 광정동,23784,724958.9,2023,0
1,4141062000,4726776,경기도 군포시 광정동,23713,697607.3,2024,0
2,4141062000,3938265,경기도 군포시 광정동,23636,658359.6,2024,0
3,4141062000,3174883,경기도 군포시 광정동,23598,699051.56,2024,0
4,4141062000,4526736,경기도 군포시 광정동,23557,707659.0,2024,0
5,4141062000,3093194,경기도 군포시 광정동,23528,717792.9,2024,0
6,4141062000,3592733,경기도 군포시 광정동,23496,700962.25,2024,0
7,4141062000,3744821,경기도 군포시 광정동,23494,711689.8,2024,0
8,4141062000,3303139,경기도 군포시 광정동,23466,695943.8,2024,0
9,4141062000,4721222,경기도 군포시 광정동,23429,698031.94,2024,0
10,4141062000,3419329,경기도 군포시 광정동,23354,694328.0,2024,0
11,4141062000,4699148,경기도 군포시 광정동,23296,668144.94,2024,0
12,4141062000,4737980,경기도 군포시 광정동,23283,683259.4,2024,0
1,4141062000,2930213,경기도 군포시 광정동,23235,693990.44,2025,0
2,4141062000,4250052,경기도 군포시 광정동,23116,640710.75,2025,0
3,4141062000,4616041,경기도 군포시 광정동,23121,682073.1,2025,0
4,4141062000,2929917,경기도 군포시 광정동,23075,667625.5,2025,0
5,4141062000,3618518,경기도 군포시 광정동,23097,693109.44,2025,0
6,4141062000,4070861,경기도 군포시 광정동,23027,673170.9,2025,0
7,4143051000,18510884,경기도 의왕시 고천동,12038,150182.86,2023,0
8,4143051000,3068090,경기도 의왕시 고천동,12043,140179.4,2023,0
9,4143051000,77586,경기도 의왕시 고천동,12930,157166.81,2023,0
10,4143051000,101617,경기도 의왕시 고천동,13438,158300.19,2023,0
11,4143051000,79940,경기도 의왕시 고천동,13475,153371.22,2023,0
12,4143051000,87192,경기도 의왕시 고천동,13541,148389.69,2023,0
1,4143051000,75754,경기도 의왕시 고천동,13594,149903.73,2024,0
2,4143051000,89066,경기도 의왕시 고천동,13593,140123.77,2024,0
3,4143051000,53050,경기도 의왕시 고천동,13561,148567.12,2024,0
4,4143051000,97328,경기도 의왕시 고천동,13597,146554.31,2024,0
5,4143051000,52670,경기도 의왕시 고천동,13610,151831.11,2024,0
6,4143051000,72144,경기도 의왕시 고천동,13627,144188.47,2024,0
7,4143051000,79056,경기도 의왕시 고천동,13634,150927.34,2024,0
8,4143051000,110824,경기도 의왕시 고천동,13690,148897.05,2024,0
9,4143051000,118478,경기도 의왕시 고천동,13708,152528.31,2024,0
10,4143051000,110276,경기도 의왕시 고천동,13677,149584.6,2024,0
11,4143051000,115692,경기도 의왕시 고천동,13713,150175.48,2024,0
12,4143051000,131610,경기도 의왕시 고천동,13701,144983.17,2024,0
1,4143051000,81268,경기도 의왕시 고천동,13709,144564.56,2025,0
2,4143051000,81442,경기도 의왕시 고천동,13673,142566.06,2025,0
3,4143051000,81384,경기도 의왕시 고천동,13672,148071.03,2025,0
4,4143051000,60458,경기도 의왕시 고천동,13699,148249.98,2025,0
5,4143051000,76662,경기도 의왕시 고천동,13673,146822.67,2025,0
6,4143051000,96918,경기도 의왕시 고천동,13709,146603.98,2025,0
7,4143052000,40270056,경기도 의왕시 부곡동,27693,185823.36,2023,0
8,4143052000,7663940,경기도 의왕시 부곡동,27658,184968.44,2023,0
9,4143052000,4214212,경기도 의왕시 부곡동,27518,184219.34,2023,0
10,4143052000,2891455,경기도 의왕시 부곡동,27424,191726.39,2023,0
11,4143052000,2845620,경기도 의왕시 부곡동,28452,195430.42,2023,0
12,4143052000,3920488,경기도 의왕시 부곡동,28964,195231.3,2023,0
1,4143052000,3594202,경기도 의왕시 부곡동,29126,190143.56,2024,0
2,4143052000,4736577,경기도 의왕시 부곡동,29192,175955.17,2024,0
3,4143052000,2297882,경기도 의왕시 부곡동,29252,195426.5,2024,0
4,4143052000,3562267,경기도 의왕시 부곡동,29253,209926.38,2024,0
5,4143052000,2868150,경기도 의왕시 부곡동,29283,209296.4,2024,0
6,4143052000,3666583,경기도 의왕시 부곡동,29303,198143.12,2024,0
7,4143052000,3204856,경기도 의왕시 부곡동,29313,202164.86,2024,0
8,4143052000,3426416,경기도 의왕시 부곡동,29285,192308.17,2024,0
9,4143052000,4933036,경기도 의왕시 부곡동,29281,204271.38,2024,0
10,4143052000,3434166,경기도 의왕시 부곡동,29253,206327.88,2024,0
11,4143052000,3555746,경기도 의왕시 부곡동,29255,194938.94,2024,0
12,4143052000,4817101,경기도 의왕시 부곡동,29232,189284.64,2024,0
1,4143052000,5194455,경기도 의왕시 부곡동,29203,196403.12,2025,0
2,4143052000,4288232,경기도 의왕시 부곡동,29153,187845.47,2025,0
3,4143052000,3728037,경기도 의왕시 부곡동,29117,201437.33,2025,0
4,4143052000,3106786,경기도 의왕시 부곡동,29090,200888.39,2025,0
5,4143052000,3217636,경기도 의왕시 부곡동,29035,197503.81,2025,0
6,4143052000,3821199,경기도 의왕시 부곡동,28927,189129.19,2025,0
7,4143053000,90503206,경기도 의왕시 오전동,38411,405870.94,2023,2
8,4143053000,56903693,경기도 의왕시 오전동,38293,396439.16,2023,2
9,4143053000,71852097,경기도 의왕시 오전동,38172,392925.3,2023,2
10,4143053000,79844625,경기도 의왕시 오전동,38050,398578.9,2023,2
11,4143053000,75795661,경기도 의왕시 오전동,37868,385357.78,2023,2
12,4143053000,91650394,경기도 의왕시 오전동,37190,381972.8,2023,2
1,4143053000,83046904,경기도 의왕시 오전동,36657,368009.75,2024,2
2,4143053000,75619602,경기도 의왕시 오전동,36259,348218.47,2024,2
3,4143053000,49973159,경기도 의왕시 오전동,35728,372930.4,2024,2
4,4143053000,76630783,경기도 의왕시 오전동,35147,389966.62,2024,2
5,4143053000,64233665,경기도 의왕시 오전동,34402,386008.34,2024,2
6,4143053000,81075567,경기도 의왕시 오전동,34175,368440.56,2024,2
7,4143053000,89633207,경기도 의왕시 오전동,34011,382549.06,2024,2
8,4143053000,87450858,경기도 의왕시 오전동,33886,379010.97,2024,2
9,4143053000,107411434,경기도 의왕시 오전동,33757,389251.62,2024,2
10,4143053000,77489720,경기도 의왕시 오전동,33702,376917.75,2024,2
11,4143053000,107973576,경기도 의왕시 오전동,33657,378641.56,2024,2
12,4143053000,113966875,경기도 의왕시 오전동,33584,376608.97,2024,2
1,4143053000,97733526,경기도 의왕시 오전동,33552,407409.47,2025,2
2,4143053000,88718455,경기도 의왕시 오전동,33470,347855.72,2025,2
3,4143053000,88172073,경기도 의왕시 오전동,33425,378815.34,2025,2
4,4143053000,67696397,경기도 의왕시 오전동,33452,375530.25,2025,2
5,4143053000,75024068,경기도 의왕시 오전동,33422,373083.1,2025,2
6,4143053000,87635293,경기도 의왕시 오전동,33346,367005.22,2025,2
7,4143054000,78582884,경기도 의왕시 내손1동,20266,1276485.2,2023,0
8,4143054000,12602477,경기도 의왕시 내손1동,20278,1244474.9,2023,0
9,4143054000,116814,경기도 의왕시 내손1동,20186,1294791.1,2023,0
10,4143054000,43682,경기도 의왕시 내손1동,20176,1333699.2,2023,0
11,4143054000,46052,경기도 의왕시 내손1동,20161,1298349.0,2023,0
12,4143054000,83120,경기도 의왕시 내손1동,20134,1279951.6,2023,0
1,4143054000,80712,경기도 의왕시 내손1동,20015,1175268.4,2024,0
2,4143054000,67848,경기도 의왕시 내손1동,19975,1094418.4,2024,0
3,4143054000,64622,경기도 의왕시 내손1동,19917,1246405.6,2024,0
4,4143054000,72730,경기도 의왕시 내손1동,19884,1280887.1,2024,0
5,4143054000,77506,경기도 의왕시 내손1동,19909,1302765.0,2024,0
6,4143054000,60704,경기도 의왕시 내손1동,19921,1275436.1,2024,0
7,4143054000,42224,경기도 의왕시 내손1동,19918,1255624.5,2024,0
8,4143054000,63024,경기도 의왕시 내손1동,19876,1238000.0,2024,0
9,4143054000,64804,경기도 의왕시 내손1동,19873,1291102.0,2024,0
10,4143054000,45868,경기도 의왕시 내손1동,19861,1265826.6,2024,0
11,4143054000,50144,경기도 의왕시 내손1동,19875,1217856.0,2024,0
12,4143054000,84474,경기도 의왕시 내손1동,19874,1189641.4,2024,0
1,4143054000,66006,경기도 의왕시 내손1동,19856,1236979.0,2025,0
2,4143054000,58134,경기도 의왕시 내손1동,19832,1115764.5,2025,0
3,4143054000,64328,경기도 의왕시 내손1동,19832,1294272.4,2025,0
4,4143054000,72712,경기도 의왕시 내손1동,19813,1270544.2,2025,0
5,4143054000,72366,경기도 의왕시 내손1동,19826,1237508.0,2025,0
6,4143054000,106026,경기도 의왕시 내손1동,19753,1184284.1,2025,0
7,4143056000,94298868,경기도 의왕시 청계동,37480,157113.8,2023,2
8,4143056000,15616432,경기도 의왕시 청계동,37439,153220.39,2023,2
9,4143056000,602755,경기도 의왕시 청계동,37384,152714.34,2023,2
10,4143056000,563083,경기도 의왕시 청계동,37387,153531.78,2023,2
11,4143056000,505881,경기도 의왕시 청계동,37383,142960.2,2023,2
12,4143056000,645279,경기도 의왕시 청계동,37339,144113.84,2023,2
1,4143056000,474899,경기도 의왕시 청계동,37193,138908.88,2024,2
2,4143056000,266333,경기도 의왕시 청계동,37085,131526.53,2024,2
3,4143056000,349592,경기도 의왕시 청계동,37121,145839.39,2024,2
4,4143056000,513169,경기도 의왕시 청계동,37066,154374.64,2024,2
5,4143056000,434825,경기도 의왕시 청계동,37050,158051.06,2024,2
6,4143056000,347652,경기도 의왕시 청계동,37043,150863.4,2024,2
7,4143056000,381766,경기도 의왕시 청계동,37023,151994.73,2024,2
8,4143056000,325900,경기도 의왕시 청계동,36980,155137.05,2024,2
9,4143056000,379067,경기도 의왕시 청계동,36950,158666.72,2024,2
10,4143056000,345654,경기도 의왕시 청계동,36911,153837.84,2024,2
11,4143056000,416496,경기도 의왕시 청계동,36882,147871.12,2024,2
12,4143056000,485833,경기도 의왕시 청계동,36882,144651.67,2024,2
1,4143056000,435960,경기도 의왕시 청계동,36863,152285.75,2025,2
2,4143056000,303193,경기도 의왕시 청계동,36868,141532.45,2025,2
3,4143056000,432042,경기도 의왕시 청계동,36826,148689.31,2025,2
4,4143056000,667699,경기도 의왕시 청계동,36803,149431.03,2025,2
5,4143056000,607077,경기도 의왕시 청계동,36803,154669.77,2025,2
6,4143056000,720060,경기도 의왕시 청계동,36720,148960.31,2025,2
7,4145051000,34397978,경기도 하남시 천현동,6662,33810.02,2023,0
8,4145051000,7027328,경기도 하남시 천현동,6622,34647.45,2023,0
9,4145051000,4790136,경기도 하남시 천현동,6591,35801.02,2023,0
10,4145051000,5951562,경기도 하남시 천현동,6543,35475.11,2023,0
11,4145051000,5537849,경기도 하남시 천현동,6461,31220.57,2023,0
12,4145051000,6823119,경기도 하남시 천현동,6407,29695.13,2023,0
1,4145051000,5970254,경기도 하남시 천현동,6348,28600.36,2024,0
2,4145051000,5224791,경기도 하남시 천현동,6335,26553.44,2024,0
3,4145051000,3247770,경기도 하남시 천현동,6278,31757.98,2024,0
4,4145051000,5458622,경기도 하남시 천현동,6222,33035.15,2024,0
5,4145051000,4132238,경기도 하남시 천현동,6184,34285.64,2024,0
6,4145051000,6215987,경기도 하남시 천현동,6151,31632.98,2024,0
7,4145051000,6897624,경기도 하남시 천현동,6136,31334.94,2024,0
8,4145051000,6012704,경기도 하남시 천현동,6082,31766.74,2024,0
9,4145051000,7133468,경기도 하남시 천현동,6077,33222.98,2024,0
10,4145051000,4683650,경기도 하남시 천현동,6025,32165.31,2024,0
11,4145051000,4857463,경기도 하남시 천현동,5970,30013.27,2024,0
12,4145051000,4568267,경기도 하남시 천현동,5937,27418.82,2024,0
1,4145051000,5009792,경기도 하남시 천현동,5900,28667.97,2025,0
2,4145051000,5098505,경기도 하남시 천현동,5907,26978.54,2025,0
3,4145051000,4971838,경기도 하남시 천현동,5882,28463.15,2025,0
4,4145051000,3900119,경기도 하남시 천현동,5879,27575.33,2025,0
5,4145051000,2687945,경기도 하남시 천현동,5850,32381.57,2025,0
6,4145051000,1339606,경기도 하남시 천현동,5861,28246.6,2025,0
7,4145053000,143857373,경기도 하남시 신장2동,45973,136865.88,2023,2
8,4145053000,19531799,경기도 하남시 신장2동,45881,131360.62,2023,2
9,4145053000,1616692,경기도 하남시 신장2동,45815,128146.36,2023,2
10,4145053000,2289071,경기도 하남시 신장2동,45756,127883.18,2023,2
11,4145053000,1735778,경기도 하남시 신장2동,45750,122435.27,2023,2
12,4145053000,2416285,경기도 하남시 신장2동,45773,139549.6,2023,2
1,4145053000,1444906,경기도 하남시 신장2동,45755,125679.1,2024,2
2,4145053000,1290655,경기도 하남시 신장2동,45693,118275.35,2024,2
3,4145053000,961448,경기도 하남시 신장2동,45703,127753.16,2024,2
4,4145053000,1551298,경기도 하남시 신장2동,45467,135491.69,2024,2
5,4145053000,1430499,경기도 하남시 신장2동,45351,131469.44,2024,2
6,4145053000,1663348,경기도 하남시 신장2동,45331,132061.38,2024,2
7,4145053000,1858600,경기도 하남시 신장2동,45240,133360.98,2024,2
8,4145053000,1673255,경기도 하남시 신장2동,45182,139719.4,2024,2
9,4145053000,2366061,경기도 하남시 신장2동,45141,139394.0,2024,2
10,4145053000,1444694,경기도 하남시 신장2동,45118,126879.91,2024,2
11,4145053000,1457301,경기도 하남시 신장2동,45155,125210.64,2024,2
12,4145053000,2121410,경기도 하남시 신장2동,45130,131782.86,2024,2
1,4145053000,920372,경기도 하남시 신장2동,45152,137452.66,2025,2
2,4145053000,1165404,경기도 하남시 신장2동,45101,121996.09,2025,2
3,4145053000,1215518,경기도 하남시 신장2동,45060,133514.44,2025,2
4,4145053000,833487,경기도 하남시 신장2동,44993,126274.78,2025,2
5,4145053000,987396,경기도 하남시 신장2동,44971,128078.08,2025,2
6,4145053000,1186275,경기도 하남시 신장2동,44998,125545.55,2025,2
7,4145054000,14938399,경기도 하남시 덕풍1동,14646,43773.09,2023,0
8,4145054000,2006857,경기도 하남시 덕풍1동,14568,44721.42,2023,0
9,4145054000,236105,경기도 하남시 덕풍1동,14532,45566.76,2023,0
10,4145054000,425973,경기도 하남시 덕풍1동,14487,44663.16,2023,0
11,4145054000,141612,경기도 하남시 덕풍1동,14483,43658.2,2023,0
12,4145054000,144295,경기도 하남시 덕풍1동,14468,43378.85,2023,0
1,4145054000,312090,경기도 하남시 덕풍1동,14453,41448.77,2024,0
2,4145054000,262633,경기도 하남시 덕풍1동,14435,39054.7,2024,0
3,4145054000,166296,경기도 하남시 덕풍1동,14419,44587.63,2024,0
4,4145054000,176212,경기도 하남시 덕풍1동,14303,47016.68,2024,0
5,4145054000,87805,경기도 하남시 덕풍1동,14242,45035.95,2024,0
6,4145054000,191838,경기도 하남시 덕풍1동,14226,44592.03,2024,0
7,4145054000,274450,경기도 하남시 덕풍1동,14213,43887.58,2024,0
8,4145054000,155921,경기도 하남시 덕풍1동,14192,44644.29,2024,0
9,4145054000,513520,경기도 하남시 덕풍1동,14184,49441.93,2024,0
10,4145054000,101960,경기도 하남시 덕풍1동,14168,44703.22,2024,0
11,4145054000,21612,경기도 하남시 덕풍1동,14161,43748.7,2024,0
12,4145054000,145263,경기도 하남시 덕풍1동,14114,43590.69,2024,0
1,4145054000,165237,경기도 하남시 덕풍1동,14083,45246.63,2025,0
2,4145054000,149497,경기도 하남시 덕풍1동,14056,38924.22,2025,0
3,4145054000,188383,경기도 하남시 덕풍1동,14065,43471.63,2025,0
4,4145054000,45606,경기도 하남시 덕풍1동,14057,41329.75,2025,0
5,4145054000,157082,경기도 하남시 덕풍1동,14055,42389.58,2025,0
6,4145054000,295639,경기도 하남시 덕풍1동,14050,40732.12,2025,0
7,4145055000,41076420,경기도 하남시 덕풍2동,18121,646204.3,2023,0
8,4145055000,6773662,경기도 하남시 덕풍2동,18068,611785.56,2023,0
9,4145055000,1640027,경기도 하남시 덕풍2동,18081,611494.75,2023,0
10,4145055000,1882245,경기도 하남시 덕풍2동,18063,626888.1,2023,0
11,4145055000,2008877,경기도 하남시 덕풍2동,18057,600049.9,2023,0
12,4145055000,2318179,경기도 하남시 덕풍2동,18023,606196.4,2023,0
1,4145055000,2378027,경기도 하남시 덕풍2동,17927,601612.7,2024,0
2,4145055000,2029272,경기도 하남시 덕풍2동,17896,569924.8,2024,0
3,4145055000,1275235,경기도 하남시 덕풍2동,17851,602965.8,2024,0
4,4145055000,2129967,경기도 하남시 덕풍2동,17704,662652.56,2024,0
5,4145055000,1460458,경기도 하남시 덕풍2동,17641,611818.6,2024,0
6,4145055000,2260639,경기도 하남시 덕풍2동,17560,632898.7,2024,0
7,4145055000,2283079,경기도 하남시 덕풍2동,17547,621178.6,2024,0
8,4145055000,2504666,경기도 하남시 덕풍2동,17525,643866.94,2024,0
9,4145055000,2928588,경기도 하남시 덕풍2동,17492,704993.25,2024,0
10,4145055000,1662508,경기도 하남시 덕풍2동,17425,624883.8,2024,0
11,4145055000,1684864,경기도 하남시 덕풍2동,17406,614107.9,2024,0
12,4145055000,1850273,경기도 하남시 덕풍2동,17419,624270.06,2024,0
1,4145055000,1758988,경기도 하남시 덕풍2동,17404,676850.1,2025,0
2,4145055000,1829005,경기도 하남시 덕풍2동,17360,615614.0,2025,0
3,4145055000,1664708,경기도 하남시 덕풍2동,17338,660370.7,2025,0
4,4145055000,1430491,경기도 하남시 덕풍2동,17339,618404.5,2025,0
5,4145055000,1585114,경기도 하남시 덕풍2동,17331,590565.5,2025,0
6,4145055000,1826105,경기도 하남시 덕풍2동,17311,568578.8,2025,0
7,4145056000,108020981,경기도 하남시 덕풍3동,25102,523147.34,2023,2
8,4145056000,15072408,경기도 하남시 덕풍3동,25072,511887.97,2023,2
9,4145056000,909936,경기도 하남시 덕풍3동,25107,497463.03,2023,2
10,4145056000,1142646,경기도 하남시 덕풍3동,25109,527432.9,2023,2
11,4145056000,896242,경기도 하남시 덕풍3동,25118,495054.1,2023,2
12,4145056000,1637192,경기도 하남시 덕풍3동,25110,498945.06,2023,2
1,4145056000,614184,경기도 하남시 덕풍3동,25074,487467.38,2024,2
2,4145056000,610178,경기도 하남시 덕풍3동,25062,448071.56,2024,2
3,4145056000,355916,경기도 하남시 덕풍3동,25067,505334.28,2024,2
4,4145056000,461816,경기도 하남시 덕풍3동,26233,611827.4,2024,2
5,4145056000,497766,경기도 하남시 덕풍3동,27111,570874.9,2024,2
6,4145056000,940840,경기도 하남시 덕풍3동,27314,533630.25,2024,2
7,4145056000,891450,경기도 하남시 덕풍3동,27464,542088.5,2024,2
8,4145056000,906588,경기도 하남시 덕풍3동,27574,531606.6,2024,2
9,4145056000,1050576,경기도 하남시 덕풍3동,27590,582198.1,2024,2
10,4145056000,763816,경기도 하남시 덕풍3동,27600,544483.6,2024,2
11,4145056000,568178,경기도 하남시 덕풍3동,27575,524683.4,2024,2
12,4145056000,1866576,경기도 하남시 덕풍3동,27608,532296.75,2024,2
1,4145056000,363578,경기도 하남시 덕풍3동,27579,547180.8,2025,2
2,4145056000,446430,경기도 하남시 덕풍3동,27608,522449.16,2025,2
3,4145056000,476620,경기도 하남시 덕풍3동,27620,561324.06,2025,2
4,4145056000,385394,경기도 하남시 덕풍3동,27658,545749.06,2025,2
5,4145056000,643864,경기도 하남시 덕풍3동,27676,539749.94,2025,2
6,4145056000,612670,경기도 하남시 덕풍3동,27703,515814.5,2025,2
7,4145058200,11559904,경기도 하남시 감일동,37990,36354.57,2023,2
8,4145058200,2055987,경기도 하남시 감일동,38712,36047.86,2023,2
9,4145058200,776680,경기도 하남시 감일동,38919,35527.85,2023,2
10,4145058200,1069661,경기도 하남시 감일동,39042,36076.07,2023,2
11,4145058200,1473625,경기도 하남시 감일동,39327,34896.26,2023,2
12,4145058200,2607669,경기도 하남시 감일동,39515,35413.6,2023,2
1,4145058200,1764716,경기도 하남시 감일동,39603,32983.4,2024,2
2,4145058200,1282375,경기도 하남시 감일동,39623,32894.53,2024,2
3,4145058200,826933,경기도 하남시 감일동,39630,38130.51,2024,2
4,4145058200,1247941,경기도 하남시 감일동,39628,40414.67,2024,2
5,4145058200,782473,경기도 하남시 감일동,39631,38920.42,2024,2
6,4145058200,1151763,경기도 하남시 감일동,39679,39104.33,2024,2
7,4145058200,207562,경기도 하남시 감일동,39665,37104.12,2024,2
8,4145058200,145896,경기도 하남시 감일동,39666,36604.15,2024,2
9,4145058200,156036,경기도 하남시 감일동,39629,38975.94,2024,2
10,4145058200,122484,경기도 하남시 감일동,39645,36132.49,2024,2
11,4145058200,186554,경기도 하남시 감일동,39641,37783.09,2024,2
12,4145058200,143312,경기도 하남시 감일동,39686,37210.32,2024,2
1,4145058200,140098,경기도 하남시 감일동,39645,37409.33,2025,2
2,4145058200,194204,경기도 하남시 감일동,39584,35212.42,2025,2
3,4145058200,198430,경기도 하남시 감일동,39536,36899.68,2025,2
4,4145058200,137724,경기도 하남시 감일동,39573,36071.51,2025,2
5,4145058200,174616,경기도 하남시 감일동,39619,36679.7,2025,2
6,4145058200,187856,경기도 하남시 감일동,39644,36478.22,2025,2
7,4145059000,52747452,경기도 하남시 춘궁동,2449,1066.07,2023,0
8,4145059000,72507333,경기도 하남시 춘궁동,2374,1080.85,2023,0
9,4145059000,116645761,경기도 하남시 춘궁동,2318,1057.8,2023,0
10,4145059000,103732357,경기도 하남시 춘궁동,2225,977.92,2023,0
11,4145059000,109686528,경기도 하남시 춘궁동,2067,929.46,2023,0
12,4145059000,126374545,경기도 하남시 춘궁동,1853,821.07,2023,0
1,4145059000,104348268,경기도 하남시 춘궁동,1759,758.18,2024,0
2,4145059000,99893860,경기도 하남시 춘궁동,1709,675.97,2024,0
3,4145059000,57987091,경기도 하남시 춘궁동,1652,753.65,2024,0
4,4145059000,86785293,경기도 하남시 춘궁동,1570,786.51,2024,0
5,4145059000,67566638,경기도 하남시 춘궁동,1491,796.92,2024,0
6,4145059000,115384606,경기도 하남시 춘궁동,1470,734.61,2024,0
7,4145059000,126045085,경기도 하남시 춘궁동,1434,744.04,2024,0
8,4145059000,107148106,경기도 하남시 춘궁동,1406,747.0,2024,0
9,4145059000,137543682,경기도 하남시 춘궁동,1341,746.88,2024,0
10,4145059000,77934204,경기도 하남시 춘궁동,1283,670.02,2024,0
11,4145059000,82455853,경기도 하남시 춘궁동,1226,617.64,2024,0
12,4145059000,83811019,경기도 하남시 춘궁동,1159,558.99,2024,0
1,4145059000,79735665,경기도 하남시 춘궁동,1133,527.83,2025,0
2,4145059000,74008008,경기도 하남시 춘궁동,1118,519.65,2025,0
3,4145059000,71381718,경기도 하남시 춘궁동,1081,527.05,2025,0
4,4145059000,62805100,경기도 하남시 춘궁동,1042,548.26,2025,0
5,4145059000,86485922,경기도 하남시 춘궁동,1005,552.22,2025,0
6,4145059000,86745865,경기도 하남시 춘궁동,978,511.86,2025,0
7,4145060000,19244601,경기도 하남시 초이동,3280,88544.03,2023,0
8,4145060000,2087480,경기도 하남시 초이동,3225,87198.18,2023,0
9,4145060000,19412,경기도 하남시 초이동,3219,85378.88,2023,0
10,4145060000,11908,경기도 하남시 초이동,3212,87429.64,2023,0
11,4145060000,5332,경기도 하남시 초이동,3223,88316.4,2023,0
12,4145060000,14192,경기도 하남시 초이동,3209,83439.86,2023,0
1,4145060000,24128,경기도 하남시 초이동,3186,83980.18,2024,0
2,4145060000,18068,경기도 하남시 초이동,3175,75099.8,2024,0
3,4145060000,89228,경기도 하남시 초이동,3133,84674.41,2024,0
4,4145060000,138518,경기도 하남시 초이동,3125,86643.81,2024,0
5,4145060000,70708,경기도 하남시 초이동,3110,86538.44,2024,0
6,4145060000,21386,경기도 하남시 초이동,3118,81980.31,2024,0
7,4145060000,18258,경기도 하남시 초이동,3106,84949.63,2024,0
8,4145060000,26580,경기도 하남시 초이동,3101,81880.08,2024,0
9,4145060000,66572,경기도 하남시 초이동,3095,86046.28,2024,0
10,4145060000,13934,경기도 하남시 초이동,3078,87472.5,2024,0
11,4145060000,5466,경기도 하남시 초이동,3081,86185.51,2024,0
12,4145060000,386,경기도 하남시 초이동,3068,84583.75,2024,0
1,4145060000,7354,경기도 하남시 초이동,3052,82457.38,2025,0
2,4145060000,7142,경기도 하남시 초이동,3038,84257.08,2025,0
3,4145060000,31224,경기도 하남시 초이동,3025,82127.02,2025,0
4,4145060000,94866,경기도 하남시 초이동,3016,85459.53,2025,0
5,4145060000,79934,경기도 하남시 초이동,3027,82314.97,2025,0
6,4145060000,10666,경기도 하남시 초이동,3024,79684.68,2025,0
7,4145061000,364736942,경기도 하남시 미사1동,53701,532410.1,2023,2
8,4145061000,45523863,경기도 하남시 미사1동,53616,511939.47,2023,2
9,4145061000,531222,경기도 하남시 미사1동,53788,495466.47,2023,2
10,4145061000,644530,경기도 하남시 미사1동,53750,512375.62,2023,2
11,4145061000,471722,경기도 하남시 미사1동,53827,490279.28,2023,2
12,4145061000,1012096,경기도 하남시 미사1동,53929,504016.8,2023,2
1,4145061000,415690,경기도 하남시 미사1동,53957,502626.8,2024,2
2,4145061000,289882,경기도 하남시 미사1동,53949,464575.88,2024,2
3,4145061000,326862,경기도 하남시 미사1동,53897,552153.4,2024,2
4,4145061000,547474,경기도 하남시 미사1동,53805,546296.2,2024,2
5,4145061000,407864,경기도 하남시 미사1동,53809,541359.94,2024,2
6,4145061000,764938,경기도 하남시 미사1동,53833,531005.4,2024,2
7,4145061000,765790,경기도 하남시 미사1동,53817,531616.44,2024,2
8,4145061000,553182,경기도 하남시 미사1동,53676,520251.94,2024,2
9,4145061000,633348,경기도 하남시 미사1동,53721,547534.44,2024,2
10,4145061000,567888,경기도 하남시 미사1동,53714,529462.7,2024,2
11,4145061000,597938,경기도 하남시 미사1동,53686,511222.56,2024,2
12,4145061000,780360,경기도 하남시 미사1동,53637,523493.12,2024,2
1,4145061000,298698,경기도 하남시 미사1동,53594,542335.56,2025,2
2,4145061000,413626,경기도 하남시 미사1동,53540,509239.6,2025,2
3,4145061000,455140,경기도 하남시 미사1동,53487,532600.25,2025,2
4,4145061000,458616,경기도 하남시 미사1동,53534,517998.84,2025,2
5,4145061000,531908,경기도 하남시 미사1동,53569,540431.56,2025,2
6,4145061000,500138,경기도 하남시 미사1동,53546,520861.94,2025,2
7,4145062000,317258369,경기도 하남시 미사2동,47080,110784.7,2023,2
8,4145062000,57890584,경기도 하남시 미사2동,47003,106667.96,2023,2
9,4145062000,22147126,경기도 하남시 미사2동,46940,105538.88,2023,2
10,4145062000,10800324,경기도 하남시 미사2동,46873,109398.68,2023,2
11,4145062000,10468223,경기도 하남시 미사2동,46885,103668.51,2023,2
12,4145062000,13798539,경기도 하남시 미사2동,46901,104042.17,2023,2
1,4145062000,8925420,경기도 하남시 미사2동,46886,104420.53,2024,2
2,4145062000,6888777,경기도 하남시 미사2동,46854,98947.8,2024,2
3,4145062000,4121306,경기도 하남시 미사2동,46844,111714.91,2024,2
4,4145062000,6522316,경기도 하남시 미사2동,46759,121641.49,2024,2
5,4145062000,4657177,경기도 하남시 미사2동,46708,119341.74,2024,2
6,4145062000,11223621,경기도 하남시 미사2동,46702,119905.14,2024,2
7,4145062000,10636754,경기도 하남시 미사2동,46630,113968.91,2024,2
8,4145062000,10487228,경기도 하남시 미사2동,46615,110415.22,2024,2
9,4145062000,9720195,경기도 하남시 미사2동,46670,118921.8,2024,2
10,4145062000,6858967,경기도 하남시 미사2동,46585,111692.7,2024,2
11,4145062000,8181721,경기도 하남시 미사2동,46562,108373.58,2024,2
12,4145062000,8237923,경기도 하남시 미사2동,46514,107769.52,2024,2
1,4145062000,5229558,경기도 하남시 미사2동,46504,110437.28,2025,2
2,4145062000,6049047,경기도 하남시 미사2동,46403,105504.32,2025,2
3,4145062000,5991556,경기도 하남시 미사2동,46396,112032.06,2025,2
4,4145062000,4561561,경기도 하남시 미사2동,46368,110112.47,2025,2
5,4145062000,4409020,경기도 하남시 미사2동,46355,112547.85,2025,2
6,4145062000,3287224,경기도 하남시 미사2동,46312,111059.17,2025,2
7,4146151000,115866762,경기도 용인시 처인구 중앙동,24777,172536.75,2023,2
8,4146151000,11415138,경기도 용인시 처인구 중앙동,24743,173530.98,2023,2
9,4146151000,2071477,경기도 용인시 처인구 중앙동,24771,186937.16,2023,2
10,4146151000,2299434,경기도 용인시 처인구 중앙동,24815,182167.61,2023,2
11,4146151000,2140857,경기도 용인시 처인구 중앙동,24824,175348.52,2023,2
12,4146151000,2323875,경기도 용인시 처인구 중앙동,24848,170068.92,2023,2
1,4146151000,2125868,경기도 용인시 처인구 중앙동,24792,162541.39,2024,2
2,4146151000,2165038,경기도 용인시 처인구 중앙동,24762,159175.48,2024,2
3,4146151000,1409464,경기도 용인시 처인구 중앙동,24789,197068.31,2024,2
4,4146151000,1514777,경기도 용인시 처인구 중앙동,25981,198155.31,2024,2
5,4146151000,1253987,경기도 용인시 처인구 중앙동,26676,201590.16,2024,2
6,4146151000,1450957,경기도 용인시 처인구 중앙동,26837,183554.72,2024,2
7,4146151000,1607105,경기도 용인시 처인구 중앙동,26945,181678.33,2024,2
8,4146151000,1545958,경기도 용인시 처인구 중앙동,26972,175935.02,2024,2
9,4146151000,1819881,경기도 용인시 처인구 중앙동,26802,213513.02,2024,2
10,4146151000,1038809,경기도 용인시 처인구 중앙동,26696,190677.34,2024,2
11,4146151000,1232717,경기도 용인시 처인구 중앙동,26761,187279.28,2024,2
12,4146151000,1281653,경기도 용인시 처인구 중앙동,26751,192278.6,2024,2
1,4146151000,1414621,경기도 용인시 처인구 중앙동,26754,190999.45,2025,2
2,4146151000,1271161,경기도 용인시 처인구 중앙동,26896,177154.28,2025,2
3,4146151000,1426298,경기도 용인시 처인구 중앙동,26828,216026.45,2025,2
4,4146151000,1016332,경기도 용인시 처인구 중앙동,26820,192827.52,2025,2
5,4146151000,1192818,경기도 용인시 처인구 중앙동,26782,198762.98,2025,2
6,4146151000,1335932,경기도 용인시 처인구 중앙동,26814,185265.66,2025,2
7,4146154000,106029497,경기도 용인시 처인구 동부동,12858,41633.51,2023,2
8,4146154000,252733739,경기도 용인시 처인구 동부동,12825,42926.29,2023,2
9,4146154000,503551567,경기도 용인시 처인구 동부동,12788,46265.65,2023,2
10,4146154000,590645645,경기도 용인시 처인구 동부동,12771,44780.24,2023,2
11,4146154000,521705903,경기도 용인시 처인구 동부동,12767,43145.3,2023,2
12,4146154000,624849125,경기도 용인시 처인구 동부동,12766,39378.96,2023,2
1,4146154000,562071956,경기도 용인시 처인구 동부동,12732,39378.83,2024,2
2,4146154000,473645949,경기도 용인시 처인구 동부동,12717,42516.29,2024,2
3,4146154000,301410171,경기도 용인시 처인구 동부동,12705,46346.94,2024,2
4,4146154000,447205928,경기도 용인시 처인구 동부동,12608,46912.9,2024,2
5,4146154000,355737963,경기도 용인시 처인구 동부동,12487,46924.95,2024,2
6,4146154000,450498294,경기도 용인시 처인구 동부동,12474,44309.71,2024,2
7,4146154000,502852504,경기도 용인시 처인구 동부동,12495,42157.24,2024,2
8,4146154000,433102479,경기도 용인시 처인구 동부동,12512,46416.91,2024,2
9,4146154000,431725070,경기도 용인시 처인구 동부동,12349,46814.58,2024,2
10,4146154000,284527123,경기도 용인시 처인구 동부동,12290,45676.9,2024,2
11,4146154000,301506451,경기도 용인시 처인구 동부동,12281,40676.86,2024,2
12,4146154000,319112509,경기도 용인시 처인구 동부동,12303,32576.25,2024,2
1,4146154000,335947437,경기도 용인시 처인구 동부동,12339,37096.55,2025,2
2,4146154000,400085730,경기도 용인시 처인구 동부동,12333,34209.0,2025,2
3,4146154000,386608918,경기도 용인시 처인구 동부동,12348,38909.06,2025,2
4,4146154000,284371813,경기도 용인시 처인구 동부동,12327,39159.76,2025,2
5,4146154000,333906759,경기도 용인시 처인구 동부동,12317,36897.58,2025,2
6,4146154000,388066981,경기도 용인시 처인구 동부동,12301,39289.97,2025,2
7,4146351000,66785030,경기도 용인시 기흥구 신갈동,37469,592931.94,2023,2
8,4146351000,8961386,경기도 용인시 기흥구 신갈동,37370,575707.4,2023,2
9,4146351000,6146,경기도 용인시 기흥구 신갈동,37318,575619.0,2023,2
10,4146351000,8012,경기도 용인시 기흥구 신갈동,37352,582457.9,2023,2
11,4146351000,13160,경기도 용인시 기흥구 신갈동,37287,564884.7,2023,2
12,4146351000,29024,경기도 용인시 기흥구 신갈동,37241,563974.9,2023,2
1,4146351000,4942,경기도 용인시 기흥구 신갈동,37190,545800.6,2024,2
2,4146351000,3682,경기도 용인시 기흥구 신갈동,37126,531393.3,2024,2
3,4146351000,5922,경기도 용인시 기흥구 신갈동,37131,574661.25,2024,2
4,4146351000,13786,경기도 용인시 기흥구 신갈동,37078,574249.5,2024,2
5,4146351000,6940,경기도 용인시 기흥구 신갈동,36972,579928.44,2024,2
6,4146351000,6372,경기도 용인시 기흥구 신갈동,36954,554248.5,2024,2
7,4146351000,11716,경기도 용인시 기흥구 신갈동,36899,560975.3,2024,2
8,4146351000,5328,경기도 용인시 기흥구 신갈동,36873,554174.2,2024,2
9,4146351000,5106,경기도 용인시 기흥구 신갈동,36761,658835.4,2024,2
10,4146351000,7974,경기도 용인시 기흥구 신갈동,36707,572321.9,2024,2
11,4146351000,2160,경기도 용인시 기흥구 신갈동,36658,554729.9,2024,2
12,4146351000,2516,경기도 용인시 기흥구 신갈동,36624,558663.1,2024,2
1,4146351000,33856,경기도 용인시 기흥구 신갈동,36591,577055.0,2025,2
2,4146351000,49696,경기도 용인시 기흥구 신갈동,36475,533435.2,2025,2
3,4146351000,66434,경기도 용인시 기흥구 신갈동,36417,568588.75,2025,2
4,4146351000,99956,경기도 용인시 기흥구 신갈동,36433,557543.2,2025,2
5,4146351000,104314,경기도 용인시 기흥구 신갈동,36366,568144.1,2025,2
6,4146351000,83494,경기도 용인시 기흥구 신갈동,36350,551041.25,2025,2
7,4146351600,151800366,경기도 용인시 기흥구 영덕1동,29848,766690.44,2023,2
8,4146351600,23111055,경기도 용인시 기흥구 영덕1동,29881,739842.75,2023,2
9,4146351600,1023443,경기도 용인시 기흥구 영덕1동,29841,745409.56,2023,2
10,4146351600,1449538,경기도 용인시 기흥구 영덕1동,29926,747875.75,2023,2
11,4146351600,1368810,경기도 용인시 기흥구 영덕1동,30595,782798.2,2023,2
12,4146351600,1789257,경기도 용인시 기흥구 영덕1동,31353,779844.5,2023,2
1,4146351600,1559186,경기도 용인시 기흥구 영덕1동,32935,799123.2,2024,2
2,4146351600,997669,경기도 용인시 기흥구 영덕1동,33443,786285.6,2024,2
3,4146351600,971241,경기도 용인시 기흥구 영덕1동,33656,844062.5,2024,2
4,4146351600,1114341,경기도 용인시 기흥구 영덕1동,33867,855290.6,2024,2
5,4146351600,1121911,경기도 용인시 기흥구 영덕1동,34043,827625.5,2024,2
6,4146351600,964725,경기도 용인시 기흥구 영덕1동,34091,815158.6,2024,2
7,4146351600,1358818,경기도 용인시 기흥구 영덕1동,34188,834452.94,2024,2
8,4146351600,1262038,경기도 용인시 기흥구 영덕1동,34282,825844.75,2024,2
9,4146351600,1175079,경기도 용인시 기흥구 영덕1동,34215,856895.0,2024,2
10,4146351600,842663,경기도 용인시 기흥구 영덕1동,34216,831002.4,2024,2
11,4146351600,756260,경기도 용인시 기흥구 영덕1동,34280,811727.5,2024,2
12,4146351600,991730,경기도 용인시 기흥구 영덕1동,34273,822986.56,2024,2
1,4146351600,926033,경기도 용인시 기흥구 영덕1동,34319,844331.7,2025,2
2,4146351600,1234918,경기도 용인시 기흥구 영덕1동,34338,813865.6,2025,2
3,4146351600,1023583,경기도 용인시 기흥구 영덕1동,34331,832093.1,2025,2
4,4146351600,811556,경기도 용인시 기흥구 영덕1동,34328,819359.7,2025,2
5,4146351600,1050022,경기도 용인시 기흥구 영덕1동,34313,796748.06,2025,2
6,4146351600,1021638,경기도 용인시 기흥구 영덕1동,34247,781239.1,2025,2
7,4146351700,32139765,경기도 용인시 기흥구 영덕2동,18926,116123.42,2023,0
8,4146351700,4544912,경기도 용인시 기흥구 영덕2동,19043,104262.41,2023,0
9,4146351700,499170,경기도 용인시 기흥구 영덕2동,19101,109376.32,2023,0
10,4146351700,647776,경기도 용인시 기흥구 영덕2동,19111,111155.27,2023,0
11,4146351700,663868,경기도 용인시 기흥구 영덕2동,19181,107676.86,2023,0
12,4146351700,560424,경기도 용인시 기흥구 영덕2동,19199,106375.53,2023,0
1,4146351700,569590,경기도 용인시 기흥구 영덕2동,19153,101426.84,2024,0
2,4146351700,380134,경기도 용인시 기흥구 영덕2동,19178,96587.91,2024,0
3,4146351700,456944,경기도 용인시 기흥구 영덕2동,19200,109780.8,2024,0
4,4146351700,572746,경기도 용인시 기흥구 영덕2동,19189,111826.71,2024,0
5,4146351700,545080,경기도 용인시 기흥구 영덕2동,19194,109913.87,2024,0
6,4146351700,454864,경기도 용인시 기흥구 영덕2동,19219,106594.42,2024,0
7,4146351700,561138,경기도 용인시 기흥구 영덕2동,19222,102569.06,2024,0
8,4146351700,446894,경기도 용인시 기흥구 영덕2동,19187,98771.68,2024,0
9,4146351700,506948,경기도 용인시 기흥구 영덕2동,19168,110854.82,2024,0
10,4146351700,325188,경기도 용인시 기흥구 영덕2동,19187,111215.2,2024,0
11,4146351700,389364,경기도 용인시 기흥구 영덕2동,19223,105181.5,2024,0
12,4146351700,348532,경기도 용인시 기흥구 영덕2동,19232,105112.97,2024,0
1,4146351700,429698,경기도 용인시 기흥구 영덕2동,19244,102262.04,2025,0
2,4146351700,422262,경기도 용인시 기흥구 영덕2동,19213,99608.85,2025,0
3,4146351700,487812,경기도 용인시 기흥구 영덕2동,19162,110461.92,2025,0
4,4146351700,293062,경기도 용인시 기흥구 영덕2동,19179,113543.37,2025,0
5,4146351700,412880,경기도 용인시 기흥구 영덕2동,19181,107835.72,2025,0
6,4146351700,401028,경기도 용인시 기흥구 영덕2동,19184,105472.94,2025,0
7,4146352000,249969506,경기도 용인시 기흥구 구갈동,41230,687929.0,2023,2
8,4146352000,35813353,경기도 용인시 기흥구 구갈동,41221,659490.7,2023,2
9,4146352000,4238571,경기도 용인시 기흥구 구갈동,41182,667589.25,2023,2
10,4146352000,5352293,경기도 용인시 기흥구 구갈동,41108,677862.6,2023,2
11,4146352000,5442677,경기도 용인시 기흥구 구갈동,41041,660708.0,2023,2
12,4146352000,6676846,경기도 용인시 기흥구 구갈동,41015,645603.7,2023,2
1,4146352000,5099321,경기도 용인시 기흥구 구갈동,40924,632547.56,2024,2
2,4146352000,4318496,경기도 용인시 기흥구 구갈동,40852,610002.25,2024,2
3,4146352000,2870867,경기도 용인시 기흥구 구갈동,40890,698312.3,2024,2
4,4146352000,4477861,경기도 용인시 기흥구 구갈동,40828,676039.06,2024,2
5,4146352000,3977482,경기도 용인시 기흥구 구갈동,40735,705969.5,2024,2
6,4146352000,4953444,경기도 용인시 기흥구 구갈동,40638,639382.2,2024,2
7,4146352000,5018436,경기도 용인시 기흥구 구갈동,40644,642190.56,2024,2
8,4146352000,4610701,경기도 용인시 기흥구 구갈동,40604,643155.0,2024,2
9,4146352000,3515801,경기도 용인시 기흥구 구갈동,40482,686613.44,2024,2
10,4146352000,2860845,경기도 용인시 기흥구 구갈동,40376,671194.2,2024,2
11,4146352000,2917410,경기도 용인시 기흥구 구갈동,40387,655577.44,2024,2
12,4146352000,2735505,경기도 용인시 기흥구 구갈동,40300,647910.25,2024,2
1,4146352000,3164252,경기도 용인시 기흥구 구갈동,40198,640424.9,2025,2
2,4146352000,4122639,경기도 용인시 기흥구 구갈동,40102,617752.44,2025,2
3,4146352000,4014703,경기도 용인시 기흥구 구갈동,40143,688552.75,2025,2
4,4146352000,3039196,경기도 용인시 기흥구 구갈동,40104,672890.0,2025,2
5,4146352000,3167369,경기도 용인시 기흥구 구갈동,40121,682020.06,2025,2
6,4146352000,3769340,경기도 용인시 기흥구 구갈동,40058,635450.06,2025,2
7,4146353000,33629265,경기도 용인시 기흥구 상갈동,13002,155902.84,2023,0
8,4146353000,4691632,경기도 용인시 기흥구 상갈동,12962,148026.45,2023,0
9,4146353000,263940,경기도 용인시 기흥구 상갈동,12977,153047.19,2023,0
10,4146353000,207964,경기도 용인시 기흥구 상갈동,12952,148934.45,2023,0
11,4146353000,141376,경기도 용인시 기흥구 상갈동,12902,148137.89,2023,0
12,4146353000,162200,경기도 용인시 기흥구 상갈동,12896,144072.47,2023,0
1,4146353000,167881,경기도 용인시 기흥구 상갈동,12880,144742.03,2024,0
2,4146353000,130552,경기도 용인시 기흥구 상갈동,12874,133185.4,2024,0
3,4146353000,74074,경기도 용인시 기흥구 상갈동,12868,140264.06,2024,0
4,4146353000,114420,경기도 용인시 기흥구 상갈동,12828,142729.02,2024,0
5,4146353000,105481,경기도 용인시 기흥구 상갈동,12811,146199.06,2024,0
6,4146353000,126200,경기도 용인시 기흥구 상갈동,12785,141390.19,2024,0
7,4146353000,156444,경기도 용인시 기흥구 상갈동,12766,142184.47,2024,0
8,4146353000,116052,경기도 용인시 기흥구 상갈동,12759,136720.17,2024,0
9,4146353000,106382,경기도 용인시 기흥구 상갈동,12667,145530.89,2024,0
10,4146353000,95508,경기도 용인시 기흥구 상갈동,12618,138779.1,2024,0
11,4146353000,90368,경기도 용인시 기흥구 상갈동,12579,133541.84,2024,0
12,4146353000,135144,경기도 용인시 기흥구 상갈동,12584,132493.84,2024,0
1,4146353000,105028,경기도 용인시 기흥구 상갈동,12579,141833.42,2025,0
2,4146353000,123647,경기도 용인시 기흥구 상갈동,12549,132579.56,2025,0
3,4146353000,75059,경기도 용인시 기흥구 상갈동,12549,145816.92,2025,0
4,4146353000,119880,경기도 용인시 기흥구 상갈동,12528,136904.03,2025,0
5,4146353000,119256,경기도 용인시 기흥구 상갈동,12499,136636.94,2025,0
6,4146353000,117666,경기도 용인시 기흥구 상갈동,12514,132541.66,2025,0
7,4146353500,102134774,경기도 용인시 기흥구 보라동,32872,350597.56,2023,2
8,4146353500,13618122,경기도 용인시 기흥구 보라동,32885,348782.06,2023,2
9,4146353500,654104,경기도 용인시 기흥구 보라동,32902,364579.16,2023,2
10,4146353500,619816,경기도 용인시 기흥구 보라동,32908,385753.34,2023,2
11,4146353500,576837,경기도 용인시 기흥구 보라동,32902,340364.25,2023,2
12,4146353500,603603,경기도 용인시 기흥구 보라동,32906,336276.66,2023,2
1,4146353500,766097,경기도 용인시 기흥구 보라동,32874,323549.8,2024,2
2,4146353500,684052,경기도 용인시 기흥구 보라동,32814,324128.38,2024,2
3,4146353500,485845,경기도 용인시 기흥구 보라동,32803,347188.47,2024,2
4,4146353500,707631,경기도 용인시 기흥구 보라동,32735,359969.53,2024,2
5,4146353500,495804,경기도 용인시 기흥구 보라동,32695,361457.34,2024,2
6,4146353500,774791,경기도 용인시 기흥구 보라동,32683,341104.3,2024,2
7,4146353500,813172,경기도 용인시 기흥구 보라동,32703,346862.4,2024,2
8,4146353500,437675,경기도 용인시 기흥구 보라동,32692,349857.7,2024,2
9,4146353500,643824,경기도 용인시 기흥구 보라동,32638,366936.56,2024,2
10,4146353500,199804,경기도 용인시 기흥구 보라동,32665,372445.88,2024,2
11,4146353500,335985,경기도 용인시 기흥구 보라동,32662,342642.12,2024,2
12,4146353500,435183,경기도 용인시 기흥구 보라동,32688,329221.0,2024,2
1,4146353500,310720,경기도 용인시 기흥구 보라동,32629,338186.62,2025,2
2,4146353500,585060,경기도 용인시 기흥구 보라동,32629,304913.94,2025,2
3,4146353500,367932,경기도 용인시 기흥구 보라동,32617,336468.72,2025,2
4,4146353500,429677,경기도 용인시 기흥구 보라동,32551,342276.9,2025,2
5,4146353500,293159,경기도 용인시 기흥구 보라동,32541,355221.38,2025,2
6,4146353500,348831,경기도 용인시 기흥구 보라동,32513,334587.72,2025,2
7,4146354000,58384361,경기도 용인시 기흥구 기흥동,21269,44634.36,2023,2
8,4146354000,69645649,경기도 용인시 기흥구 기흥동,21202,40503.65,2023,2
9,4146354000,128827179,경기도 용인시 기흥구 기흥동,21270,40749.76,2023,2
10,4146354000,154035678,경기도 용인시 기흥구 기흥동,21276,42183.38,2023,2
11,4146354000,134442336,경기도 용인시 기흥구 기흥동,21316,40202.6,2023,2
12,4146354000,155969901,경기도 용인시 기흥구 기흥동,21293,39155.33,2023,2
1,4146354000,147129546,경기도 용인시 기흥구 기흥동,21302,38538.75,2024,2
2,4146354000,130179876,경기도 용인시 기흥구 기흥동,21299,37195.57,2024,2
3,4146354000,80805925,경기도 용인시 기흥구 기흥동,21259,40486.93,2024,2
4,4146354000,127317697,경기도 용인시 기흥구 기흥동,21223,41726.0,2024,2
5,4146354000,102537306,경기도 용인시 기흥구 기흥동,21220,41623.22,2024,2
6,4146354000,121896945,경기도 용인시 기흥구 기흥동,21207,40334.47,2024,2
7,4146354000,137453221,경기도 용인시 기흥구 기흥동,21170,40932.63,2024,2
8,4146354000,115797053,경기도 용인시 기흥구 기흥동,21097,40460.01,2024,2
9,4146354000,116661365,경기도 용인시 기흥구 기흥동,21037,42901.75,2024,2
10,4146354000,76458433,경기도 용인시 기흥구 기흥동,21003,42888.75,2024,2
11,4146354000,82644603,경기도 용인시 기흥구 기흥동,20962,41076.88,2024,2
12,4146354000,82935473,경기도 용인시 기흥구 기흥동,20924,40395.16,2024,2
1,4146354000,89321085,경기도 용인시 기흥구 기흥동,20919,42551.69,2025,2
2,4146354000,110046070,경기도 용인시 기흥구 기흥동,20831,39889.61,2025,2
3,4146354000,98753525,경기도 용인시 기흥구 기흥동,20842,42269.08,2025,2
4,4146354000,79680802,경기도 용인시 기흥구 기흥동,20829,40512.17,2025,2
5,4146354000,89246844,경기도 용인시 기흥구 기흥동,20778,42144.68,2025,2
6,4146354000,104068332,경기도 용인시 기흥구 기흥동,20779,39996.43,2025,2
7,4146355000,96964249,경기도 용인시 기흥구 서농동,25528,394457.94,2023,2
8,4146355000,15570990,경기도 용인시 기흥구 서농동,25413,407961.28,2023,2
9,4146355000,659772,경기도 용인시 기흥구 서농동,25352,432697.34,2023,2
10,4146355000,991406,경기도 용인시 기흥구 서농동,25304,429825.9,2023,2
11,4146355000,479520,경기도 용인시 기흥구 서농동,25285,453776.47,2023,2
12,4146355000,1109624,경기도 용인시 기흥구 서농동,25240,425004.28,2023,2
1,4146355000,847030,경기도 용인시 기흥구 서농동,25147,442881.8,2024,2
2,4146355000,760025,경기도 용인시 기흥구 서농동,25105,401709.2,2024,2
3,4146355000,348140,경기도 용인시 기흥구 서농동,25138,532032.3,2024,2
4,4146355000,821264,경기도 용인시 기흥구 서농동,25139,509859.56,2024,2
5,4146355000,714966,경기도 용인시 기흥구 서농동,25131,511117.22,2024,2
6,4146355000,661492,경기도 용인시 기흥구 서농동,25102,499895.3,2024,2
7,4146355000,683282,경기도 용인시 기흥구 서농동,25055,486629.56,2024,2
8,4146355000,1245416,경기도 용인시 기흥구 서농동,25060,456667.8,2024,2
9,4146355000,790906,경기도 용인시 기흥구 서농동,25054,493293.06,2024,2
10,4146355000,465894,경기도 용인시 기흥구 서농동,25011,479644.78,2024,2
11,4146355000,220398,경기도 용인시 기흥구 서농동,25000,460574.56,2024,2
12,4146355000,364606,경기도 용인시 기흥구 서농동,25005,438803.22,2024,2
1,4146355000,484492,경기도 용인시 기흥구 서농동,24967,401782.53,2025,2
2,4146355000,1397004,경기도 용인시 기흥구 서농동,24905,415465.75,2025,2
3,4146355000,744814,경기도 용인시 기흥구 서농동,24848,480154.9,2025,2
4,4146355000,496608,경기도 용인시 기흥구 서농동,24790,451330.84,2025,2
5,4146355000,429058,경기도 용인시 기흥구 서농동,24783,412624.3,2025,2
6,4146355000,478132,경기도 용인시 기흥구 서농동,24750,393919.06,2025,2
7,4146356000,92576540,경기도 용인시 기흥구 구성동,39520,542953.94,2023,2
8,4146356000,14171864,경기도 용인시 기흥구 구성동,39476,515881.4,2023,2
9,4146356000,709631,경기도 용인시 기흥구 구성동,39405,529834.94,2023,2
10,4146356000,947304,경기도 용인시 기흥구 구성동,39365,529981.94,2023,2
11,4146356000,816555,경기도 용인시 기흥구 구성동,39279,522698.97,2023,2
12,4146356000,1211234,경기도 용인시 기흥구 구성동,39303,524512.4,2023,2
1,4146356000,935630,경기도 용인시 기흥구 구성동,39266,509105.34,2024,2
2,4146356000,833304,경기도 용인시 기흥구 구성동,39194,490043.25,2024,2
3,4146356000,829573,경기도 용인시 기흥구 구성동,39190,529809.8,2024,2
4,4146356000,938833,경기도 용인시 기흥구 구성동,39088,519379.97,2024,2
5,4146356000,766747,경기도 용인시 기흥구 구성동,39033,528369.44,2024,2
6,4146356000,1081663,경기도 용인시 기흥구 구성동,38976,518540.94,2024,2
7,4146356000,1106956,경기도 용인시 기흥구 구성동,38961,537827.0,2024,2
8,4146356000,276000,경기도 용인시 기흥구 구성동,38948,524452.6,2024,2
9,4146356000,313064,경기도 용인시 기흥구 구성동,38880,529961.56,2024,2
10,4146356000,312186,경기도 용인시 기흥구 구성동,38811,519976.97,2024,2
11,4146356000,296289,경기도 용인시 기흥구 구성동,38812,512453.9,2024,2
12,4146356000,273996,경기도 용인시 기흥구 구성동,38760,503369.7,2024,2
1,4146356000,253351,경기도 용인시 기흥구 구성동,38681,520401.6,2025,2
2,4146356000,394554,경기도 용인시 기흥구 구성동,38609,480581.34,2025,2
3,4146356000,256448,경기도 용인시 기흥구 구성동,38632,546193.94,2025,2
4,4146356000,224010,경기도 용인시 기흥구 구성동,38634,519173.62,2025,2
5,4146356000,455474,경기도 용인시 기흥구 구성동,38592,535675.56,2025,2
6,4146356000,377481,경기도 용인시 기흥구 구성동,38578,511833.66,2025,2
7,4146357000,69483735,경기도 용인시 기흥구 마북동,31472,629056.5,2023,2
8,4146357000,10504584,경기도 용인시 기흥구 마북동,31509,601515.06,2023,2
9,4146357000,428971,경기도 용인시 기흥구 마북동,31475,610833.5,2023,2
10,4146357000,652855,경기도 용인시 기흥구 마북동,31504,607360.56,2023,2
11,4146357000,578386,경기도 용인시 기흥구 마북동,31481,598557.1,2023,2
12,4146357000,843983,경기도 용인시 기흥구 마북동,31449,582949.0,2023,2
1,4146357000,700894,경기도 용인시 기흥구 마북동,31441,577005.4,2024,2
2,4146357000,341698,경기도 용인시 기흥구 마북동,31393,574836.6,2024,2
3,4146357000,248804,경기도 용인시 기흥구 마북동,31305,598550.0,2024,2
4,4146357000,379345,경기도 용인시 기흥구 마북동,31298,601336.2,2024,2
5,4146357000,324573,경기도 용인시 기흥구 마북동,31819,649043.1,2024,2
6,4146357000,334358,경기도 용인시 기흥구 마북동,32497,616747.3,2024,2
7,4146357000,414713,경기도 용인시 기흥구 마북동,32811,641283.5,2024,2
8,4146357000,414389,경기도 용인시 기흥구 마북동,33099,598103.25,2024,2
9,4146357000,402186,경기도 용인시 기흥구 마북동,33299,655811.44,2024,2
10,4146357000,343856,경기도 용인시 기흥구 마북동,33429,631459.3,2024,2
11,4146357000,379476,경기도 용인시 기흥구 마북동,33450,619120.0,2024,2
12,4146357000,377058,경기도 용인시 기흥구 마북동,33564,614389.56,2024,2
1,4146357000,562062,경기도 용인시 기흥구 마북동,33601,629838.4,2025,2
2,4146357000,235678,경기도 용인시 기흥구 마북동,33545,582463.4,2025,2
3,4146357000,381258,경기도 용인시 기흥구 마북동,33565,636588.56,2025,2
4,4146357000,500364,경기도 용인시 기흥구 마북동,33528,631527.7,2025,2
5,4146357000,312224,경기도 용인시 기흥구 마북동,33553,623096.25,2025,2
6,4146357000,343858,경기도 용인시 기흥구 마북동,33570,615335.8,2025,2
7,4146357200,110962904,경기도 용인시 기흥구 동백1동,32015,88025.25,2023,2
8,4146357200,18600321,경기도 용인시 기흥구 동백1동,32045,74852.3,2023,2
9,4146357200,2487209,경기도 용인시 기흥구 동백1동,32034,78372.79,2023,2
10,4146357200,4164570,경기도 용인시 기흥구 동백1동,32043,80098.85,2023,2
11,4146357200,3030449,경기도 용인시 기흥구 동백1동,32049,76758.63,2023,2
12,4146357200,3368795,경기도 용인시 기흥구 동백1동,32023,76429.7,2023,2
1,4146357200,3636260,경기도 용인시 기흥구 동백1동,32025,70924.81,2024,2
2,4146357200,2976959,경기도 용인시 기흥구 동백1동,31925,72281.21,2024,2
3,4146357200,1550327,경기도 용인시 기흥구 동백1동,31871,78786.33,2024,2
4,4146357200,2765958,경기도 용인시 기흥구 동백1동,31809,92916.18,2024,2
5,4146357200,2454196,경기도 용인시 기흥구 동백1동,31738,88676.38,2024,2
6,4146357200,2601332,경기도 용인시 기흥구 동백1동,31681,81169.59,2024,2
7,4146357200,2748604,경기도 용인시 기흥구 동백1동,31638,78849.74,2024,2
8,4146357200,2381208,경기도 용인시 기흥구 동백1동,31600,74880.88,2024,2
9,4146357200,2903692,경기도 용인시 기흥구 동백1동,31501,89721.16,2024,2
10,4146357200,1739087,경기도 용인시 기흥구 동백1동,31404,82199.09,2024,2
11,4146357200,1733392,경기도 용인시 기흥구 동백1동,31396,79138.43,2024,2
12,4146357200,1863916,경기도 용인시 기흥구 동백1동,31398,79871.97,2024,2
1,4146357200,1054233,경기도 용인시 기흥구 동백1동,31356,79802.15,2025,2
2,4146357200,1085864,경기도 용인시 기흥구 동백1동,31291,70349.12,2025,2
3,4146357200,1164718,경기도 용인시 기흥구 동백1동,31227,79049.44,2025,2
4,4146357200,1370704,경기도 용인시 기흥구 동백1동,31183,87536.98,2025,2
5,4146357200,1617542,경기도 용인시 기흥구 동백1동,31182,87892.13,2025,2
6,4146357200,1244301,경기도 용인시 기흥구 동백1동,31192,82895.39,2025,2
7,4146357500,252842400,경기도 용인시 기흥구 동백2동,26857,838611.6,2023,2
8,4146357500,37015263,경기도 용인시 기흥구 동백2동,26857,828739.75,2023,2
9,4146357500,1521374,경기도 용인시 기흥구 동백2동,26886,769654.2,2023,2
10,4146357500,2169948,경기도 용인시 기흥구 동백2동,26869,790958.56,2023,2
11,4146357500,2605314,경기도 용인시 기흥구 동백2동,26876,752334.25,2023,2
12,4146357500,4310287,경기도 용인시 기흥구 동백2동,26894,779002.56,2023,2
1,4146357500,2451412,경기도 용인시 기흥구 동백2동,26866,778982.1,2024,2
2,4146357500,1539179,경기도 용인시 기흥구 동백2동,26815,745295.0,2024,2
3,4146357500,771726,경기도 용인시 기흥구 동백2동,26779,794453.0,2024,2
4,4146357500,2654144,경기도 용인시 기흥구 동백2동,26709,777095.06,2024,2
5,4146357500,2428198,경기도 용인시 기흥구 동백2동,26680,844469.44,2024,2
6,4146357500,2537030,경기도 용인시 기흥구 동백2동,26706,732988.3,2024,2
7,4146357500,2142681,경기도 용인시 기흥구 동백2동,26650,752873.56,2024,2
8,4146357500,2287023,경기도 용인시 기흥구 동백2동,26652,746176.75,2024,2
9,4146357500,2121311,경기도 용인시 기흥구 동백2동,26590,767152.4,2024,2
10,4146357500,1190127,경기도 용인시 기흥구 동백2동,26546,781186.06,2024,2
11,4146357500,1143175,경기도 용인시 기흥구 동백2동,26481,731272.2,2024,2
12,4146357500,1198458,경기도 용인시 기흥구 동백2동,26490,721795.7,2024,2
1,4146357500,1346536,경기도 용인시 기흥구 동백2동,26443,779248.8,2025,2
2,4146357500,1876443,경기도 용인시 기흥구 동백2동,26381,704483.9,2025,2
3,4146357500,1548869,경기도 용인시 기흥구 동백2동,26297,726613.8,2025,2
4,4146357500,1215111,경기도 용인시 기흥구 동백2동,26289,719744.6,2025,2
5,4146357500,1090479,경기도 용인시 기흥구 동백2동,26273,707771.6,2025,2
6,4146357500,1343297,경기도 용인시 기흥구 동백2동,26309,681847.0,2025,2
7,4146357700,63589864,경기도 용인시 기흥구 동백3동,26913,269148.47,2023,2
8,4146357700,7332981,경기도 용인시 기흥구 동백3동,26933,269144.22,2023,2
9,4146357700,813688,경기도 용인시 기흥구 동백3동,26908,277331.12,2023,2
10,4146357700,1054948,경기도 용인시 기흥구 동백3동,26935,282146.62,2023,2
11,4146357700,904874,경기도 용인시 기흥구 동백3동,26916,268391.56,2023,2
12,4146357700,871606,경기도 용인시 기흥구 동백3동,26898,278780.3,2023,2
1,4146357700,901100,경기도 용인시 기흥구 동백3동,26869,273182.56,2024,2
2,4146357700,705766,경기도 용인시 기흥구 동백3동,26887,290251.62,2024,2
3,4146357700,530736,경기도 용인시 기흥구 동백3동,26866,291787.9,2024,2
4,4146357700,782872,경기도 용인시 기흥구 동백3동,26823,300419.44,2024,2
5,4146357700,716208,경기도 용인시 기흥구 동백3동,26832,278463.72,2024,2
6,4146357700,670210,경기도 용인시 기흥구 동백3동,26831,286367.9,2024,2
7,4146357700,1042564,경기도 용인시 기흥구 동백3동,26844,298495.03,2024,2
8,4146357700,809020,경기도 용인시 기흥구 동백3동,26859,283786.12,2024,2
9,4146357700,847748,경기도 용인시 기흥구 동백3동,26795,294902.62,2024,2
10,4146357700,596140,경기도 용인시 기흥구 동백3동,26798,278756.56,2024,2
11,4146357700,532250,경기도 용인시 기흥구 동백3동,26783,272692.8,2024,2
12,4146357700,454012,경기도 용인시 기흥구 동백3동,26823,280315.5,2024,2
1,4146357700,435808,경기도 용인시 기흥구 동백3동,26760,295659.4,2025,2
2,4146357700,635760,경기도 용인시 기흥구 동백3동,26789,276808.47,2025,2
3,4146357700,583939,경기도 용인시 기흥구 동백3동,26810,281432.7,2025,2
4,4146357700,554950,경기도 용인시 기흥구 동백3동,26786,276757.97,2025,2
5,4146357700,703408,경기도 용인시 기흥구 동백3동,26784,276029.34,2025,2
6,4146357700,715408,경기도 용인시 기흥구 동백3동,26808,264278.66,2025,2
7,4146358600,33749633,경기도 용인시 기흥구 상하동,23701,316009.8,2023,2
8,4146358600,4953823,경기도 용인시 기흥구 상하동,23689,307098.25,2023,2
9,4146358600,564096,경기도 용인시 기흥구 상하동,23700,310266.5,2023,2
10,4146358600,1049071,경기도 용인시 기흥구 상하동,23696,309826.53,2023,2
11,4146358600,1091755,경기도 용인시 기흥구 상하동,23661,297045.7,2023,2
12,4146358600,835940,경기도 용인시 기흥구 상하동,23620,307983.9,2023,2
1,4146358600,779862,경기도 용인시 기흥구 상하동,23589,300886.9,2024,2
2,4146358600,741529,경기도 용인시 기흥구 상하동,23552,288759.25,2024,2
3,4146358600,534007,경기도 용인시 기흥구 상하동,23522,293992.1,2024,2
4,4146358600,945522,경기도 용인시 기흥구 상하동,23449,298335.12,2024,2
5,4146358600,697824,경기도 용인시 기흥구 상하동,23407,307085.0,2024,2
6,4146358600,672752,경기도 용인시 기흥구 상하동,23397,291286.6,2024,2
7,4146358600,634686,경기도 용인시 기흥구 상하동,23353,303072.12,2024,2
8,4146358600,710419,경기도 용인시 기흥구 상하동,23320,298088.7,2024,2
9,4146358600,589027,경기도 용인시 기흥구 상하동,23271,318859.06,2024,2
10,4146358600,391329,경기도 용인시 기흥구 상하동,23259,305463.88,2024,2
11,4146358600,263199,경기도 용인시 기흥구 상하동,23252,293849.44,2024,2
12,4146358600,224311,경기도 용인시 기흥구 상하동,23229,296759.94,2024,2
1,4146358600,357759,경기도 용인시 기흥구 상하동,23209,313894.94,2025,2
2,4146358600,731331,경기도 용인시 기흥구 상하동,23137,281215.1,2025,2
3,4146358600,537851,경기도 용인시 기흥구 상하동,23129,293704.7,2025,2
4,4146358600,277537,경기도 용인시 기흥구 상하동,23125,288503.6,2025,2
5,4146358600,432987,경기도 용인시 기흥구 상하동,23137,298450.56,2025,2
6,4146358600,399169,경기도 용인시 기흥구 상하동,23118,288921.2,2025,2
7,4146359000,263750030,경기도 용인시 기흥구 보정동,35520,817363.2,2023,2
8,4146359000,40047770,경기도 용인시 기흥구 보정동,35481,801285.6,2023,2
9,4146359000,878582,경기도 용인시 기흥구 보정동,35413,787753.25,2023,2
10,4146359000,1089838,경기도 용인시 기흥구 보정동,35416,798404.5,2023,2
11,4146359000,1002954,경기도 용인시 기흥구 보정동,35330,809626.94,2023,2
12,4146359000,1355817,경기도 용인시 기흥구 보정동,35326,815819.8,2023,2
1,4146359000,1657312,경기도 용인시 기흥구 보정동,35290,797978.0,2024,2
2,4146359000,1199343,경기도 용인시 기흥구 보정동,35220,772335.3,2024,2
3,4146359000,884221,경기도 용인시 기흥구 보정동,35155,830245.5,2024,2
4,4146359000,963342,경기도 용인시 기흥구 보정동,35060,814115.6,2024,2
5,4146359000,1038522,경기도 용인시 기흥구 보정동,34997,812444.8,2024,2
6,4146359000,1572957,경기도 용인시 기흥구 보정동,34962,787579.3,2024,2
7,4146359000,1193097,경기도 용인시 기흥구 보정동,34914,759809.6,2024,2
8,4146359000,1065506,경기도 용인시 기흥구 보정동,34796,762036.7,2024,2
9,4146359000,1175090,경기도 용인시 기흥구 보정동,34763,824328.25,2024,2
10,4146359000,700859,경기도 용인시 기흥구 보정동,34638,794447.6,2024,2
11,4146359000,602857,경기도 용인시 기흥구 보정동,34550,771199.6,2024,2
12,4146359000,953283,경기도 용인시 기흥구 보정동,34457,763080.56,2024,2
1,4146359000,798987,경기도 용인시 기흥구 보정동,34404,779458.06,2025,2
2,4146359000,1075721,경기도 용인시 기흥구 보정동,34414,772750.2,2025,2
3,4146359000,1040765,경기도 용인시 기흥구 보정동,34356,799862.94,2025,2
4,4146359000,735772,경기도 용인시 기흥구 보정동,34369,778811.06,2025,2
5,4146359000,828347,경기도 용인시 기흥구 보정동,34317,781429.3,2025,2
6,4146359000,816672,경기도 용인시 기흥구 보정동,34508,762887.2,2025,2
7,4146551000,95574431,경기도 용인시 수지구 풍덕천1동,35445,330190.03,2023,2
8,4146551000,12286813,경기도 용인시 수지구 풍덕천1동,35430,343390.84,2023,2
9,4146551000,793212,경기도 용인시 수지구 풍덕천1동,35408,343869.94,2023,2
10,4146551000,1226464,경기도 용인시 수지구 풍덕천1동,35321,341678.62,2023,2
11,4146551000,285332,경기도 용인시 수지구 풍덕천1동,35218,327586.1,2023,2
12,4146551000,1148024,경기도 용인시 수지구 풍덕천1동,35189,338320.06,2023,2
1,4146551000,761882,경기도 용인시 수지구 풍덕천1동,35204,341528.12,2024,2
2,4146551000,790301,경기도 용인시 수지구 풍덕천1동,35236,329965.4,2024,2
3,4146551000,271145,경기도 용인시 수지구 풍덕천1동,35200,353660.75,2024,2
4,4146551000,680626,경기도 용인시 수지구 풍덕천1동,35100,356450.88,2024,2
5,4146551000,617857,경기도 용인시 수지구 풍덕천1동,35019,357292.7,2024,2
6,4146551000,552439,경기도 용인시 수지구 풍덕천1동,34979,355451.88,2024,2
7,4146551000,767432,경기도 용인시 수지구 풍덕천1동,34974,357728.8,2024,2
8,4146551000,1428850,경기도 용인시 수지구 풍덕천1동,34993,358766.47,2024,2
9,4146551000,652759,경기도 용인시 수지구 풍덕천1동,34898,359550.72,2024,2
10,4146551000,674540,경기도 용인시 수지구 풍덕천1동,34798,361778.7,2024,2
11,4146551000,407786,경기도 용인시 수지구 풍덕천1동,34797,342775.97,2024,2
12,4146551000,120773,경기도 용인시 수지구 풍덕천1동,34797,346782.78,2024,2
1,4146551000,670088,경기도 용인시 수지구 풍덕천1동,34863,376598.38,2025,2
2,4146551000,576328,경기도 용인시 수지구 풍덕천1동,34836,333642.88,2025,2
3,4146551000,605894,경기도 용인시 수지구 풍덕천1동,34735,344280.47,2025,2
4,4146551000,671566,경기도 용인시 수지구 풍덕천1동,34672,334308.12,2025,2
5,4146551000,1034860,경기도 용인시 수지구 풍덕천1동,34699,343015.94,2025,2
6,4146551000,1152564,경기도 용인시 수지구 풍덕천1동,34712,340227.12,2025,2
7,4146552000,224364493,경기도 용인시 수지구 풍덕천2동,41622,665060.25,2023,2
8,4146552000,32781341,경기도 용인시 수지구 풍덕천2동,41573,665875.5,2023,2
9,4146552000,2764645,경기도 용인시 수지구 풍덕천2동,41625,652612.9,2023,2
10,4146552000,3408915,경기도 용인시 수지구 풍덕천2동,41575,672906.44,2023,2
11,4146552000,3595487,경기도 용인시 수지구 풍덕천2동,41525,649946.5,2023,2
12,4146552000,3934695,경기도 용인시 수지구 풍덕천2동,41450,643760.94,2023,2
1,4146552000,3185249,경기도 용인시 수지구 풍덕천2동,41496,648743.7,2024,2
2,4146552000,2657464,경기도 용인시 수지구 풍덕천2동,41493,601681.25,2024,2
3,4146552000,2691531,경기도 용인시 수지구 풍덕천2동,41508,655277.8,2024,2
4,4146552000,4298364,경기도 용인시 수지구 풍덕천2동,41462,642873.06,2024,2
5,4146552000,2781540,경기도 용인시 수지구 풍덕천2동,41387,654883.1,2024,2
6,4146552000,3265330,경기도 용인시 수지구 풍덕천2동,41353,618889.7,2024,2
7,4146552000,3507911,경기도 용인시 수지구 풍덕천2동,41355,642091.5,2024,2
8,4146552000,3359943,경기도 용인시 수지구 풍덕천2동,41383,611887.3,2024,2
9,4146552000,2803547,경기도 용인시 수지구 풍덕천2동,41329,655714.25,2024,2
10,4146552000,2306511,경기도 용인시 수지구 풍덕천2동,41315,660014.4,2024,2
11,4146552000,2381711,경기도 용인시 수지구 풍덕천2동,41299,652378.9,2024,2
12,4146552000,2027049,경기도 용인시 수지구 풍덕천2동,41320,637510.75,2024,2
1,4146552000,2413287,경기도 용인시 수지구 풍덕천2동,41403,659341.5,2025,2
2,4146552000,3110845,경기도 용인시 수지구 풍덕천2동,41391,622129.06,2025,2
3,4146552000,2766035,경기도 용인시 수지구 풍덕천2동,41353,659179.75,2025,2
4,4146552000,2117693,경기도 용인시 수지구 풍덕천2동,41383,650685.3,2025,2
5,4146552000,2560920,경기도 용인시 수지구 풍덕천2동,41392,640582.1,2025,2
6,4146552000,2651001,경기도 용인시 수지구 풍덕천2동,41369,647855.6,2025,2
7,4146553000,142983236,경기도 용인시 수지구 신봉동,41230,668586.2,2023,2
8,4146553000,20009634,경기도 용인시 수지구 신봉동,41271,622120.06,2023,2
9,4146553000,1566763,경기도 용인시 수지구 신봉동,41270,622037.0,2023,2
10,4146553000,1624741,경기도 용인시 수지구 신봉동,41271,623355.2,2023,2
11,4146553000,1902266,경기도 용인시 수지구 신봉동,41260,596156.25,2023,2
12,4146553000,1744834,경기도 용인시 수지구 신봉동,41317,613377.94,2023,2
1,4146553000,1682709,경기도 용인시 수지구 신봉동,41339,571583.3,2024,2
2,4146553000,1494561,경기도 용인시 수지구 신봉동,41341,571718.2,2024,2
3,4146553000,1208189,경기도 용인시 수지구 신봉동,41261,608509.2,2024,2
4,4146553000,1543181,경기도 용인시 수지구 신봉동,41296,612472.94,2024,2
5,4146553000,1561182,경기도 용인시 수지구 신봉동,41242,625003.7,2024,2
6,4146553000,1968365,경기도 용인시 수지구 신봉동,41241,601302.0,2024,2
7,4146553000,1844624,경기도 용인시 수지구 신봉동,41245,650679.1,2024,2
8,4146553000,1785957,경기도 용인시 수지구 신봉동,41238,633251.5,2024,2
9,4146553000,1749469,경기도 용인시 수지구 신봉동,41297,648517.2,2024,2
10,4146553000,1371581,경기도 용인시 수지구 신봉동,41319,618984.06,2024,2
11,4146553000,1721520,경기도 용인시 수지구 신봉동,41312,611264.0,2024,2
12,4146553000,1184239,경기도 용인시 수지구 신봉동,41248,615624.94,2024,2
1,4146553000,1649596,경기도 용인시 수지구 신봉동,41301,625219.6,2025,2
2,4146553000,1347591,경기도 용인시 수지구 신봉동,41227,565125.56,2025,2
3,4146553000,1484954,경기도 용인시 수지구 신봉동,41183,626450.2,2025,2
4,4146553000,1366588,경기도 용인시 수지구 신봉동,41161,620525.9,2025,2
5,4146553000,1199712,경기도 용인시 수지구 신봉동,41170,635660.56,2025,2
6,4146553000,1690795,경기도 용인시 수지구 신봉동,41160,628203.06,2025,2
7,4146554000,164499341,경기도 용인시 수지구 죽전1동,28513,70747.33,2023,2
8,4146554000,24872202,경기도 용인시 수지구 죽전1동,28473,66664.14,2023,2
9,4146554000,1192011,경기도 용인시 수지구 죽전1동,28491,65534.89,2023,2
10,4146554000,1962826,경기도 용인시 수지구 죽전1동,28485,70602.23,2023,2
11,4146554000,1945834,경기도 용인시 수지구 죽전1동,28499,68584.04,2023,2
12,4146554000,2552556,경기도 용인시 수지구 죽전1동,28433,72163.08,2023,2
1,4146554000,2202244,경기도 용인시 수지구 죽전1동,28392,67607.06,2024,2
2,4146554000,1160704,경기도 용인시 수지구 죽전1동,28328,65366.73,2024,2
3,4146554000,643088,경기도 용인시 수지구 죽전1동,28312,70624.66,2024,2
4,4146554000,1186909,경기도 용인시 수지구 죽전1동,28275,69264.42,2024,2
5,4146554000,1099379,경기도 용인시 수지구 죽전1동,28213,70029.63,2024,2
6,4146554000,1381355,경기도 용인시 수지구 죽전1동,28184,70280.09,2024,2
7,4146554000,1417326,경기도 용인시 수지구 죽전1동,28128,69410.11,2024,2
8,4146554000,1105935,경기도 용인시 수지구 죽전1동,28052,69312.29,2024,2
9,4146554000,928230,경기도 용인시 수지구 죽전1동,28046,72764.09,2024,2
10,4146554000,739854,경기도 용인시 수지구 죽전1동,28000,69939.79,2024,2
11,4146554000,762227,경기도 용인시 수지구 죽전1동,27986,68292.44,2024,2
12,4146554000,969986,경기도 용인시 수지구 죽전1동,28162,70721.16,2024,2
1,4146554000,897258,경기도 용인시 수지구 죽전1동,28470,72887.41,2025,2
2,4146554000,880248,경기도 용인시 수지구 죽전1동,28707,65988.08,2025,2
3,4146554000,446749,경기도 용인시 수지구 죽전1동,28816,73204.05,2025,2
4,4146554000,349365,경기도 용인시 수지구 죽전1동,28874,70724.78,2025,2
5,4146554000,240281,경기도 용인시 수지구 죽전1동,28953,71491.78,2025,2
6,4146554000,459767,경기도 용인시 수지구 죽전1동,28971,69862.46,2025,2
7,4146555000,29633283,경기도 용인시 수지구 죽전2동,18157,427576.4,2023,0
8,4146555000,4091487,경기도 용인시 수지구 죽전2동,18138,454991.44,2023,0
9,4146555000,294634,경기도 용인시 수지구 죽전2동,18123,446985.28,2023,0
10,4146555000,196608,경기도 용인시 수지구 죽전2동,18096,442037.5,2023,0
11,4146555000,229536,경기도 용인시 수지구 죽전2동,18022,430640.12,2023,0
12,4146555000,277962,경기도 용인시 수지구 죽전2동,18003,440662.1,2023,0
1,4146555000,173136,경기도 용인시 수지구 죽전2동,17994,396004.2,2024,0
2,4146555000,152850,경기도 용인시 수지구 죽전2동,17985,382620.84,2024,0
3,4146555000,106360,경기도 용인시 수지구 죽전2동,17946,428431.12,2024,0
4,4146555000,249418,경기도 용인시 수지구 죽전2동,17922,438115.97,2024,0
5,4146555000,124002,경기도 용인시 수지구 죽전2동,17895,444660.1,2024,0
6,4146555000,345014,경기도 용인시 수지구 죽전2동,17860,403114.53,2024,0
7,4146555000,165488,경기도 용인시 수지구 죽전2동,17864,418057.94,2024,0
8,4146555000,182634,경기도 용인시 수지구 죽전2동,17863,394563.1,2024,0
9,4146555000,149926,경기도 용인시 수지구 죽전2동,17821,445236.88,2024,0
10,4146555000,201300,경기도 용인시 수지구 죽전2동,17817,426860.44,2024,0
11,4146555000,135140,경기도 용인시 수지구 죽전2동,17787,412252.56,2024,0
12,4146555000,183236,경기도 용인시 수지구 죽전2동,17805,421397.28,2024,0
1,4146555000,87620,경기도 용인시 수지구 죽전2동,17745,427506.1,2025,0
2,4146555000,77878,경기도 용인시 수지구 죽전2동,17717,399915.97,2025,0
3,4146555000,114334,경기도 용인시 수지구 죽전2동,17693,433887.1,2025,0
4,4146555000,105508,경기도 용인시 수지구 죽전2동,17664,414302.5,2025,0
5,4146555000,117010,경기도 용인시 수지구 죽전2동,17620,431749.3,2025,0
6,4146555000,146646,경기도 용인시 수지구 죽전2동,17582,408815.3,2025,0
7,4146556000,175584300,경기도 용인시 수지구 동천동,50789,258788.52,2023,2
8,4146556000,23266041,경기도 용인시 수지구 동천동,50795,255899.36,2023,2
9,4146556000,757537,경기도 용인시 수지구 동천동,50840,241637.94,2023,2
10,4146556000,821044,경기도 용인시 수지구 동천동,50847,247642.64,2023,2
11,4146556000,961837,경기도 용인시 수지구 동천동,50794,237578.38,2023,2
12,4146556000,997544,경기도 용인시 수지구 동천동,50793,245499.27,2023,2
1,4146556000,753860,경기도 용인시 수지구 동천동,50731,233479.03,2024,2
2,4146556000,776110,경기도 용인시 수지구 동천동,50774,224580.02,2024,2
3,4146556000,308168,경기도 용인시 수지구 동천동,50664,241998.34,2024,2
4,4146556000,452148,경기도 용인시 수지구 동천동,50619,239434.7,2024,2
5,4146556000,386646,경기도 용인시 수지구 동천동,50578,244321.95,2024,2
6,4146556000,796402,경기도 용인시 수지구 동천동,50563,230084.3,2024,2
7,4146556000,772334,경기도 용인시 수지구 동천동,50589,246761.6,2024,2
8,4146556000,767698,경기도 용인시 수지구 동천동,50573,243128.47,2024,2
9,4146556000,764782,경기도 용인시 수지구 동천동,50618,247284.73,2024,2
10,4146556000,557979,경기도 용인시 수지구 동천동,50627,238777.45,2024,2
11,4146556000,408344,경기도 용인시 수지구 동천동,50614,228358.75,2024,2
12,4146556000,400219,경기도 용인시 수지구 동천동,50597,232131.34,2024,2
1,4146556000,334339,경기도 용인시 수지구 동천동,50608,242122.95,2025,2
2,4146556000,423088,경기도 용인시 수지구 동천동,50661,225892.64,2025,2
3,4146556000,853119,경기도 용인시 수지구 동천동,50638,242313.16,2025,2
4,4146556000,368461,경기도 용인시 수지구 동천동,50598,233439.48,2025,2
5,4146556000,448218,경기도 용인시 수지구 동천동,50635,237400.83,2025,2
6,4146556000,407800,경기도 용인시 수지구 동천동,50650,230616.92,2025,2
7,4146557000,179260903,경기도 용인시 수지구 상현1동,20085,395738.97,2023,0
8,4146557000,25991638,경기도 용인시 수지구 상현1동,20087,385637.2,2023,0
9,4146557000,2901786,경기도 용인시 수지구 상현1동,20063,396092.12,2023,0
10,4146557000,3231279,경기도 용인시 수지구 상현1동,20072,409634.28,2023,0
11,4146557000,2913358,경기도 용인시 수지구 상현1동,20058,394785.06,2023,0
12,4146557000,4618595,경기도 용인시 수지구 상현1동,20088,424672.06,2023,0
1,4146557000,3316089,경기도 용인시 수지구 상현1동,20077,399171.8,2024,0
2,4146557000,2782659,경기도 용인시 수지구 상현1동,20088,404460.88,2024,0
3,4146557000,1683525,경기도 용인시 수지구 상현1동,20046,411014.22,2024,0
4,4146557000,2601140,경기도 용인시 수지구 상현1동,20005,426386.72,2024,0
5,4146557000,1842764,경기도 용인시 수지구 상현1동,20028,415527.3,2024,0
6,4146557000,1930834,경기도 용인시 수지구 상현1동,20012,380352.4,2024,0
7,4146557000,2278096,경기도 용인시 수지구 상현1동,20010,422525.34,2024,0
8,4146557000,2427038,경기도 용인시 수지구 상현1동,19992,379536.22,2024,0
9,4146557000,2320768,경기도 용인시 수지구 상현1동,20002,422887.47,2024,0
10,4146557000,1225150,경기도 용인시 수지구 상현1동,19971,409485.97,2024,0
11,4146557000,1236632,경기도 용인시 수지구 상현1동,19991,402198.9,2024,0
12,4146557000,1314417,경기도 용인시 수지구 상현1동,19960,421070.12,2024,0
1,4146557000,1701179,경기도 용인시 수지구 상현1동,19925,443136.44,2025,0
2,4146557000,2275745,경기도 용인시 수지구 상현1동,19980,407663.5,2025,0
3,4146557000,1733034,경기도 용인시 수지구 상현1동,19981,422531.84,2025,0
4,4146557000,1147931,경기도 용인시 수지구 상현1동,19936,403506.75,2025,0
5,4146557000,1203924,경기도 용인시 수지구 상현1동,19940,386259.25,2025,0
6,4146557000,1367106,경기도 용인시 수지구 상현1동,19874,378141.9,2025,0
7,4146559000,159411037,경기도 용인시 수지구 성복동,54662,785910.75,2023,2
8,4146559000,17959304,경기도 용인시 수지구 성복동,54712,747686.2,2023,2
9,4146559000,1543645,경기도 용인시 수지구 성복동,54742,720076.44,2023,2
10,4146559000,2052860,경기도 용인시 수지구 성복동,54773,740605.9,2023,2
11,4146559000,1385508,경기도 용인시 수지구 성복동,54773,717789.25,2023,2
12,4146559000,1589609,경기도 용인시 수지구 성복동,54696,760872.8,2023,2
1,4146559000,1523406,경기도 용인시 수지구 성복동,54725,721727.44,2024,2
2,4146559000,1307678,경기도 용인시 수지구 성복동,54775,726677.56,2024,2
3,4146559000,1024767,경기도 용인시 수지구 성복동,54738,738694.3,2024,2
4,4146559000,1968273,경기도 용인시 수지구 성복동,54701,711835.6,2024,2
5,4146559000,1238508,경기도 용인시 수지구 성복동,54626,724094.8,2024,2
6,4146559000,1421364,경기도 용인시 수지구 성복동,54569,692083.9,2024,2
7,4146559000,1517304,경기도 용인시 수지구 성복동,54534,793721.0,2024,2
8,4146559000,1348826,경기도 용인시 수지구 성복동,54563,695927.25,2024,2
9,4146559000,1224544,경기도 용인시 수지구 성복동,54576,745162.4,2024,2
10,4146559000,1063985,경기도 용인시 수지구 성복동,54611,720866.4,2024,2
11,4146559000,1218079,경기도 용인시 수지구 성복동,54616,699036.6,2024,2
12,4146559000,1126193,경기도 용인시 수지구 성복동,54667,713351.8,2024,2
1,4146559000,1291351,경기도 용인시 수지구 성복동,54681,735017.8,2025,2
2,4146559000,1681509,경기도 용인시 수지구 성복동,54721,659925.3,2025,2
3,4146559000,1484143,경기도 용인시 수지구 성복동,54670,702084.3,2025,2
4,4146559000,1262869,경기도 용인시 수지구 성복동,54543,674769.1,2025,2
5,4146559000,1548935,경기도 용인시 수지구 성복동,54484,704214.3,2025,2
6,4146559000,1259938,경기도 용인시 수지구 성복동,54452,683748.5,2025,2
7,4148051000,112771503,경기도 파주시 금촌1동,21977,122385.02,2023,1
8,4148051000,13683571,경기도 파주시 금촌1동,21881,116051.23,2023,1
9,4148051000,2681531,경기도 파주시 금촌1동,21809,117544.67,2023,1
10,4148051000,2640841,경기도 파주시 금촌1동,21673,117710.3,2023,1
11,4148051000,2405270,경기도 파주시 금촌1동,21617,118049.19,2023,1
12,4148051000,2692416,경기도 파주시 금촌1동,21594,112463.43,2023,1
1,4148051000,4194240,경기도 파주시 금촌1동,21494,122105.62,2024,1
2,4148051000,3796754,경기도 파주시 금촌1동,21428,115252.65,2024,1
3,4148051000,2873821,경기도 파주시 금촌1동,21349,124072.14,2024,1
4,4148051000,3929760,경기도 파주시 금촌1동,21345,115278.95,2024,1
5,4148051000,3009549,경기도 파주시 금촌1동,21307,118056.69,2024,1
6,4148051000,3069639,경기도 파주시 금촌1동,21242,114555.57,2024,1
7,4148051000,5248384,경기도 파주시 금촌1동,21258,118279.79,2024,1
8,4148051000,3605307,경기도 파주시 금촌1동,21254,111310.7,2024,1
9,4148051000,4107583,경기도 파주시 금촌1동,21225,121549.2,2024,1
10,4148051000,2954156,경기도 파주시 금촌1동,21163,118980.79,2024,1
11,4148051000,4305757,경기도 파주시 금촌1동,21119,122934.81,2024,1
12,4148051000,4029108,경기도 파주시 금촌1동,21073,119259.15,2024,1
1,4148051000,4945194,경기도 파주시 금촌1동,21043,125228.09,2025,1
2,4148051000,7932589,경기도 파주시 금촌1동,21011,117685.41,2025,1
3,4148051000,5945760,경기도 파주시 금촌1동,20994,118994.65,2025,1
4,4148051000,4001365,경기도 파주시 금촌1동,21019,116867.56,2025,1
5,4148051000,4374232,경기도 파주시 금촌1동,21029,119380.16,2025,1
6,4148051000,4651287,경기도 파주시 금촌1동,21026,118233.22,2025,1
7,4148052000,180140164,경기도 파주시 금촌2동,31740,108227.88,2023,1
8,4148052000,24045572,경기도 파주시 금촌2동,31637,104926.0,2023,1
9,4148052000,554506,경기도 파주시 금촌2동,31622,107622.61,2023,1
10,4148052000,543322,경기도 파주시 금촌2동,31562,108461.96,2023,1
11,4148052000,318498,경기도 파주시 금촌2동,31542,108573.06,2023,1
12,4148052000,568204,경기도 파주시 금촌2동,31506,107135.86,2023,1
1,4148052000,536338,경기도 파주시 금촌2동,31410,110475.25,2024,1
2,4148052000,637886,경기도 파주시 금촌2동,31167,109848.6,2024,1
3,4148052000,495214,경기도 파주시 금촌2동,31084,109792.51,2024,1
4,4148052000,757552,경기도 파주시 금촌2동,30988,111019.02,2024,1
5,4148052000,542680,경기도 파주시 금촌2동,30903,113006.61,2024,1
6,4148052000,641238,경기도 파주시 금촌2동,30925,109455.13,2024,1
7,4148052000,838106,경기도 파주시 금촌2동,30820,110897.65,2024,1
8,4148052000,637998,경기도 파주시 금촌2동,30758,109693.72,2024,1
9,4148052000,628850,경기도 파주시 금촌2동,30735,115125.68,2024,1
10,4148052000,925522,경기도 파주시 금촌2동,30684,111982.76,2024,1
11,4148052000,1054266,경기도 파주시 금촌2동,30649,108215.76,2024,1
12,4148052000,969384,경기도 파주시 금촌2동,30613,107061.26,2024,1
1,4148052000,1174984,경기도 파주시 금촌2동,30610,111685.13,2025,1
2,4148052000,1660654,경기도 파주시 금촌2동,30504,102665.59,2025,1
3,4148052000,931798,경기도 파주시 금촌2동,30433,109812.98,2025,1
4,4148052000,813992,경기도 파주시 금촌2동,30354,108470.15,2025,1
5,4148052000,864820,경기도 파주시 금촌2동,30319,112235.35,2025,1
6,4148052000,847472,경기도 파주시 금촌2동,30282,115921.18,2025,1
7,4148053000,52731907,경기도 파주시 금촌3동,26009,24839.26,2023,1
8,4148053000,11198770,경기도 파주시 금촌3동,25974,24118.26,2023,1
9,4148053000,918948,경기도 파주시 금촌3동,25862,24750.07,2023,1
10,4148053000,1111286,경기도 파주시 금촌3동,25820,24248.01,2023,1
11,4148053000,901598,경기도 파주시 금촌3동,25768,25096.3,2023,1
12,4148053000,793106,경기도 파주시 금촌3동,25721,24033.95,2023,1
1,4148053000,1211374,경기도 파주시 금촌3동,25596,23868.35,2024,1
2,4148053000,998312,경기도 파주시 금촌3동,25421,23200.58,2024,1
3,4148053000,814162,경기도 파주시 금촌3동,25317,24554.72,2024,1
4,4148053000,1321544,경기도 파주시 금촌3동,25247,24927.8,2024,1
5,4148053000,1317518,경기도 파주시 금촌3동,25153,24444.32,2024,1
6,4148053000,1343936,경기도 파주시 금촌3동,25123,23921.04,2024,1
7,4148053000,1197922,경기도 파주시 금촌3동,25021,26331.52,2024,1
8,4148053000,1100514,경기도 파주시 금촌3동,24992,24180.08,2024,1
9,4148053000,1173026,경기도 파주시 금촌3동,24946,28071.3,2024,1
10,4148053000,917248,경기도 파주시 금촌3동,24856,24493.91,2024,1
11,4148053000,1028304,경기도 파주시 금촌3동,24760,22961.97,2024,1
12,4148053000,868220,경기도 파주시 금촌3동,24757,21730.75,2024,1
1,4148053000,1830024,경기도 파주시 금촌3동,24721,24243.9,2025,1
2,4148053000,3239446,경기도 파주시 금촌3동,24664,22032.63,2025,1
3,4148053000,2164986,경기도 파주시 금촌3동,24640,22865.63,2025,1
4,4148053000,1617446,경기도 파주시 금촌3동,24612,22831.68,2025,1
5,4148053000,1716082,경기도 파주시 금촌3동,24587,22907.31,2025,1
6,4148053000,1389948,경기도 파주시 금촌3동,24547,22422.14,2025,1
7,4148054000,201529774,경기도 파주시 교하동,7593,46310.51,2023,1
8,4148054000,53500862,경기도 파주시 교하동,7571,46671.53,2023,1
9,4148054000,39941139,경기도 파주시 교하동,7482,45170.12,2023,1
10,4148054000,28482173,경기도 파주시 교하동,7461,47367.33,2023,1
11,4148054000,3587960,경기도 파주시 교하동,7458,46398.57,2023,1
12,4148054000,4287296,경기도 파주시 교하동,7415,43142.94,2023,1
1,4148054000,5772553,경기도 파주시 교하동,7395,41875.94,2024,1
2,4148054000,6553408,경기도 파주시 교하동,7381,39145.57,2024,1
3,4148054000,4318319,경기도 파주시 교하동,7361,41845.39,2024,1
4,4148054000,7367227,경기도 파주시 교하동,7358,40477.34,2024,1
5,4148054000,5597488,경기도 파주시 교하동,7355,43756.6,2024,1
6,4148054000,6355843,경기도 파주시 교하동,7322,40417.02,2024,1
7,4148054000,7790062,경기도 파주시 교하동,7322,42744.38,2024,1
8,4148054000,5966141,경기도 파주시 교하동,7281,42763.64,2024,1
9,4148054000,6914362,경기도 파주시 교하동,7257,44334.42,2024,1
10,4148054000,4528860,경기도 파주시 교하동,7225,43277.39,2024,1
11,4148054000,5422871,경기도 파주시 교하동,7142,40986.51,2024,1
12,4148054000,7143111,경기도 파주시 교하동,7131,38240.91,2024,1
1,4148054000,6259747,경기도 파주시 교하동,7137,39376.46,2025,1
2,4148054000,9258070,경기도 파주시 교하동,7141,39351.59,2025,1
3,4148054000,8265115,경기도 파주시 교하동,7151,40215.9,2025,1
4,4148054000,7690653,경기도 파주시 교하동,7155,39701.11,2025,1
5,4148054000,7980335,경기도 파주시 교하동,7137,39802.34,2025,1
6,4148054000,8983029,경기도 파주시 교하동,7112,38528.78,2025,1
7,4148055000,215107533,경기도 파주시 운정1동,46750,114039.08,2023,1
8,4148055000,27603521,경기도 파주시 운정1동,47188,105771.68,2023,1
9,4148055000,1739704,경기도 파주시 운정1동,47328,106879.82,2023,1
10,4148055000,1494711,경기도 파주시 운정1동,47437,121413.86,2023,1
11,4148055000,1652017,경기도 파주시 운정1동,47502,125851.19,2023,1
12,4148055000,1136676,경기도 파주시 운정1동,47598,120377.4,2023,1
1,4148055000,2276239,경기도 파주시 운정1동,48538,126070.98,2024,1
2,4148055000,2835613,경기도 파주시 운정1동,49906,127030.17,2024,1
3,4148055000,2155426,경기도 파주시 운정1동,50697,139853.27,2024,1
4,4148055000,3478454,경기도 파주시 운정1동,51059,128395.13,2024,1
5,4148055000,2444690,경기도 파주시 운정1동,51273,128141.06,2024,1
6,4148055000,2861645,경기도 파주시 운정1동,51532,121804.86,2024,1
7,4148055000,3737847,경기도 파주시 운정1동,51693,144974.84,2024,1
8,4148055000,2744391,경기도 파주시 운정1동,51782,139101.81,2024,1
9,4148055000,3700708,경기도 파주시 운정1동,51925,145489.16,2024,1
10,4148055000,2476892,경기도 파주시 운정1동,51930,140435.77,2024,1
11,4148055000,3036283,경기도 파주시 운정1동,51960,139308.98,2024,1
12,4148055000,2767804,경기도 파주시 운정1동,51824,140113.95,2024,1
1,4148055000,4018106,경기도 파주시 운정1동,51808,143635.88,2025,1
2,4148055000,6471348,경기도 파주시 운정1동,51726,133299.92,2025,1
3,4148055000,5717661,경기도 파주시 운정1동,51645,147965.5,2025,1
4,4148055000,4133483,경기도 파주시 운정1동,51667,141279.94,2025,1
5,4148055000,3961071,경기도 파주시 운정1동,51668,147406.16,2025,1
6,4148055000,4263648,경기도 파주시 운정1동,52252,143750.45,2025,1
7,4148056000,401474238,경기도 파주시 운정2동,63351,392388.9,2023,1
8,4148056000,59739799,경기도 파주시 운정2동,63512,367366.28,2023,1
9,4148056000,417746,경기도 파주시 운정2동,64140,361808.72,2023,1
10,4148056000,431380,경기도 파주시 운정2동,64632,341716.2,2023,1
11,4148056000,796212,경기도 파주시 운정2동,64782,271770.12,2023,1
12,4148056000,610489,경기도 파주시 운정2동,64860,298773.25,2023,1
1,4148056000,1004992,경기도 파주시 운정2동,64693,319586.6,2024,1
2,4148056000,2148358,경기도 파주시 운정2동,64430,310554.38,2024,1
3,4148056000,1326953,경기도 파주시 운정2동,64382,336164.1,2024,1
4,4148056000,2300959,경기도 파주시 운정2동,64196,301089.5,2024,1
5,4148056000,1377315,경기도 파주시 운정2동,64122,300483.28,2024,1
6,4148056000,1966787,경기도 파주시 운정2동,64115,322557.53,2024,1
7,4148056000,1191948,경기도 파주시 운정2동,64058,381857.1,2024,1
8,4148056000,1695806,경기도 파주시 운정2동,64123,382905.53,2024,1
9,4148056000,1818506,경기도 파주시 운정2동,64126,397189.38,2024,1
10,4148056000,1568360,경기도 파주시 운정2동,64115,377476.8,2024,1
11,4148056000,1627932,경기도 파주시 운정2동,64052,366787.8,2024,1
12,4148056000,1733328,경기도 파주시 운정2동,63984,443129.1,2024,1
1,4148056000,1718196,경기도 파주시 운정2동,63871,449375.84,2025,1
2,4148056000,2941056,경기도 파주시 운정2동,63633,390624.1,2025,1
3,4148056000,2348958,경기도 파주시 운정2동,63571,427864.84,2025,1
4,4148056000,1980552,경기도 파주시 운정2동,63561,418406.3,2025,1
5,4148056000,2556782,경기도 파주시 운정2동,63580,443659.34,2025,1
6,4148056000,3690100,경기도 파주시 운정2동,63661,429990.28,2025,1
7,4148057000,400893900,경기도 파주시 운정3동,69751,376775.8,2023,1
8,4148057000,49937489,경기도 파주시 운정3동,69644,350896.12,2023,1
9,4148057000,956457,경기도 파주시 운정3동,69521,337931.88,2023,1
10,4148057000,912331,경기도 파주시 운정3동,69452,366473.5,2023,1
11,4148057000,684259,경기도 파주시 운정3동,69492,397076.7,2023,1
12,4148057000,772763,경기도 파주시 운정3동,69456,358493.72,2023,1
1,4148057000,1127117,경기도 파주시 운정3동,69350,365877.94,2024,1
2,4148057000,1093184,경기도 파주시 운정3동,69020,367776.22,2024,1
3,4148057000,863833,경기도 파주시 운정3동,68815,398666.94,2024,1
4,4148057000,852013,경기도 파주시 운정3동,68729,368906.97,2024,1
5,4148057000,343108,경기도 파주시 운정3동,68691,381189.75,2024,1
6,4148057000,394444,경기도 파주시 운정3동,68683,360942.72,2024,1
7,4148057000,454011,경기도 파주시 운정3동,68625,378492.9,2024,1
8,4148057000,430159,경기도 파주시 운정3동,68507,331183.03,2024,1
9,4148057000,443995,경기도 파주시 운정3동,68480,368341.66,2024,1
10,4148057000,306670,경기도 파주시 운정3동,68456,353689.44,2024,1
11,4148057000,356552,경기도 파주시 운정3동,68462,349432.72,2024,1
12,4148057000,374589,경기도 파주시 운정3동,68374,380350.72,2024,1
1,4148057000,699553,경기도 파주시 운정3동,68378,361588.4,2025,1
2,4148057000,1627858,경기도 파주시 운정3동,68260,324363.34,2025,1
3,4148057000,1009848,경기도 파주시 운정3동,68172,352106.72,2025,1
4,4148057000,809478,경기도 파주시 운정3동,68162,341430.62,2025,1
5,4148057000,727884,경기도 파주시 운정3동,68149,359326.84,2025,1
6,4148057000,780712,경기도 파주시 운정3동,68070,349928.2,2025,1
7,4150051000,260871624,경기도 이천시 창전동,16266,180690.69,2023,2
8,4150051000,33597609,경기도 이천시 창전동,16143,172748.97,2023,2
9,4150051000,1714629,경기도 이천시 창전동,16090,167545.67,2023,2
10,4150051000,1577602,경기도 이천시 창전동,16083,171929.44,2023,2
11,4150051000,1362298,경기도 이천시 창전동,16036,173863.12,2023,2
12,4150051000,1965155,경기도 이천시 창전동,16018,183224.02,2023,2
1,4150051000,1172032,경기도 이천시 창전동,15972,180724.19,2024,2
2,4150051000,1109583,경기도 이천시 창전동,15947,189531.58,2024,2
3,4150051000,754790,경기도 이천시 창전동,15928,186232.19,2024,2
4,4150051000,1141467,경기도 이천시 창전동,15892,183486.12,2024,2
5,4150051000,982711,경기도 이천시 창전동,15924,189273.77,2024,2
6,4150051000,1291171,경기도 이천시 창전동,15919,180988.2,2024,2
7,4150051000,1217159,경기도 이천시 창전동,15912,190275.1,2024,2
8,4150051000,1036057,경기도 이천시 창전동,15879,183202.4,2024,2
9,4150051000,1063604,경기도 이천시 창전동,15865,192525.23,2024,2
10,4150051000,1016085,경기도 이천시 창전동,15868,182535.2,2024,2
11,4150051000,1125527,경기도 이천시 창전동,15778,180761.81,2024,2
12,4150051000,1370119,경기도 이천시 창전동,15664,184577.95,2024,2
1,4150051000,887143,경기도 이천시 창전동,15603,195329.08,2025,2
2,4150051000,987441,경기도 이천시 창전동,15542,176859.08,2025,2
3,4150051000,1073945,경기도 이천시 창전동,15480,182067.69,2025,2
4,4150051000,1036956,경기도 이천시 창전동,15434,172135.66,2025,2
5,4150051000,1465006,경기도 이천시 창전동,15419,176514.81,2025,2
6,4150051000,1318198,경기도 이천시 창전동,15411,172952.1,2025,2
7,4150051500,386922961,경기도 이천시 증포동,57425,104006.07,2023,2
8,4150051500,61117782,경기도 이천시 증포동,57421,96092.45,2023,2
9,4150051500,3519071,경기도 이천시 증포동,57510,95701.87,2023,2
10,4150051500,4147468,경기도 이천시 증포동,57509,97752.72,2023,2
11,4150051500,3794793,경기도 이천시 증포동,57542,98239.96,2023,2
12,4150051500,5715255,경기도 이천시 증포동,57574,97854.48,2023,2
1,4150051500,3140306,경기도 이천시 증포동,57554,93085.48,2024,2
2,4150051500,2658461,경기도 이천시 증포동,57482,92552.82,2024,2
3,4150051500,1935746,경기도 이천시 증포동,57351,100022.81,2024,2
4,4150051500,3581000,경기도 이천시 증포동,57292,102734.99,2024,2
5,4150051500,3080293,경기도 이천시 증포동,57215,99519.97,2024,2
6,4150051500,3948570,경기도 이천시 증포동,57188,91351.1,2024,2
7,4150051500,3690242,경기도 이천시 증포동,57136,96112.84,2024,2
8,4150051500,3142152,경기도 이천시 증포동,57115,94170.63,2024,2
9,4150051500,3921836,경기도 이천시 증포동,57080,100678.83,2024,2
10,4150051500,3786030,경기도 이천시 증포동,57026,94787.57,2024,2
11,4150051500,4214660,경기도 이천시 증포동,56892,92204.77,2024,2
12,4150051500,6182488,경기도 이천시 증포동,56504,94489.26,2024,2
1,4150051500,3104838,경기도 이천시 증포동,56212,97856.94,2025,2
2,4150051500,3349139,경기도 이천시 증포동,56038,87367.51,2025,2
3,4150051500,2949756,경기도 이천시 증포동,55980,95448.51,2025,2
4,4150051500,3209430,경기도 이천시 증포동,55921,94177.16,2025,2
5,4150051500,3517144,경기도 이천시 증포동,55862,96667.92,2025,2
6,4150051500,3154462,경기도 이천시 증포동,55836,92369.01,2025,2
7,4150052000,183398925,경기도 이천시 중리동,15367,41564.32,2023,2
8,4150052000,22243200,경기도 이천시 중리동,15505,40097.39,2023,2
9,4150052000,1086160,경기도 이천시 중리동,15525,38117.67,2023,2
10,4150052000,773687,경기도 이천시 중리동,15596,39749.81,2023,2
11,4150052000,699805,경기도 이천시 중리동,15605,39418.24,2023,2
12,4150052000,958581,경기도 이천시 중리동,15644,39041.99,2023,2
1,4150052000,1030510,경기도 이천시 중리동,15647,37063.85,2024,2
2,4150052000,947921,경기도 이천시 중리동,15649,35914.89,2024,2
3,4150052000,573095,경기도 이천시 중리동,15589,38561.58,2024,2
4,4150052000,798609,경기도 이천시 중리동,15535,37654.73,2024,2
5,4150052000,732545,경기도 이천시 중리동,15519,36965.47,2024,2
6,4150052000,920732,경기도 이천시 중리동,15520,35473.61,2024,2
7,4150052000,1012783,경기도 이천시 중리동,15469,36620.4,2024,2
8,4150052000,717649,경기도 이천시 중리동,15467,34225.77,2024,2
9,4150052000,925720,경기도 이천시 중리동,15456,36993.06,2024,2
10,4150052000,719104,경기도 이천시 중리동,15455,37760.91,2024,2
11,4150052000,974579,경기도 이천시 중리동,15427,35764.48,2024,2
12,4150052000,1039799,경기도 이천시 중리동,15301,35092.2,2024,2
1,4150052000,954859,경기도 이천시 중리동,15216,37974.37,2025,2
2,4150052000,891032,경기도 이천시 중리동,15154,36572.16,2025,2
3,4150052000,738950,경기도 이천시 중리동,15139,36047.37,2025,2
4,4150052000,697914,경기도 이천시 중리동,15154,36007.45,2025,2
5,4150052000,907825,경기도 이천시 중리동,15188,36751.87,2025,2
6,4150052000,817938,경기도 이천시 중리동,15196,35569.06,2025,2
7,4150053000,82797306,경기도 이천시 관고동,9751,29161.69,2023,2
8,4150053000,9192097,경기도 이천시 관고동,9743,28664.12,2023,2
9,4150053000,1234255,경기도 이천시 관고동,9707,29031.67,2023,2
10,4150053000,1196873,경기도 이천시 관고동,9698,30283.77,2023,2
11,4150053000,995564,경기도 이천시 관고동,9647,29205.86,2023,2
12,4150053000,1608008,경기도 이천시 관고동,9609,28283.21,2023,2
1,4150053000,747409,경기도 이천시 관고동,9606,27795.16,2024,2
2,4150053000,1146875,경기도 이천시 관고동,9604,24713.12,2024,2
3,4150053000,434644,경기도 이천시 관고동,9591,29002.45,2024,2
4,4150053000,575494,경기도 이천시 관고동,9570,29529.04,2024,2
5,4150053000,571521,경기도 이천시 관고동,9540,35791.69,2024,2
6,4150053000,704623,경기도 이천시 관고동,9561,32019.54,2024,2
7,4150053000,852645,경기도 이천시 관고동,9523,31134.11,2024,2
8,4150053000,731669,경기도 이천시 관고동,9505,30656.52,2024,2
9,4150053000,761949,경기도 이천시 관고동,9502,33288.06,2024,2
10,4150053000,696693,경기도 이천시 관고동,9510,33027.69,2024,2
11,4150053000,771305,경기도 이천시 관고동,9657,29694.45,2024,2
12,4150053000,980716,경기도 이천시 관고동,10385,31475.23,2024,2
1,4150053000,667202,경기도 이천시 관고동,10879,33426.37,2025,2
2,4150053000,624412,경기도 이천시 관고동,11053,30594.19,2025,2
3,4150053000,591472,경기도 이천시 관고동,11095,33459.7,2025,2
4,4150053000,509259,경기도 이천시 관고동,11186,34411.05,2025,2
5,4150053000,327119,경기도 이천시 관고동,11203,35239.65,2025,2
6,4150053000,302284,경기도 이천시 관고동,11244,33176.79,2025,2
7,4155051000,45923111,경기도 안성시 안성1동,11975,23641.42,2023,2
8,4155051000,5693920,경기도 안성시 안성1동,11950,23581.15,2023,2
9,4155051000,1236069,경기도 안성시 안성1동,11925,25564.05,2023,2
10,4155051000,980467,경기도 안성시 안성1동,11891,25223.44,2023,2
11,4155051000,674315,경기도 안성시 안성1동,11843,24424.14,2023,2
12,4155051000,1149012,경기도 안성시 안성1동,11802,23945.93,2023,2
1,4155051000,481742,경기도 안성시 안성1동,11722,22786.56,2024,2
2,4155051000,495029,경기도 안성시 안성1동,11643,21681.92,2024,2
3,4155051000,304261,경기도 안성시 안성1동,11604,27027.31,2024,2
4,4155051000,403382,경기도 안성시 안성1동,11549,25544.8,2024,2
5,4155051000,423993,경기도 안성시 안성1동,11515,25759.96,2024,2
6,4155051000,556752,경기도 안성시 안성1동,11502,23989.34,2024,2
7,4155051000,571238,경기도 안성시 안성1동,11482,24697.46,2024,2
8,4155051000,526490,경기도 안성시 안성1동,11492,23596.72,2024,2
9,4155051000,885526,경기도 안성시 안성1동,11437,26390.97,2024,2
10,4155051000,710995,경기도 안성시 안성1동,11416,24677.89,2024,2
11,4155051000,866303,경기도 안성시 안성1동,11345,23458.62,2024,2
12,4155051000,1550110,경기도 안성시 안성1동,11315,23281.03,2024,2
1,4155051000,917661,경기도 안성시 안성1동,11273,23032.37,2025,2
2,4155051000,940087,경기도 안성시 안성1동,11207,20905.86,2025,2
3,4155051000,860016,경기도 안성시 안성1동,11170,25257.03,2025,2
4,4155051000,732938,경기도 안성시 안성1동,11127,24340.19,2025,2
5,4155051000,770639,경기도 안성시 안성1동,11075,24469.54,2025,2
6,4155051000,1045642,경기도 안성시 안성1동,11061,23638.64,2025,2
7,4155052000,178628390,경기도 안성시 안성2동,26160,67490.26,2023,2
8,4155052000,22335628,경기도 안성시 안성2동,26108,67079.33,2023,2
9,4155052000,4050964,경기도 안성시 안성2동,26133,72678.99,2023,2
10,4155052000,4077885,경기도 안성시 안성2동,26124,69340.97,2023,2
11,4155052000,2589081,경기도 안성시 안성2동,26154,68003.98,2023,2
12,4155052000,4542626,경기도 안성시 안성2동,26165,66806.74,2023,2
1,4155052000,2897480,경기도 안성시 안성2동,26070,63766.54,2024,2
2,4155052000,2063344,경기도 안성시 안성2동,25982,64535.93,2024,2
3,4155052000,1234962,경기도 안성시 안성2동,25886,73064.23,2024,2
4,4155052000,1973545,경기도 안성시 안성2동,25891,68819.4,2024,2
5,4155052000,1780813,경기도 안성시 안성2동,26229,71016.58,2024,2
6,4155052000,3141283,경기도 안성시 안성2동,26354,66566.73,2024,2
7,4155052000,3062590,경기도 안성시 안성2동,26319,66141.74,2024,2
8,4155052000,2153724,경기도 안성시 안성2동,26431,66080.71,2024,2
9,4155052000,3629156,경기도 안성시 안성2동,26524,75522.42,2024,2
10,4155052000,2697788,경기도 안성시 안성2동,26569,71001.78,2024,2
11,4155052000,2856403,경기도 안성시 안성2동,26369,67609.22,2024,2
12,4155052000,4646344,경기도 안성시 안성2동,26330,69316.79,2024,2
1,4155052000,2922032,경기도 안성시 안성2동,26344,70391.87,2025,2
2,4155052000,2862179,경기도 안성시 안성2동,26408,66528.58,2025,2
3,4155052000,2303003,경기도 안성시 안성2동,26356,85299.42,2025,2
4,4155052000,2098751,경기도 안성시 안성2동,26263,71533.33,2025,2
5,4155052000,2600946,경기도 안성시 안성2동,26227,75738.33,2025,2
6,4155052000,3321633,경기도 안성시 안성2동,26220,68375.36,2025,2
7,4155053000,105038748,경기도 안성시 안성3동,22067,79321.14,2023,2
8,4155053000,13609463,경기도 안성시 안성3동,22131,78187.54,2023,2
9,4155053000,949280,경기도 안성시 안성3동,22133,80466.13,2023,2
10,4155053000,1193107,경기도 안성시 안성3동,22115,79862.61,2023,2
11,4155053000,569174,경기도 안성시 안성3동,22141,78313.73,2023,2
12,4155053000,963088,경기도 안성시 안성3동,22080,77569.96,2023,2
1,4155053000,946824,경기도 안성시 안성3동,22069,75199.76,2024,2
2,4155053000,808656,경기도 안성시 안성3동,22563,78987.9,2024,2
3,4155053000,498251,경기도 안성시 안성3동,22839,87071.33,2024,2
4,4155053000,884194,경기도 안성시 안성3동,23165,84243.44,2024,2
5,4155053000,774483,경기도 안성시 안성3동,23262,85993.7,2024,2
6,4155053000,798176,경기도 안성시 안성3동,23290,80797.12,2024,2
7,4155053000,734073,경기도 안성시 안성3동,23316,81841.89,2024,2
8,4155053000,907032,경기도 안성시 안성3동,23395,81797.29,2024,2
9,4155053000,1021933,경기도 안성시 안성3동,23417,89065.77,2024,2
10,4155053000,890450,경기도 안성시 안성3동,23494,83870.89,2024,2
11,4155053000,766059,경기도 안성시 안성3동,24358,84341.98,2024,2
12,4155053000,1460267,경기도 안성시 안성3동,25063,85064.02,2024,2
1,4155053000,1750914,경기도 안성시 안성3동,25314,89577.54,2025,2
2,4155053000,2035660,경기도 안성시 안성3동,25531,82581.84,2025,2
3,4155053000,1607198,경기도 안성시 안성3동,25657,90731.53,2025,2
4,4155053000,1502097,경기도 안성시 안성3동,26022,88353.48,2025,2
5,4155053000,1815094,경기도 안성시 안성3동,26279,93096.77,2025,2
6,4155053000,1719196,경기도 안성시 안성3동,26392,86292.53,2025,2
7,4159051500,216658587,경기도 화성시 새솔동,25510,203509.69,2023,0
8,4159051500,38143359,경기도 화성시 새솔동,25578,210227.77,2023,0
9,4159051500,531454,경기도 화성시 새솔동,25596,206323.2,2023,0
10,4159051500,2834343,경기도 화성시 새솔동,25563,216680.53,2023,0
11,4159051500,1014730,경기도 화성시 새솔동,25600,202873.73,2023,0
12,4159051500,1961524,경기도 화성시 새솔동,25755,215833.19,2023,0
1,4159051500,151090,경기도 화성시 새솔동,25892,213513.39,2024,0
2,4159051500,294080,경기도 화성시 새솔동,26241,219888.05,2024,0
3,4159051500,171462,경기도 화성시 새솔동,26396,224631.94,2024,0
4,4159051500,321058,경기도 화성시 새솔동,26602,217496.73,2024,0
5,4159051500,435098,경기도 화성시 새솔동,26681,225480.84,2024,0
6,4159051500,445080,경기도 화성시 새솔동,26786,217055.42,2024,0
7,4159051500,525866,경기도 화성시 새솔동,26790,224914.88,2024,0
8,4159051500,573918,경기도 화성시 새솔동,26850,212312.53,2024,0
9,4159051500,656581,경기도 화성시 새솔동,26895,229012.62,2024,0
10,4159051500,663588,경기도 화성시 새솔동,26890,218596.97,2024,0
11,4159051500,1359968,경기도 화성시 새솔동,26907,210492.19,2024,0
12,4159051500,2351790,경기도 화성시 새솔동,26950,210766.62,2024,0
1,4159051500,391973,경기도 화성시 새솔동,26983,218612.73,2025,0
2,4159051500,477510,경기도 화성시 새솔동,26957,200677.4,2025,0
3,4159051500,709318,경기도 화성시 새솔동,26938,225153.05,2025,0
4,4159051500,168236,경기도 화성시 새솔동,26953,221488.88,2025,0
5,4159051500,1696670,경기도 화성시 새솔동,26993,221758.5,2025,0
6,4159051500,1179523,경기도 화성시 새솔동,27044,219135.19,2025,0
7,4159052000,196088142,경기도 화성시 진안동,50157,420196.62,2023,2
8,4159052000,26690769,경기도 화성시 진안동,50451,404773.66,2023,2
9,4159052000,826184,경기도 화성시 진안동,50434,398933.4,2023,2
10,4159052000,783451,경기도 화성시 진안동,50485,433104.84,2023,2
11,4159052000,917603,경기도 화성시 진안동,50426,413424.9,2023,2
12,4159052000,1018236,경기도 화성시 진안동,50370,415036.25,2023,2
1,4159052000,850940,경기도 화성시 진안동,50401,405044.34,2024,2
2,4159052000,828367,경기도 화성시 진안동,50287,384023.75,2024,2
3,4159052000,527239,경기도 화성시 진안동,50273,414304.62,2024,2
4,4159052000,849610,경기도 화성시 진안동,50246,426250.66,2024,2
5,4159052000,768961,경기도 화성시 진안동,50188,420097.44,2024,2
6,4159052000,719857,경기도 화성시 진안동,50108,401656.16,2024,2
7,4159052000,772690,경기도 화성시 진안동,50146,406806.6,2024,2
8,4159052000,984923,경기도 화성시 진안동,50151,391861.4,2024,2
9,4159052000,751706,경기도 화성시 진안동,50032,412712.03,2024,2
10,4159052000,733158,경기도 화성시 진안동,49964,404642.1,2024,2
11,4159052000,849736,경기도 화성시 진안동,49821,397458.3,2024,2
12,4159052000,1280267,경기도 화성시 진안동,49829,394756.12,2024,2
1,4159052000,1325282,경기도 화성시 진안동,49824,401066.97,2025,2
2,4159052000,1863807,경기도 화성시 진안동,49783,377988.03,2025,2
3,4159052000,1611451,경기도 화성시 진안동,49747,408705.88,2025,2
4,4159052000,1411526,경기도 화성시 진안동,49657,397816.16,2025,2
5,4159052000,1683968,경기도 화성시 진안동,49619,395503.16,2025,2
6,4159052000,2164217,경기도 화성시 진안동,49651,394442.53,2025,2
7,4159053000,114018443,경기도 화성시 병점1동,36637,228671.28,2023,2
8,4159053000,19405476,경기도 화성시 병점1동,36546,224403.25,2023,2
9,4159053000,1733387,경기도 화성시 병점1동,36553,228980.48,2023,2
10,4159053000,2617963,경기도 화성시 병점1동,36539,243814.88,2023,2
11,4159053000,1900970,경기도 화성시 병점1동,36578,224980.23,2023,2
12,4159053000,1685403,경기도 화성시 병점1동,36576,230979.48,2023,2
1,4159053000,1512902,경기도 화성시 병점1동,36564,225918.34,2024,2
2,4159053000,1236685,경기도 화성시 병점1동,36539,223553.8,2024,2
3,4159053000,821539,경기도 화성시 병점1동,36516,233024.88,2024,2
4,4159053000,1370197,경기도 화성시 병점1동,36508,228947.52,2024,2
5,4159053000,1394837,경기도 화성시 병점1동,36533,234939.45,2024,2
6,4159053000,1271671,경기도 화성시 병점1동,36507,226399.38,2024,2
7,4159053000,1503285,경기도 화성시 병점1동,36487,233680.61,2024,2
8,4159053000,1150180,경기도 화성시 병점1동,36467,229754.77,2024,2
9,4159053000,1588056,경기도 화성시 병점1동,36383,240011.98,2024,2
10,4159053000,1343588,경기도 화성시 병점1동,36322,232264.73,2024,2
11,4159053000,1290082,경기도 화성시 병점1동,36274,228065.4,2024,2
12,4159053000,1408979,경기도 화성시 병점1동,36283,231994.89,2024,2
1,4159053000,1996666,경기도 화성시 병점1동,36266,236622.39,2025,2
2,4159053000,2058899,경기도 화성시 병점1동,36230,219899.31,2025,2
3,4159053000,1549653,경기도 화성시 병점1동,36186,241295.64,2025,2
4,4159053000,1769029,경기도 화성시 병점1동,36117,243729.45,2025,2
5,4159053000,1523879,경기도 화성시 병점1동,36031,244266.84,2025,2
6,4159053000,2344441,경기도 화성시 병점1동,35992,233212.02,2025,2
7,4159054000,112072706,경기도 화성시 병점2동,23026,300833.5,2023,0
8,4159054000,18977139,경기도 화성시 병점2동,23043,291831.94,2023,0
9,4159054000,161532,경기도 화성시 병점2동,23012,294664.6,2023,0
10,4159054000,354656,경기도 화성시 병점2동,23006,313823.6,2023,0
11,4159054000,384396,경기도 화성시 병점2동,22967,293494.56,2023,0
12,4159054000,648190,경기도 화성시 병점2동,22924,304466.88,2023,0
1,4159054000,146566,경기도 화성시 병점2동,22892,302104.12,2024,0
2,4159054000,111222,경기도 화성시 병점2동,22852,299481.22,2024,0
3,4159054000,183784,경기도 화성시 병점2동,22788,312721.8,2024,0
4,4159054000,366752,경기도 화성시 병점2동,22779,312261.66,2024,0
5,4159054000,242614,경기도 화성시 병점2동,22776,315953.1,2024,0
6,4159054000,338558,경기도 화성시 병점2동,22748,302870.9,2024,0
7,4159054000,166326,경기도 화성시 병점2동,22713,316093.03,2024,0
8,4159054000,203866,경기도 화성시 병점2동,22649,296718.7,2024,0
9,4159054000,284404,경기도 화성시 병점2동,22586,318890.62,2024,0
10,4159054000,211628,경기도 화성시 병점2동,22516,305846.44,2024,0
11,4159054000,355478,경기도 화성시 병점2동,22481,305013.03,2024,0
12,4159054000,505618,경기도 화성시 병점2동,22523,309603.72,2024,0
1,4159054000,266872,경기도 화성시 병점2동,22491,317538.22,2025,0
2,4159054000,403545,경기도 화성시 병점2동,22426,296062.97,2025,0
3,4159054000,498650,경기도 화성시 병점2동,22385,307542.03,2025,0
4,4159054000,365450,경기도 화성시 병점2동,22349,302025.06,2025,0
5,4159054000,331140,경기도 화성시 병점2동,22310,315214.8,2025,0
6,4159054000,451578,경기도 화성시 병점2동,22294,289138.2,2025,0
7,4159055000,178844636,경기도 화성시 반월동,37219,904041.0,2023,2
8,4159055000,33537389,경기도 화성시 반월동,37238,894172.75,2023,2
9,4159055000,2647534,경기도 화성시 반월동,37241,846703.0,2023,2
10,4159055000,3783172,경기도 화성시 반월동,37284,876993.2,2023,2
11,4159055000,3340471,경기도 화성시 반월동,37260,911042.75,2023,2
12,4159055000,3356659,경기도 화성시 반월동,37265,865793.5,2023,2
1,4159055000,2430024,경기도 화성시 반월동,37260,906711.94,2024,2
2,4159055000,1862925,경기도 화성시 반월동,37203,805941.94,2024,2
3,4159055000,1142237,경기도 화성시 반월동,37191,910562.8,2024,2
4,4159055000,2924164,경기도 화성시 반월동,37158,927330.7,2024,2
5,4159055000,2414357,경기도 화성시 반월동,37168,911856.94,2024,2
6,4159055000,3218130,경기도 화성시 반월동,37150,862973.5,2024,2
7,4159055000,3195527,경기도 화성시 반월동,37206,955278.2,2024,2
8,4159055000,2570265,경기도 화성시 반월동,37189,894773.2,2024,2
9,4159055000,3295057,경기도 화성시 반월동,37177,903644.8,2024,2
10,4159055000,2899138,경기도 화성시 반월동,37135,930282.7,2024,2
11,4159055000,3041764,경기도 화성시 반월동,37124,905608.4,2024,2
12,4159055000,4115934,경기도 화성시 반월동,37130,904508.94,2024,2
1,4159055000,3505867,경기도 화성시 반월동,37113,907585.06,2025,2
2,4159055000,3393094,경기도 화성시 반월동,37078,898217.94,2025,2
3,4159055000,4111635,경기도 화성시 반월동,37026,926927.94,2025,2
4,4159055000,3533588,경기도 화성시 반월동,37037,944495.56,2025,2
5,4159055000,4327137,경기도 화성시 반월동,37008,871169.6,2025,2
6,4159055000,4987011,경기도 화성시 반월동,37045,864714.75,2025,2
7,4159056000,27898607,경기도 화성시 기배동,16134,24043.91,2023,0
8,4159056000,4852164,경기도 화성시 기배동,16125,24434.93,2023,0
9,4159056000,138892,경기도 화성시 기배동,16095,24758.8,2023,0
10,4159056000,197266,경기도 화성시 기배동,16109,24073.62,2023,0
11,4159056000,146574,경기도 화성시 기배동,16064,23648.36,2023,0
12,4159056000,207336,경기도 화성시 기배동,16049,24075.43,2023,0
1,4159056000,141464,경기도 화성시 기배동,16073,23021.37,2024,0
2,4159056000,198180,경기도 화성시 기배동,16024,23705.62,2024,0
3,4159056000,111148,경기도 화성시 기배동,16029,26532.57,2024,0
4,4159056000,177216,경기도 화성시 기배동,16066,26343.12,2024,0
5,4159056000,133532,경기도 화성시 기배동,16031,26127.09,2024,0
6,4159056000,151312,경기도 화성시 기배동,16030,24889.07,2024,0
7,4159056000,266694,경기도 화성시 기배동,16013,26028.31,2024,0
8,4159056000,252856,경기도 화성시 기배동,15995,24960.89,2024,0
9,4159056000,315634,경기도 화성시 기배동,16005,26774.14,2024,0
10,4159056000,247832,경기도 화성시 기배동,15924,27330.05,2024,0
11,4159056000,344602,경기도 화성시 기배동,15921,25742.68,2024,0
12,4159056000,501426,경기도 화성시 기배동,15922,25346.68,2024,0
1,4159056000,287996,경기도 화성시 기배동,15925,25756.36,2025,0
2,4159056000,298040,경기도 화성시 기배동,15876,23582.43,2025,0
3,4159056000,274382,경기도 화성시 기배동,15860,25581.63,2025,0
4,4159056000,213572,경기도 화성시 기배동,15815,24926.45,2025,0
5,4159056000,364328,경기도 화성시 기배동,15756,25204.43,2025,0
6,4159056000,450186,경기도 화성시 기배동,15727,24885.85,2025,0
7,4159057000,40244205,경기도 화성시 화산동,27014,40180.12,2023,2
8,4159057000,6180496,경기도 화성시 화산동,27147,46256.82,2023,2
9,4159057000,896440,경기도 화성시 화산동,27146,44871.95,2023,2
10,4159057000,1219600,경기도 화성시 화산동,27157,47073.84,2023,2
11,4159057000,916380,경기도 화성시 화산동,27203,44052.94,2023,2
12,4159057000,665701,경기도 화성시 화산동,27204,44418.2,2023,2
1,4159057000,1143611,경기도 화성시 화산동,27279,43881.94,2024,2
2,4159057000,733489,경기도 화성시 화산동,27250,42356.2,2024,2
3,4159057000,545414,경기도 화성시 화산동,27392,46489.55,2024,2
4,4159057000,1001734,경기도 화성시 화산동,27646,47728.62,2024,2
5,4159057000,809235,경기도 화성시 화산동,27748,49224.78,2024,2
6,4159057000,889801,경기도 화성시 화산동,27806,45909.41,2024,2
7,4159057000,983192,경기도 화성시 화산동,27804,47359.96,2024,2
8,4159057000,1046079,경기도 화성시 화산동,27859,46350.69,2024,2
9,4159057000,912883,경기도 화성시 화산동,27809,48473.44,2024,2
10,4159057000,876205,경기도 화성시 화산동,27706,48139.98,2024,2
11,4159057000,1046339,경기도 화성시 화산동,27746,46476.12,2024,2
12,4159057000,984375,경기도 화성시 화산동,27763,47294.67,2024,2
1,4159057000,1336272,경기도 화성시 화산동,27768,46780.09,2025,2
2,4159057000,1081650,경기도 화성시 화산동,27811,44064.33,2025,2
3,4159057000,1118331,경기도 화성시 화산동,27834,47624.38,2025,2
4,4159057000,837122,경기도 화성시 화산동,27805,47411.72,2025,2
5,4159057000,1089668,경기도 화성시 화산동,27761,47944.02,2025,2
6,4159057000,1312982,경기도 화성시 화산동,27724,46221.21,2025,2
7,4159058500,814570100,경기도 화성시 동탄1동,50418,1640338.4,2023,2
8,4159058500,101721564,경기도 화성시 동탄1동,50462,1617570.2,2023,2
9,4159058500,1013170,경기도 화성시 동탄1동,50469,1543313.4,2023,2
10,4159058500,2052336,경기도 화성시 동탄1동,50476,1621215.5,2023,2
11,4159058500,1370586,경기도 화성시 동탄1동,50390,1598774.0,2023,2
12,4159058500,2145002,경기도 화성시 동탄1동,50375,1592389.5,2023,2
1,4159058500,851746,경기도 화성시 동탄1동,50288,1601326.6,2024,2
2,4159058500,732594,경기도 화성시 동탄1동,50167,1445050.8,2024,2
3,4159058500,508780,경기도 화성시 동탄1동,50151,1610016.6,2024,2
4,4159058500,852874,경기도 화성시 동탄1동,50112,1602562.8,2024,2
5,4159058500,936486,경기도 화성시 동탄1동,50113,1581332.5,2024,2
6,4159058500,1102986,경기도 화성시 동탄1동,50053,1525675.6,2024,2
7,4159058500,1044366,경기도 화성시 동탄1동,50037,1617415.1,2024,2
8,4159058500,998928,경기도 화성시 동탄1동,49970,1561447.0,2024,2
9,4159058500,1101662,경기도 화성시 동탄1동,50000,1572712.8,2024,2
10,4159058500,1259416,경기도 화성시 동탄1동,50032,1563245.2,2024,2
11,4159058500,1559812,경기도 화성시 동탄1동,50048,1524453.4,2024,2
12,4159058500,2127224,경기도 화성시 동탄1동,50082,1528812.2,2024,2
1,4159058500,1682224,경기도 화성시 동탄1동,50119,1569180.8,2025,2
2,4159058500,2040290,경기도 화성시 동탄1동,50077,1526689.6,2025,2
3,4159058500,2403272,경기도 화성시 동탄1동,50050,1559877.2,2025,2
4,4159058500,1961493,경기도 화성시 동탄1동,50029,1534794.8,2025,2
5,4159058500,2411302,경기도 화성시 동탄1동,50063,1518872.9,2025,2
6,4159058500,2742260,경기도 화성시 동탄1동,50066,1478837.1,2025,2
7,4159058600,305961406,경기도 화성시 동탄2동,34395,300242.3,2023,2
8,4159058600,46046791,경기도 화성시 동탄2동,34404,299679.94,2023,2
9,4159058600,2003766,경기도 화성시 동탄2동,34392,293572.47,2023,2
10,4159058600,5626234,경기도 화성시 동탄2동,34380,314158.4,2023,2
11,4159058600,5333085,경기도 화성시 동탄2동,34434,293012.53,2023,2
12,4159058600,5639790,경기도 화성시 동탄2동,34409,300169.2,2023,2
1,4159058600,2306887,경기도 화성시 동탄2동,34479,295000.56,2024,2
2,4159058600,1894030,경기도 화성시 동탄2동,34506,280367.72,2024,2
3,4159058600,1566490,경기도 화성시 동탄2동,34478,304471.9,2024,2
4,4159058600,2097597,경기도 화성시 동탄2동,34487,302976.4,2024,2
5,4159058600,2843366,경기도 화성시 동탄2동,34444,303882.6,2024,2
6,4159058600,2985517,경기도 화성시 동탄2동,34373,305671.72,2024,2
7,4159058600,3153813,경기도 화성시 동탄2동,34295,305739.38,2024,2
8,4159058600,3000765,경기도 화성시 동탄2동,34282,298905.3,2024,2
9,4159058600,3207134,경기도 화성시 동탄2동,34303,315083.53,2024,2
10,4159058600,3341457,경기도 화성시 동탄2동,34293,304305.62,2024,2
11,4159058600,4520414,경기도 화성시 동탄2동,34302,296109.84,2024,2
12,4159058600,7344661,경기도 화성시 동탄2동,34228,301621.34,2024,2
1,4159058600,3087177,경기도 화성시 동탄2동,34261,315344.7,2025,2
2,4159058600,3602922,경기도 화성시 동탄2동,34226,293325.72,2025,2
3,4159058600,3136218,경기도 화성시 동탄2동,34194,313648.12,2025,2
4,4159058600,2906349,경기도 화성시 동탄2동,34185,304235.38,2025,2
5,4159058600,4015987,경기도 화성시 동탄2동,34152,304842.34,2025,2
6,4159058600,4784329,경기도 화성시 동탄2동,34117,292613.12,2025,2
7,4159058700,248747835,경기도 화성시 동탄3동,41060,684741.6,2023,2
8,4159058700,39222890,경기도 화성시 동탄3동,40927,674379.06,2023,2
9,4159058700,2598223,경기도 화성시 동탄3동,40895,666631.1,2023,2
10,4159058700,5265282,경기도 화성시 동탄3동,40912,691302.94,2023,2
11,4159058700,4976194,경기도 화성시 동탄3동,40871,662509.7,2023,2
12,4159058700,3895625,경기도 화성시 동탄3동,40896,675462.44,2023,2
1,4159058700,2573799,경기도 화성시 동탄3동,40833,662544.94,2024,2
2,4159058700,2374443,경기도 화성시 동탄3동,40670,622118.44,2024,2
3,4159058700,1502527,경기도 화성시 동탄3동,40630,680546.75,2024,2
4,4159058700,2257930,경기도 화성시 동탄3동,40584,682837.2,2024,2
5,4159058700,2489264,경기도 화성시 동탄3동,40550,673061.9,2024,2
6,4159058700,3357526,경기도 화성시 동탄3동,40545,659484.9,2024,2
7,4159058700,2709787,경기도 화성시 동탄3동,40446,689687.7,2024,2
8,4159058700,3119913,경기도 화성시 동탄3동,40423,682230.44,2024,2
9,4159058700,2243622,경기도 화성시 동탄3동,40373,714856.06,2024,2
10,4159058700,2604793,경기도 화성시 동탄3동,40431,688858.2,2024,2
11,4159058700,2866242,경기도 화성시 동탄3동,40467,691680.0,2024,2
12,4159058700,3737717,경기도 화성시 동탄3동,40399,693351.5,2024,2
1,4159058700,3935772,경기도 화성시 동탄3동,40403,722881.2,2025,2
2,4159058700,2514773,경기도 화성시 동탄3동,40271,663048.56,2025,2
3,4159058700,2319827,경기도 화성시 동탄3동,40234,702987.25,2025,2
4,4159058700,2227212,경기도 화성시 동탄3동,40194,689984.6,2025,2
5,4159058700,3808011,경기도 화성시 동탄3동,40132,691700.8,2025,2
6,4159058700,3266345,경기도 화성시 동탄3동,40184,677606.4,2025,2
7,4159059000,369668773,경기도 화성시 동탄5동,46408,74700.93,2023,2
8,4159059000,50878501,경기도 화성시 동탄5동,46481,73710.73,2023,2
9,4159059000,3569488,경기도 화성시 동탄5동,46586,72670.35,2023,2
10,4159059000,11461784,경기도 화성시 동탄5동,46746,74433.8,2023,2
11,4159059000,6643639,경기도 화성시 동탄5동,46858,74032.6,2023,2
12,4159059000,7125163,경기도 화성시 동탄5동,46897,73419.97,2023,2
1,4159059000,3262260,경기도 화성시 동탄5동,46906,75290.98,2024,2
2,4159059000,3684354,경기도 화성시 동탄5동,46812,76287.09,2024,2
3,4159059000,2775033,경기도 화성시 동탄5동,46741,76918.38,2024,2
4,4159059000,3321506,경기도 화성시 동탄5동,46784,77413.2,2024,2
5,4159059000,5665380,경기도 화성시 동탄5동,46665,76355.9,2024,2
6,4159059000,6820967,경기도 화성시 동탄5동,46593,71663.69,2024,2
7,4159059000,5180933,경기도 화성시 동탄5동,46575,76493.37,2024,2
8,4159059000,4836493,경기도 화성시 동탄5동,46654,75881.63,2024,2
9,4159059000,5186922,경기도 화성시 동탄5동,46739,76614.22,2024,2
10,4159059000,5682691,경기도 화성시 동탄5동,46743,75114.95,2024,2
11,4159059000,5166732,경기도 화성시 동탄5동,47196,73706.59,2024,2
12,4159059000,8331922,경기도 화성시 동탄5동,47759,74494.36,2024,2
1,4159059000,6592134,경기도 화성시 동탄5동,47969,76540.87,2025,2
2,4159059000,6612136,경기도 화성시 동탄5동,48138,75701.67,2025,2
3,4159059000,6709389,경기도 화성시 동탄5동,48234,78132.19,2025,2
4,4159059000,5175767,경기도 화성시 동탄5동,48349,79601.78,2025,2
5,4159059000,8246290,경기도 화성시 동탄5동,48462,80069.78,2025,2
6,4159059000,9313706,경기도 화성시 동탄5동,48485,76398.45,2025,2
7,4159060000,417278177,경기도 화성시 동탄6동,43040,237092.12,2023,2
8,4159060000,58290186,경기도 화성시 동탄6동,43055,207703.78,2023,2
9,4159060000,1162288,경기도 화성시 동탄6동,43159,214258.2,2023,2
10,4159060000,1890296,경기도 화성시 동탄6동,43247,225121.31,2023,2
11,4159060000,1456664,경기도 화성시 동탄6동,43271,220143.67,2023,2
12,4159060000,1419152,경기도 화성시 동탄6동,43340,223274.55,2023,2
1,4159060000,1329876,경기도 화성시 동탄6동,43496,221315.6,2024,2
2,4159060000,849366,경기도 화성시 동탄6동,43466,213702.33,2024,2
3,4159060000,1244662,경기도 화성시 동탄6동,43473,241230.5,2024,2
4,4159060000,1309596,경기도 화성시 동탄6동,43526,237139.1,2024,2
5,4159060000,1437038,경기도 화성시 동탄6동,43660,241266.12,2024,2
6,4159060000,1378360,경기도 화성시 동탄6동,43689,228048.73,2024,2
7,4159060000,1367859,경기도 화성시 동탄6동,43699,234988.81,2024,2
8,4159060000,1490464,경기도 화성시 동탄6동,43747,225358.28,2024,2
9,4159060000,1335707,경기도 화성시 동탄6동,43917,257009.86,2024,2
10,4159060000,1159142,경기도 화성시 동탄6동,44062,248657.52,2024,2
11,4159060000,1062684,경기도 화성시 동탄6동,44171,243919.77,2024,2
12,4159060000,1651638,경기도 화성시 동탄6동,44191,246681.45,2024,2
1,4159060000,1483210,경기도 화성시 동탄6동,44130,247605.78,2025,2
2,4159060000,1344652,경기도 화성시 동탄6동,44979,243763.84,2025,2
3,4159060000,1346039,경기도 화성시 동탄6동,45646,253305.48,2025,2
4,4159060000,1432813,경기도 화성시 동탄6동,45829,249520.98,2025,2
5,4159060000,1391212,경기도 화성시 동탄6동,45984,247053.55,2025,2
6,4159060000,1890381,경기도 화성시 동탄6동,46117,249092.94,2025,2
7,4159061000,859194276,경기도 화성시 동탄7동,56414,248994.17,2023,2
8,4159061000,134941650,경기도 화성시 동탄7동,56510,117840.12,2023,2
9,4159061000,3790031,경기도 화성시 동탄7동,56636,152746.48,2023,2
10,4159061000,9608464,경기도 화성시 동탄7동,56758,162959.38,2023,2
11,4159061000,6813212,경기도 화성시 동탄7동,56789,158335.53,2023,2
12,4159061000,10929045,경기도 화성시 동탄7동,56880,157632.02,2023,2
1,4159061000,4043005,경기도 화성시 동탄7동,56873,151706.77,2024,2
2,4159061000,2861303,경기도 화성시 동탄7동,56874,156369.05,2024,2
3,4159061000,2142870,경기도 화성시 동탄7동,56837,161497.27,2024,2
4,4159061000,3891161,경기도 화성시 동탄7동,56800,160827.58,2024,2
5,4159061000,5203379,경기도 화성시 동탄7동,56826,163387.0,2024,2
6,4159061000,9903744,경기도 화성시 동탄7동,56772,156911.75,2024,2
7,4159061000,6478965,경기도 화성시 동탄7동,56568,157251.47,2024,2
8,4159061000,5079111,경기도 화성시 동탄7동,56529,160452.6,2024,2
9,4159061000,7049955,경기도 화성시 동탄7동,56501,164239.69,2024,2
10,4159061000,6134324,경기도 화성시 동탄7동,56678,159589.31,2024,2
11,4159061000,7188660,경기도 화성시 동탄7동,56831,156373.05,2024,2
12,4159061000,11346221,경기도 화성시 동탄7동,56970,168519.48,2024,2
1,4159061000,6228562,경기도 화성시 동탄7동,57081,170355.89,2025,2
2,4159061000,5545781,경기도 화성시 동탄7동,56982,156483.66,2025,2
3,4159061000,8753981,경기도 화성시 동탄7동,57007,171209.45,2025,2
4,4159061000,5317062,경기도 화성시 동탄7동,57063,168753.73,2025,2
5,4159061000,8119037,경기도 화성시 동탄7동,57180,172934.34,2025,2
6,4159061000,10259955,경기도 화성시 동탄7동,57247,168759.64,2025,2
7,4159062000,79434058,경기도 화성시 동탄8동,33406,15976.27,2023,2
8,4159062000,12707102,경기도 화성시 동탄8동,33476,15507.86,2023,2
9,4159062000,385694,경기도 화성시 동탄8동,33487,15557.23,2023,2
10,4159062000,1898810,경기도 화성시 동탄8동,33572,16271.48,2023,2
11,4159062000,1407380,경기도 화성시 동탄8동,33581,15347.36,2023,2
12,4159062000,1621822,경기도 화성시 동탄8동,33657,15733.43,2023,2
1,4159062000,322386,경기도 화성시 동탄8동,33711,15216.31,2024,2
2,4159062000,294668,경기도 화성시 동탄8동,33702,15276.49,2024,2
3,4159062000,248760,경기도 화성시 동탄8동,33686,16227.25,2024,2
4,4159062000,358840,경기도 화성시 동탄8동,33667,17483.67,2024,2
5,4159062000,904868,경기도 화성시 동탄8동,33705,16495.49,2024,2
6,4159062000,691174,경기도 화성시 동탄8동,34173,15752.29,2024,2
7,4159062000,502842,경기도 화성시 동탄8동,35760,17179.6,2024,2
8,4159062000,836528,경기도 화성시 동탄8동,36806,17782.33,2024,2
9,4159062000,823388,경기도 화성시 동탄8동,36964,18337.23,2024,2
10,4159062000,984880,경기도 화성시 동탄8동,37092,17546.36,2024,2
11,4159062000,853728,경기도 화성시 동탄8동,37214,17206.39,2024,2
12,4159062000,1778078,경기도 화성시 동탄8동,37298,17365.97,2024,2
1,4159062000,475522,경기도 화성시 동탄8동,37418,17641.38,2025,2
2,4159062000,370842,경기도 화성시 동탄8동,37426,16339.73,2025,2
3,4159062000,368500,경기도 화성시 동탄8동,37436,17767.23,2025,2
4,4159062000,335232,경기도 화성시 동탄8동,37397,17302.26,2025,2
5,4159062000,1549918,경기도 화성시 동탄8동,37432,17577.08,2025,2
6,4159062000,1305208,경기도 화성시 동탄8동,37472,17136.65,2025,2
7,4161051000,457269850,경기도 광주시 경안동,29060,155555.55,2023,2
8,4161051000,55590010,경기도 광주시 경안동,29058,154024.3,2023,2
9,4161051000,930981,경기도 광주시 경안동,29070,155853.34,2023,2
10,4161051000,1411192,경기도 광주시 경안동,29055,154796.39,2023,2
11,4161051000,1041273,경기도 광주시 경안동,29031,150167.86,2023,2
12,4161051000,1935842,경기도 광주시 경안동,29055,153319.72,2023,2
1,4161051000,1385863,경기도 광주시 경안동,28928,144397.84,2024,2
2,4161051000,1369782,경기도 광주시 경안동,28878,142613.22,2024,2
3,4161051000,1027229,경기도 광주시 경안동,28780,168010.6,2024,2
4,4161051000,1195201,경기도 광주시 경안동,28780,154859.61,2024,2
5,4161051000,982669,경기도 광주시 경안동,28757,155768.08,2024,2
6,4161051000,1208973,경기도 광주시 경안동,28671,147709.1,2024,2
7,4161051000,1157361,경기도 광주시 경안동,28551,152053.12,2024,2
8,4161051000,1177577,경기도 광주시 경안동,28431,146411.44,2024,2
9,4161051000,1472177,경기도 광주시 경안동,28281,159012.9,2024,2
10,4161051000,1332687,경기도 광주시 경안동,28179,150455.8,2024,2
11,4161051000,1421582,경기도 광주시 경안동,28148,147695.9,2024,2
12,4161051000,1880453,경기도 광주시 경안동,28096,147644.12,2024,2
1,4161051000,1380702,경기도 광주시 경안동,28038,168713.02,2025,2
2,4161051000,1605173,경기도 광주시 경안동,28015,149093.69,2025,2
3,4161051000,1819230,경기도 광주시 경안동,27985,154528.1,2025,2
4,4161051000,1509158,경기도 광주시 경안동,27957,146922.73,2025,2
5,4161051000,1548956,경기도 광주시 경안동,28019,150578.94,2025,2
6,4161051000,1572506,경기도 광주시 경안동,28049,144050.58,2025,2
7,4161052000,225145586,경기도 광주시 송정동,21282,119163.0,2023,2
8,4161052000,30175920,경기도 광주시 송정동,21246,116087.54,2023,2
9,4161052000,4244547,경기도 광주시 송정동,21252,120032.91,2023,2
10,4161052000,4828610,경기도 광주시 송정동,21265,118189.73,2023,2
11,4161052000,4139346,경기도 광주시 송정동,21224,117853.09,2023,2
12,4161052000,5800646,경기도 광주시 송정동,21202,115879.34,2023,2
1,4161052000,3535382,경기도 광주시 송정동,21101,107959.65,2024,2
2,4161052000,3483667,경기도 광주시 송정동,21017,102396.92,2024,2
3,4161052000,2390458,경기도 광주시 송정동,20983,120515.01,2024,2
4,4161052000,3594820,경기도 광주시 송정동,20920,119695.58,2024,2
5,4161052000,3537721,경기도 광주시 송정동,20902,120863.93,2024,2
6,4161052000,4083701,경기도 광주시 송정동,21286,120118.42,2024,2
7,4161052000,4196684,경기도 광주시 송정동,22215,126282.92,2024,2
8,4161052000,3859018,경기도 광주시 송정동,22666,121812.52,2024,2
9,4161052000,4310593,경기도 광주시 송정동,22719,132908.73,2024,2
10,4161052000,3626103,경기도 광주시 송정동,22741,127496.6,2024,2
11,4161052000,3677925,경기도 광주시 송정동,22827,125070.51,2024,2
12,4161052000,5151033,경기도 광주시 송정동,22818,120675.45,2024,2
1,4161052000,3134039,경기도 광주시 송정동,22788,123836.14,2025,2
2,4161052000,2617180,경기도 광주시 송정동,22811,113692.13,2025,2
3,4161052000,2994113,경기도 광주시 송정동,22792,128607.58,2025,2
4,4161052000,2523996,경기도 광주시 송정동,22774,123902.7,2025,2
5,4161052000,3129753,경기도 광주시 송정동,22826,124807.32,2025,2
6,4161052000,3028771,경기도 광주시 송정동,22862,125778.49,2025,2
7,4163051000,10871572,경기도 양주시 양주1동,4842,7096.76,2023,1
8,4163051000,981265,경기도 양주시 양주1동,4831,7024.45,2023,1
9,4163051000,144148,경기도 양주시 양주1동,4815,7490.95,2023,1
10,4163051000,271336,경기도 양주시 양주1동,4801,7629.3,2023,1
11,4163051000,155688,경기도 양주시 양주1동,4786,6880.62,2023,1
12,4163051000,230943,경기도 양주시 양주1동,4780,6245.35,2023,1
1,4163051000,287162,경기도 양주시 양주1동,4754,6159.48,2024,1
2,4163051000,189379,경기도 양주시 양주1동,4716,5920.65,2024,1
3,4163051000,97098,경기도 양주시 양주1동,4693,6770.82,2024,1
4,4163051000,161694,경기도 양주시 양주1동,4698,7132.06,2024,1
5,4163051000,178856,경기도 양주시 양주1동,4676,7151.22,2024,1
6,4163051000,162914,경기도 양주시 양주1동,4664,6623.19,2024,1
7,4163051000,201640,경기도 양주시 양주1동,4630,6759.79,2024,1
8,4163051000,90278,경기도 양주시 양주1동,4609,6420.25,2024,1
9,4163051000,213904,경기도 양주시 양주1동,4597,7150.51,2024,1
10,4163051000,108090,경기도 양주시 양주1동,4579,6650.03,2024,1
11,4163051000,60022,경기도 양주시 양주1동,4550,6217.58,2024,1
12,4163051000,81466,경기도 양주시 양주1동,4538,5680.78,2024,1
1,4163051000,353720,경기도 양주시 양주1동,4514,6053.36,2025,1
2,4163051000,85516,경기도 양주시 양주1동,4504,5738.74,2025,1
3,4163051000,133787,경기도 양주시 양주1동,4500,6090.67,2025,1
4,4163051000,163313,경기도 양주시 양주1동,4479,6382.29,2025,1
5,4163051000,196518,경기도 양주시 양주1동,4474,6546.87,2025,1
6,4163051000,177129,경기도 양주시 양주1동,4482,5962.15,2025,1
7,4163052000,241041682,경기도 양주시 양주2동,50769,197129.34,2023,1
8,4163052000,21372026,경기도 양주시 양주2동,50696,177950.86,2023,1
9,4163052000,1103278,경기도 양주시 양주2동,50722,191376.55,2023,1
10,4163052000,2320752,경기도 양주시 양주2동,50697,196884.69,2023,1
11,4163052000,2519595,경기도 양주시 양주2동,50649,182345.5,2023,1
12,4163052000,4194450,경기도 양주시 양주2동,50618,183521.16,2023,1
1,4163052000,1508400,경기도 양주시 양주2동,50517,190681.5,2024,1
2,4163052000,1524859,경기도 양주시 양주2동,50185,172155.27,2024,1
3,4163052000,989652,경기도 양주시 양주2동,49866,202255.47,2024,1
4,4163052000,1148514,경기도 양주시 양주2동,49771,190449.48,2024,1
5,4163052000,942550,경기도 양주시 양주2동,49697,186794.95,2024,1
6,4163052000,1715106,경기도 양주시 양주2동,49583,182704.42,2024,1
7,4163052000,1725263,경기도 양주시 양주2동,49436,181931.98,2024,1
8,4163052000,1256398,경기도 양주시 양주2동,49375,189314.06,2024,1
9,4163052000,1771879,경기도 양주시 양주2동,49406,215943.73,2024,1
10,4163052000,1393564,경기도 양주시 양주2동,49364,202677.25,2024,1
11,4163052000,1692687,경기도 양주시 양주2동,49288,193947.64,2024,1
12,4163052000,2562255,경기도 양주시 양주2동,49331,188808.6,2024,1
1,4163052000,1554374,경기도 양주시 양주2동,49318,193383.1,2025,1
2,4163052000,968426,경기도 양주시 양주2동,49268,174280.75,2025,1
3,4163052000,1097094,경기도 양주시 양주2동,49233,194587.44,2025,1
4,4163052000,792957,경기도 양주시 양주2동,49202,191502.84,2025,1
5,4163052000,1291651,경기도 양주시 양주2동,49121,200000.05,2025,1
6,4163052000,1334350,경기도 양주시 양주2동,49093,189324.77,2025,1
7,4163053000,22826327,경기도 양주시 회천1동,9232,71090.38,2023,1
8,4163053000,2305830,경기도 양주시 회천1동,9205,76578.65,2023,1
9,4163053000,358077,경기도 양주시 회천1동,9178,70867.74,2023,1
10,4163053000,1199142,경기도 양주시 회천1동,9121,72739.37,2023,1
11,4163053000,934757,경기도 양주시 회천1동,9078,57891.61,2023,1
12,4163053000,1567606,경기도 양주시 회천1동,9044,63532.19,2023,1
1,4163053000,1141734,경기도 양주시 회천1동,9028,65282.09,2024,1
2,4163053000,797030,경기도 양주시 회천1동,8954,63934.12,2024,1
3,4163053000,687988,경기도 양주시 회천1동,8917,76759.46,2024,1
4,4163053000,1031053,경기도 양주시 회천1동,8878,71355.84,2024,1
5,4163053000,744362,경기도 양주시 회천1동,8842,78935.08,2024,1
6,4163053000,870040,경기도 양주시 회천1동,8825,68451.7,2024,1
7,4163053000,1071378,경기도 양주시 회천1동,8760,67248.33,2024,1
8,4163053000,760355,경기도 양주시 회천1동,8758,67868.97,2024,1
9,4163053000,890993,경기도 양주시 회천1동,8721,75994.44,2024,1
10,4163053000,644821,경기도 양주시 회천1동,8727,78828.62,2024,1
11,4163053000,585802,경기도 양주시 회천1동,8692,64724.86,2024,1
12,4163053000,1083717,경기도 양주시 회천1동,8694,66186.21,2024,1
1,4163053000,781723,경기도 양주시 회천1동,8693,72963.08,2025,1
2,4163053000,646947,경기도 양주시 회천1동,8665,67488.39,2025,1
3,4163053000,819196,경기도 양주시 회천1동,8668,69499.24,2025,1
4,4163053000,575604,경기도 양주시 회천1동,8640,76837.9,2025,1
5,4163053000,644417,경기도 양주시 회천1동,8679,75115.85,2025,1
6,4163053000,715524,경기도 양주시 회천1동,8675,72563.06,2025,1
7,4163054000,73071811,경기도 양주시 회천2동,32826,132980.52,2023,1
8,4163054000,5889798,경기도 양주시 회천2동,33152,122990.18,2023,1
9,4163054000,298501,경기도 양주시 회천2동,33518,123826.07,2023,1
10,4163054000,1035959,경기도 양주시 회천2동,34352,146917.4,2023,1
11,4163054000,1021691,경기도 양주시 회천2동,35233,170335.98,2023,1
12,4163054000,1115278,경기도 양주시 회천2동,36591,162461.56,2023,1
1,4163054000,1090814,경기도 양주시 회천2동,37772,157212.98,2024,1
2,4163054000,616985,경기도 양주시 회천2동,40028,168789.66,2024,1
3,4163054000,490311,경기도 양주시 회천2동,41345,182685.55,2024,1
4,4163054000,856027,경기도 양주시 회천2동,41921,169736.67,2024,1
5,4163054000,705765,경기도 양주시 회천2동,42377,171156.62,2024,1
6,4163054000,1051494,경기도 양주시 회천2동,42671,178019.66,2024,1
7,4163054000,1086053,경기도 양주시 회천2동,43578,184174.48,2024,1
8,4163054000,718799,경기도 양주시 회천2동,44365,188748.52,2024,1
9,4163054000,871390,경기도 양주시 회천2동,44697,193656.2,2024,1
10,4163054000,894666,경기도 양주시 회천2동,44957,184211.23,2024,1
11,4163054000,854553,경기도 양주시 회천2동,45108,180329.34,2024,1
12,4163054000,1010226,경기도 양주시 회천2동,45211,186666.94,2024,1
1,4163054000,544129,경기도 양주시 회천2동,45329,195897.05,2025,1
2,4163054000,736595,경기도 양주시 회천2동,45572,173543.44,2025,1
3,4163054000,585489,경기도 양주시 회천2동,45809,188979.88,2025,1
4,4163054000,604402,경기도 양주시 회천2동,45920,181454.02,2025,1
5,4163054000,737217,경기도 양주시 회천2동,45973,198209.23,2025,1
6,4163054000,855050,경기도 양주시 회천2동,46083,182414.19,2025,1
7,4163055000,85688799,경기도 양주시 회천3동,25614,149680.66,2023,1
8,4163055000,8656092,경기도 양주시 회천3동,25606,136579.92,2023,1
9,4163055000,247820,경기도 양주시 회천3동,25531,138852.03,2023,1
10,4163055000,603122,경기도 양주시 회천3동,25505,139230.23,2023,1
11,4163055000,628136,경기도 양주시 회천3동,25475,138622.27,2023,1
12,4163055000,923532,경기도 양주시 회천3동,25469,136421.94,2023,1
1,4163055000,543248,경기도 양주시 회천3동,25442,142436.17,2024,1
2,4163055000,355914,경기도 양주시 회천3동,25268,134579.16,2024,1
3,4163055000,319442,경기도 양주시 회천3동,25003,154190.98,2024,1
4,4163055000,498556,경기도 양주시 회천3동,24938,141341.94,2024,1
5,4163055000,370016,경기도 양주시 회천3동,24863,137296.44,2024,1
6,4163055000,459796,경기도 양주시 회천3동,24812,138707.55,2024,1
7,4163055000,599856,경기도 양주시 회천3동,24849,137411.25,2024,1
8,4163055000,513846,경기도 양주시 회천3동,24848,139537.69,2024,1
9,4163055000,566250,경기도 양주시 회천3동,24881,151027.23,2024,1
10,4163055000,462942,경기도 양주시 회천3동,24908,141518.62,2024,1
11,4163055000,462076,경기도 양주시 회천3동,24949,161275.3,2024,1
12,4163055000,730434,경기도 양주시 회천3동,24986,156207.81,2024,1
1,4163055000,301964,경기도 양주시 회천3동,25002,156860.56,2025,1
2,4163055000,356684,경기도 양주시 회천3동,24940,139552.31,2025,1
3,4163055000,472636,경기도 양주시 회천3동,24929,158730.45,2025,1
4,4163055000,416836,경기도 양주시 회천3동,24892,148069.2,2025,1
5,4163055000,478924,경기도 양주시 회천3동,24861,152283.36,2025,1
6,4163055000,674092,경기도 양주시 회천3동,24900,150205.75,2025,1
7,4165051000,61790676,경기도 포천시 포천동,19340,31341.94,2023,1
8,4165051000,8389337,경기도 포천시 포천동,19338,26938.52,2023,1
9,4165051000,1278147,경기도 포천시 포천동,19366,26868.51,2023,1
10,4165051000,1282199,경기도 포천시 포천동,19295,27033.66,2023,1
11,4165051000,1259369,경기도 포천시 포천동,19323,26430.23,2023,1
12,4165051000,1557523,경기도 포천시 포천동,19242,26491.47,2023,1
1,4165051000,1676880,경기도 포천시 포천동,18971,26922.48,2024,1
2,4165051000,971339,경기도 포천시 포천동,18895,25078.03,2024,1
3,4165051000,619203,경기도 포천시 포천동,19064,28713.85,2024,1
4,4165051000,906900,경기도 포천시 포천동,19199,28643.94,2024,1
5,4165051000,710346,경기도 포천시 포천동,19228,27121.02,2024,1
6,4165051000,993361,경기도 포천시 포천동,19293,26358.67,2024,1
7,4165051000,1264874,경기도 포천시 포천동,19299,27818.08,2024,1
8,4165051000,905864,경기도 포천시 포천동,19324,27533.31,2024,1
9,4165051000,1581524,경기도 포천시 포천동,19302,29904.02,2024,1
10,4165051000,1479275,경기도 포천시 포천동,19320,27718.09,2024,1
11,4165051000,1451135,경기도 포천시 포천동,19348,27051.48,2024,1
12,4165051000,1738509,경기도 포천시 포천동,19330,26873.88,2024,1
1,4165051000,1292005,경기도 포천시 포천동,19269,28377.55,2025,1
2,4165051000,1470680,경기도 포천시 포천동,19231,25453.77,2025,1
3,4165051000,1747101,경기도 포천시 포천동,19276,27616.47,2025,1
4,4165051000,1632290,경기도 포천시 포천동,19220,27571.09,2025,1
5,4165051000,1803902,경기도 포천시 포천동,19207,28130.66,2025,1
6,4165051000,2117111,경기도 포천시 포천동,19191,26820.88,2025,1
7,4165052000,16153576,경기도 포천시 선단동,14553,38935.73,2023,1
8,4165052000,2020217,경기도 포천시 선단동,14530,37139.73,2023,1
9,4165052000,692724,경기도 포천시 선단동,14513,43411.6,2023,1
10,4165052000,663112,경기도 포천시 선단동,14489,41610.19,2023,1
11,4165052000,534670,경기도 포천시 선단동,14408,41563.82,2023,1
12,4165052000,802586,경기도 포천시 선단동,14375,37047.34,2023,1
1,4165052000,565126,경기도 포천시 선단동,14338,36289.8,2024,1
2,4165052000,400524,경기도 포천시 선단동,14274,35167.34,2024,1
3,4165052000,401585,경기도 포천시 선단동,14255,46686.14,2024,1
4,4165052000,401544,경기도 포천시 선단동,14232,43755.98,2024,1
5,4165052000,367678,경기도 포천시 선단동,14196,43319.87,2024,1
6,4165052000,450158,경기도 포천시 선단동,14171,39826.47,2024,1
7,4165052000,630319,경기도 포천시 선단동,14143,37716.75,2024,1
8,4165052000,385146,경기도 포천시 선단동,14129,38604.71,2024,1
9,4165052000,473527,경기도 포천시 선단동,14146,48906.13,2024,1
10,4165052000,316298,경기도 포천시 선단동,14129,43246.31,2024,1
11,4165052000,416507,경기도 포천시 선단동,14124,42197.6,2024,1
12,4165052000,514408,경기도 포천시 선단동,14088,39427.8,2024,1
1,4165052000,339631,경기도 포천시 선단동,14024,39901.01,2025,1
2,4165052000,407585,경기도 포천시 선단동,13984,37990.46,2025,1
3,4165052000,303874,경기도 포천시 선단동,13975,46625.49,2025,1
4,4165052000,296942,경기도 포천시 선단동,13959,44147.15,2025,1
5,4165052000,415340,경기도 포천시 선단동,13967,43046.31,2025,1
6,4165052000,466083,경기도 포천시 선단동,13939,40156.22,2025,1
7,4167051000,161945256,경기도 여주시 여흥동,20903,30680.67,2023,2
8,4167051000,19703245,경기도 여주시 여흥동,20861,30635.84,2023,2
9,4167051000,2105125,경기도 여주시 여흥동,20907,31721.39,2023,2
10,4167051000,1921418,경기도 여주시 여흥동,20905,33775.78,2023,2
11,4167051000,1310529,경기도 여주시 여흥동,20879,30351.32,2023,2
12,4167051000,1973207,경기도 여주시 여흥동,20917,29047.01,2023,2
1,4167051000,1793668,경기도 여주시 여흥동,20975,27006.25,2024,2
2,4167051000,2398096,경기도 여주시 여흥동,20999,27441.08,2024,2
3,4167051000,1436992,경기도 여주시 여흥동,20875,30758.75,2024,2
4,4167051000,1252165,경기도 여주시 여흥동,20770,30477.82,2024,2
5,4167051000,781787,경기도 여주시 여흥동,20787,32169.02,2024,2
6,4167051000,1080506,경기도 여주시 여흥동,20782,30947.62,2024,2
7,4167051000,1513607,경기도 여주시 여흥동,20773,30054.87,2024,2
8,4167051000,1153750,경기도 여주시 여흥동,20770,30057.16,2024,2
9,4167051000,1580500,경기도 여주시 여흥동,20746,32451.46,2024,2
10,4167051000,1270104,경기도 여주시 여흥동,20693,32428.89,2024,2
11,4167051000,1194547,경기도 여주시 여흥동,20687,30336.26,2024,2
12,4167051000,1721429,경기도 여주시 여흥동,20632,28457.43,2024,2
1,4167051000,1033335,경기도 여주시 여흥동,20628,29002.72,2025,2
2,4167051000,1620125,경기도 여주시 여흥동,20638,26447.3,2025,2
3,4167051000,2011561,경기도 여주시 여흥동,20634,30102.38,2025,2
4,4167051000,868560,경기도 여주시 여흥동,20625,29643.88,2025,2
5,4167051000,1153624,경기도 여주시 여흥동,20642,32233.51,2025,2
6,4167051000,1247718,경기도 여주시 여흥동,20644,29191.89,2025,2
7,4167052000,108140612,경기도 여주시 중앙동,23287,23533.79,2023,2
8,4167052000,13175624,경기도 여주시 중앙동,23541,23806.94,2023,2
9,4167052000,1177764,경기도 여주시 중앙동,23824,24317.0,2023,2
10,4167052000,1007108,경기도 여주시 중앙동,24050,24607.59,2023,2
11,4167052000,805676,경기도 여주시 중앙동,24174,23757.97,2023,2
12,4167052000,908037,경기도 여주시 중앙동,24255,23446.78,2023,2
1,4167052000,964015,경기도 여주시 중앙동,24269,22292.2,2024,2
2,4167052000,777732,경기도 여주시 중앙동,24352,22579.76,2024,2
3,4167052000,547012,경기도 여주시 중앙동,24729,25531.26,2024,2
4,4167052000,801944,경기도 여주시 중앙동,25008,25694.66,2024,2
5,4167052000,860240,경기도 여주시 중앙동,25093,26495.12,2024,2
6,4167052000,837128,경기도 여주시 중앙동,25182,25334.61,2024,2
7,4167052000,892532,경기도 여주시 중앙동,25222,24974.55,2024,2
8,4167052000,618497,경기도 여주시 중앙동,25280,24479.14,2024,2
9,4167052000,723069,경기도 여주시 중앙동,25326,27030.14,2024,2
10,4167052000,590928,경기도 여주시 중앙동,25394,26101.62,2024,2
11,4167052000,575994,경기도 여주시 중앙동,25372,25297.76,2024,2
12,4167052000,1025928,경기도 여주시 중앙동,25405,24543.11,2024,2
1,4167052000,579960,경기도 여주시 중앙동,25416,24930.7,2025,2
2,4167052000,339586,경기도 여주시 중앙동,25383,22666.06,2025,2
3,4167052000,328560,경기도 여주시 중앙동,25390,25534.24,2025,2
4,4167052000,334472,경기도 여주시 중앙동,25426,25158.08,2025,2
5,4167052000,449424,경기도 여주시 중앙동,25411,25439.46,2025,2
6,4167052000,387206,경기도 여주시 중앙동,25381,23919.55,2025,2
7,4167053000,106424516,경기도 여주시 오학동,18075,64673.16,2023,2
8,4167053000,14166342,경기도 여주시 오학동,18052,62918.33,2023,2
9,4167053000,341440,경기도 여주시 오학동,18001,63371.73,2023,2
10,4167053000,399418,경기도 여주시 오학동,18013,68921.64,2023,2
11,4167053000,407414,경기도 여주시 오학동,17999,61253.25,2023,2
12,4167053000,708686,경기도 여주시 오학동,18004,61648.9,2023,2
1,4167053000,190044,경기도 여주시 오학동,17981,58155.03,2024,2
2,4167053000,144924,경기도 여주시 오학동,17930,60746.27,2024,2
3,4167053000,124916,경기도 여주시 오학동,17860,60875.13,2024,2
4,4167053000,246926,경기도 여주시 오학동,17826,60408.29,2024,2
5,4167053000,367101,경기도 여주시 오학동,17898,66272.14,2024,2
6,4167053000,567938,경기도 여주시 오학동,17945,61075.02,2024,2
7,4167053000,558674,경기도 여주시 오학동,18002,63080.24,2024,2
8,4167053000,487472,경기도 여주시 오학동,18044,62408.99,2024,2
9,4167053000,525580,경기도 여주시 오학동,18086,66380.98,2024,2
10,4167053000,435858,경기도 여주시 오학동,18158,65318.84,2024,2
11,4167053000,501964,경기도 여주시 오학동,18171,60514.76,2024,2
12,4167053000,1545283,경기도 여주시 오학동,18187,59871.34,2024,2
1,4167053000,110050,경기도 여주시 오학동,18245,63121.92,2025,2
2,4167053000,63164,경기도 여주시 오학동,18208,57216.81,2025,2
3,4167053000,119778,경기도 여주시 오학동,18222,74042.89,2025,2
4,4167053000,79864,경기도 여주시 오학동,18229,61845.05,2025,2
5,4167053000,462451,경기도 여주시 오학동,18213,70867.16,2025,2
6,4167053000,344694,경기도 여주시 오학동,18246,60301.17,2025,2
